Edad,Tipo_Ocupacion,Formalidad_Laboral,Antiguedad_Laboral_Meses,Ingreso_Mensual,Variabilidad_Ingreso,Antiguedad_Laboral_Años,Tipo_Cotizante,Meses_Cotizados_12M,IBC_Aproximado,Antiguedad_Crediticia_Meses,Numero_Productos_Financieros,Numero_Prestamos,Tiene_Tarjeta_Credito,Limite_Tarjeta,Saldo_Tarjeta,Utilizacion_Credito,Deuda_Pendiente,Ratio_Deuda_Ingreso,Comportamiento_Pago_Tarjeta,Monto_Pagado_Tarjeta,Numero_Retrasos_12M,Dias_Mora_Promedio,Consultas_Credito_6M,Credit_Score
26,Dependiente,Formal,65,1949000.0,0.083,5.4,Dependiente,12,1842000.0,50,2,0,0,0.0,0.0,0.0,0.0,0.0,No aplica,0.0,0,0.0,1,Poor
42,Desempleado,No aplica,0,468000.0,0.728,0.0,Sin cotizacion,0,0.0,125,1,0,1,741000.0,355000.0,0.479,355000.0,0.063,Pago mínimo,52000.0,1,12.5,0,Poor
27,Independiente,Formal,106,4514000.0,0.521,8.8,Independiente,9,1853000.0,100,3,2,1,6472000.0,2351000.0,0.363,19539000.0,0.361,Pago superior al mínimo,1093000.0,1,9.1,1,Standard
31,Independiente,Informal,27,1652000.0,0.371,2.2,Sin cotizacion,0,0.0,5,1,0,0,0.0,0.0,0.0,0.0,0.0,No aplica,0.0,0,0.0,0,Good
34,Dependiente,Formal,49,3489000.0,0.079,4.1,Dependiente,11,3618000.0,51,3,1,1,5481000.0,1354000.0,0.247,11737000.0,0.28,Pago total,1200000.0,0,0.0,1,Poor
51,Dependiente,Formal,44,5567000.0,0.052,3.7,Dependiente,6,5334000.0,149,2,0,0,0.0,0.0,0.0,0.0,0.0,No aplica,0.0,0,0.0,0,Standard
44,Dependiente,Formal,39,3504000.0,0.084,3.2,Dependiente,11,3606000.0,266,2,1,1,6129000.0,1610000.0,0.263,5607000.0,0.133,Pago total,1293000.0,0,0.0,0,Good
40,Cuenta propia,Informal,20,1107000.0,0.493,1.7,Sin cotizacion,0,0.0,230,3,0,0,0.0,0.0,0.0,0.0,0.0,No aplica,0.0,0,0.0,0,Good
21,Cuenta propia,Informal,36,1392000.0,0.482,3.0,Sin cotizacion,0,0.0,21,2,0,0,0.0,0.0,0.0,0.0,0.0,No aplica,0.0,0,0.0,1,Poor
46,Independiente,Formal,67,10851000.0,0.328,5.6,Independiente,8,4427000.0,239,5,1,1,13101000.0,4219000.0,0.322,18790000.0,0.144,Pago superior al mínimo,963000.0,0,0.0,1,Standard
36,Dependiente,Formal,130,7544000.0,0.032,10.8,Dependiente,12,7750000.0,177,4,2,1,24882000.0,18995000.0,0.763,82201000.0,0.908,Pago mínimo,1359000.0,2,9.4,5,Poor
49,Desempleado,No aplica,0,300000.0,0.858,0.0,Sin cotizacion,0,0.0,150,1,1,0,0.0,0.0,0.0,423000.0,0.118,No aplica,0.0,1,4.7,0,Standard
31,Cuenta propia,Formal,26,1427000.0,0.416,2.2,Independiente,12,557000.0,131,1,1,0,0.0,0.0,0.0,3848000.0,0.225,No aplica,0.0,1,3.7,1,Standard
23,Dependiente,Formal,46,4378000.0,0.06,3.8,Dependiente,11,4501000.0,33,2,1,1,6603000.0,1588000.0,0.24,7707000.0,0.147,Pago superior al mínimo,504000.0,0,0.0,0,Poor
52,Dependiente,Formal,32,4486000.0,0.113,2.7,Dependiente,12,4361000.0,288,2,2,1,3442000.0,1414000.0,0.411,14302000.0,0.266,Pago superior al mínimo,623000.0,1,7.4,5,Poor
30,Dependiente,Formal,43,5856000.0,0.251,3.6,Dependiente,11,5462000.0,5,4,1,1,7294000.0,3948000.0,0.541,11727000.0,0.167,Pago total,3832000.0,0,0.0,3,Standard
36,Dependiente,Formal,47,2182000.0,0.221,3.9,Dependiente,5,2055000.0,111,2,0,1,2523000.0,460000.0,0.182,460000.0,0.018,Pago total,460000.0,0,0.0,1,Good
33,Dependiente,Formal,85,2139000.0,0.153,7.1,Dependiente,11,2096000.0,141,1,0,1,1304000.0,260000.0,0.199,260000.0,0.01,Pago total,236000.0,1,4.0,0,Good
24,Dependiente,Formal,72,5573000.0,0.105,6.0,Dependiente,8,5214000.0,28,4,2,1,3846000.0,578000.0,0.15,20375000.0,0.305,Pago total,572000.0,0,0.0,3,Standard
50,Dependiente,Formal,87,2038000.0,0.11,7.2,Dependiente,11,2164000.0,280,3,1,0,0.0,0.0,0.0,1653000.0,0.068,No aplica,0.0,0,0.0,1,Standard
51,Independiente,Informal,52,3098000.0,0.245,4.3,Sin cotizacion,0,0.0,217,2,1,1,7530000.0,5246000.0,0.697,15417000.0,0.415,Pago superior al mínimo,2077000.0,1,0.5,1,Poor
61,Dependiente,Formal,109,3911000.0,0.098,9.1,Dependiente,4,3898000.0,143,2,0,0,0.0,0.0,0.0,0.0,0.0,No aplica,0.0,0,0.0,1,Good
35,Dependiente,Formal,81,4976000.0,0.09,6.8,Dependiente,9,5159000.0,150,4,1,1,5339000.0,502000.0,0.094,62287000.0,1.043,Pago total,450000.0,0,0.0,3,Standard
58,Dependiente,Formal,97,4249000.0,0.133,8.1,Dependiente,11,4383000.0,371,4,3,1,13504000.0,9299000.0,0.689,46839000.0,0.919,Pago mínimo,591000.0,2,6.5,2,Good
37,Dependiente,Informal,25,2273000.0,0.186,2.1,Sin cotizacion,0,0.0,113,2,0,1,2634000.0,1192000.0,0.453,1192000.0,0.044,Pago superior al mínimo,566000.0,1,2.5,1,Poor
44,Cuenta propia,Informal,10,1702000.0,0.357,0.8,Sin cotizacion,0,0.0,216,2,1,0,0.0,0.0,0.0,1869000.0,0.092,No aplica,0.0,0,0.0,0,Good
24,Dependiente,Informal,18,1219000.0,0.467,1.5,Sin cotizacion,0,0.0,55,1,0,0,0.0,0.0,0.0,0.0,0.0,No aplica,0.0,0,0.0,0,Standard
53,Dependiente,Formal,128,3703000.0,0.356,10.7,Dependiente,10,3704000.0,133,1,1,1,7518000.0,4425000.0,0.589,15915000.0,0.358,Pago superior al mínimo,2072000.0,1,9.3,1,Standard
33,Independiente,Formal,35,8061000.0,0.187,2.9,Independiente,11,3869000.0,131,4,2,1,17368000.0,8596000.0,0.495,20417000.0,0.211,Pago superior al mínimo,3987000.0,1,2.7,4,Standard
32,Dependiente,Formal,54,2974000.0,0.071,4.5,Dependiente,11,3271000.0,45,2,0,1,5044000.0,1433000.0,0.284,1433000.0,0.04,Pago total,1423000.0,0,0.0,1,Good
19,Cuenta propia,Informal,11,4475000.0,0.483,0.9,Sin cotizacion,0,0.0,2,5,1,1,4757000.0,717000.0,0.151,6148000.0,0.114,Pago total,691000.0,0,0.0,0,Standard
40,Dependiente,Formal,104,5122000.0,0.141,8.7,Dependiente,12,5407000.0,207,4,3,0,0.0,0.0,0.0,23117000.0,0.376,No aplica,0.0,1,1.5,1,Poor
38,Dependiente,Formal,64,4473000.0,0.076,5.3,Dependiente,10,4311000.0,185,4,1,1,10982000.0,5191000.0,0.473,22838000.0,0.425,Pago superior al mínimo,1047000.0,0,0.0,1,Good
43,Cuenta propia,Informal,23,1964000.0,0.601,1.9,Sin cotizacion,0,0.0,199,2,1,0,0.0,0.0,0.0,6184000.0,0.262,No aplica,0.0,4,22.7,0,Standard
62,Pensionado,No aplica,79,1884000.0,0.403,6.6,Pensionado,12,1965000.0,317,2,0,0,0.0,0.0,0.0,0.0,0.0,No aplica,0.0,0,0.0,1,Good
54,Cuenta propia,Informal,30,7496000.0,0.508,2.5,Sin cotizacion,0,0.0,244,2,0,1,6645000.0,4302000.0,0.647,4302000.0,0.048,Pago mínimo,523000.0,1,13.0,1,Poor
54,Dependiente,Formal,111,5702000.0,0.112,9.2,Dependiente,12,5303000.0,291,2,1,0,0.0,0.0,0.0,4509000.0,0.066,No aplica,0.0,0,0.0,2,Standard
39,Dependiente,Formal,91,3426000.0,0.348,7.6,Dependiente,12,3617000.0,72,3,1,0,0.0,0.0,0.0,11633000.0,0.283,No aplica,0.0,0,0.0,1,Standard
25,Independiente,Formal,46,10392000.0,0.312,3.8,Independiente,7,3325000.0,23,5,2,1,15968000.0,4448000.0,0.279,33421000.0,0.268,Pago total,3928000.0,1,4.5,2,Standard
29,Dependiente,Formal,39,4337000.0,0.212,3.2,Dependiente,12,4282000.0,18,5,1,1,11551000.0,10678000.0,0.924,23557000.0,0.453,Pago superior al mínimo,5160000.0,0,0.0,0,Poor
58,Dependiente,Informal,32,1250000.0,0.135,2.7,Sin cotizacion,0,0.0,136,2,0,0,0.0,0.0,0.0,0.0,0.0,No aplica,0.0,0,0.0,1,Good
36,Dependiente,Formal,25,2917000.0,0.149,2.1,Dependiente,10,3058000.0,17,3,1,0,0.0,0.0,0.0,3562000.0,0.102,No aplica,0.0,1,9.2,0,Good
52,Dependiente,Informal,42,4072000.0,0.286,3.5,Sin cotizacion,0,0.0,286,5,1,1,7898000.0,662000.0,0.084,8264000.0,0.169,Pago total,633000.0,0,0.0,3,Good
44,Cuenta propia,Informal,12,6383000.0,0.307,1.0,Sin cotizacion,0,0.0,169,5,0,1,7366000.0,2193000.0,0.298,2193000.0,0.029,Pago total,2107000.0,0,0.0,2,Standard
42,Dependiente,Formal,40,10887000.0,0.171,3.3,Dependiente,7,11055000.0,195,4,3,1,11156000.0,6487000.0,0.581,44697000.0,0.342,Pago superior al mínimo,1509000.0,0,0.0,2,Good
32,Independiente,Formal,39,3801000.0,0.624,3.2,Independiente,1,1296000.0,105,2,1,0,0.0,0.0,0.0,7111000.0,0.156,No aplica,0.0,0,0.0,1,Standard
53,Dependiente,Formal,93,5265000.0,0.095,7.8,Dependiente,12,5301000.0,296,2,0,1,11749000.0,8525000.0,0.726,8525000.0,0.135,Pago superior al mínimo,2892000.0,1,4.2,1,Good
30,Dependiente,Formal,37,2511000.0,0.052,3.1,Dependiente,8,2550000.0,85,4,3,1,6902000.0,2819000.0,0.408,9787000.0,0.325,Pago total,2512000.0,0,0.0,4,Good
36,Dependiente,Formal,40,2371000.0,0.176,3.3,Dependiente,6,2390000.0,168,2,2,0,0.0,0.0,0.0,5446000.0,0.191,No aplica,0.0,1,10.8,0,Standard
67,Dependiente,Formal,134,1869000.0,0.125,11.2,Dependiente,11,1839000.0,165,1,1,0,0.0,0.0,0.0,2473000.0,0.11,No aplica,0.0,0,0.0,0,Poor
46,Desempleado,No aplica,0,1665000.0,0.565,0.0,Sin cotizacion,0,0.0,176,2,2,0,0.0,0.0,0.0,3544000.0,0.177,No aplica,0.0,0,0.0,0,Good
37,Cuenta propia,Informal,44,9791000.0,0.457,3.7,Sin cotizacion,0,0.0,141,5,0,1,8858000.0,3215000.0,0.363,3215000.0,0.027,Pago superior al mínimo,1120000.0,1,2.9,2,Good
40,Cuenta propia,Informal,32,2235000.0,0.297,2.7,Sin cotizacion,0,0.0,205,3,2,1,3418000.0,1933000.0,0.566,8921000.0,0.333,Pago superior al mínimo,848000.0,0,0.0,2,Poor
36,Cuenta propia,Informal,32,3544000.0,0.527,2.7,Sin cotizacion,0,0.0,133,2,1,1,6571000.0,647000.0,0.098,8132000.0,0.191,Pago total,546000.0,0,0.0,1,Poor
46,Independiente,Formal,17,2947000.0,0.473,1.4,Independiente,8,1280000.0,131,2,1,1,3880000.0,1937000.0,0.499,15898000.0,0.45,Pago superior al mínimo,492000.0,0,0.0,1,Poor
36,Cuenta propia,Informal,35,2074000.0,0.216,2.9,Sin cotizacion,0,0.0,105,3,2,0,0.0,0.0,0.0,4007000.0,0.161,No aplica,0.0,0,0.0,1,Good
44,Dependiente,Formal,121,3545000.0,0.091,10.1,Dependiente,11,3707000.0,163,2,1,1,4993000.0,1649000.0,0.33,5261000.0,0.124,Pago total,1602000.0,0,0.0,0,Standard
45,Dependiente,Formal,40,5548000.0,0.051,3.3,Dependiente,7,5514000.0,216,2,2,1,10903000.0,2242000.0,0.206,24922000.0,0.374,Pago superior al mínimo,1010000.0,0,0.0,1,Standard
42,Dependiente,Formal,26,6469000.0,0.266,2.2,Dependiente,8,6862000.0,91,5,1,1,6354000.0,661000.0,0.104,5129000.0,0.066,Pago superior al mínimo,264000.0,1,9.2,0,Standard
40,Dependiente,Formal,17,3509000.0,0.155,1.4,Dependiente,10,3487000.0,186,3,1,0,0.0,0.0,0.0,8226000.0,0.195,No aplica,0.0,0,0.0,2,Good
30,Dependiente,Formal,33,6592000.0,0.161,2.8,Dependiente,11,6463000.0,104,2,1,1,10497000.0,6044000.0,0.576,19362000.0,0.245,Pago superior al mínimo,1322000.0,0,0.0,2,Good
29,Dependiente,Formal,26,6506000.0,0.22,2.2,Dependiente,12,6859000.0,71,2,1,0,0.0,0.0,0.0,18542000.0,0.237,No aplica,0.0,0,0.0,1,Poor
48,Cuenta propia,Informal,36,4179000.0,0.114,3.0,Sin cotizacion,0,0.0,190,2,1,1,4871000.0,2054000.0,0.422,37842000.0,0.755,Pago superior al mínimo,854000.0,2,5.1,0,Standard
33,Dependiente,Formal,87,2711000.0,0.345,7.2,Dependiente,11,2854000.0,64,3,2,0,0.0,0.0,0.0,11265000.0,0.346,No aplica,0.0,2,22.0,2,Standard
43,Dependiente,Informal,45,1857000.0,0.117,3.8,Sin cotizacion,0,0.0,140,2,0,1,2565000.0,582000.0,0.227,582000.0,0.026,Pago total,478000.0,0,0.0,0,Good
33,Dependiente,Informal,19,1497000.0,0.355,1.6,Sin cotizacion,0,0.0,108,1,1,0,0.0,0.0,0.0,2107000.0,0.117,No aplica,0.0,1,8.3,0,Standard
27,Dependiente,Formal,108,4893000.0,0.281,9.0,Dependiente,12,4772000.0,23,3,1,1,12179000.0,5853000.0,0.481,24144000.0,0.411,Pago superior al mínimo,1867000.0,2,5.0,2,Good
36,Cuenta propia,Informal,4,876000.0,0.175,0.3,Sin cotizacion,0,0.0,124,1,1,0,0.0,0.0,0.0,1738000.0,0.165,No aplica,0.0,0,0.0,0,Good
33,Dependiente,Formal,45,4638000.0,0.187,3.8,Dependiente,9,4496000.0,114,2,1,1,10081000.0,2354000.0,0.234,10692000.0,0.192,Pago superior al mínimo,1064000.0,0,0.0,3,Standard
31,Desempleado,No aplica,0,0.0,0.721,0.0,Sin cotizacion,0,0.0,73,2,1,1,1249000.0,333000.0,0.267,333000.0,2.0,Pago mínimo,18000.0,4,42.7,2,Poor
41,Cuenta propia,Formal,52,1012000.0,0.543,4.3,Independiente,10,476000.0,198,1,0,0,0.0,0.0,0.0,0.0,0.0,No aplica,0.0,0,0.0,0,Poor
31,Dependiente,Formal,90,3389000.0,0.092,7.5,Dependiente,11,3375000.0,49,3,1,1,4757000.0,3657000.0,0.769,14698000.0,0.361,Pago mínimo,415000.0,2,2.3,2,Poor
46,Dependiente,Formal,26,2301000.0,0.027,2.2,Dependiente,12,2301000.0,294,3,0,1,5659000.0,1220000.0,0.216,1220000.0,0.044,Pago total,1111000.0,0,0.0,2,Good
45,Cuenta propia,Informal,30,2367000.0,0.64,2.5,Sin cotizacion,0,0.0,177,1,1,0,0.0,0.0,0.0,2550000.0,0.09,No aplica,0.0,1,11.3,0,Poor
45,Independiente,Formal,103,4998000.0,0.596,8.6,Independiente,12,1949000.0,49,2,2,0,0.0,0.0,0.0,10981000.0,0.183,No aplica,0.0,1,10.1,2,Standard
25,Independiente,Informal,48,5094000.0,0.367,4.0,Sin cotizacion,0,0.0,29,3,1,1,4895000.0,858000.0,0.175,5135000.0,0.084,Pago total,751000.0,0,0.0,1,Good
57,Cuenta propia,Informal,18,6575000.0,0.137,1.5,Sin cotizacion,0,0.0,135,4,1,1,7203000.0,2937000.0,0.408,9368000.0,0.119,Pago superior al mínimo,775000.0,0,0.0,1,Poor
39,Dependiente,Formal,81,2306000.0,0.128,6.8,Dependiente,10,2428000.0,106,3,1,0,0.0,0.0,0.0,9603000.0,0.347,No aplica,0.0,0,0.0,4,Poor
54,Dependiente,Formal,48,4681000.0,0.238,4.0,Dependiente,10,5082000.0,299,4,1,1,11102000.0,7028000.0,0.633,13756000.0,0.245,Pago superior al mínimo,1755000.0,1,16.4,3,Standard
29,Dependiente,Informal,20,660000.0,0.385,1.7,Sin cotizacion,0,0.0,64,1,0,0,0.0,0.0,0.0,0.0,0.0,No aplica,0.0,0,0.0,1,Standard
41,Cuenta propia,Informal,26,3912000.0,0.431,2.2,Sin cotizacion,0,0.0,120,1,1,1,5081000.0,1297000.0,0.255,3748000.0,0.08,Pago total,1256000.0,0,0.0,0,Poor
60,Cuenta propia,Informal,78,4980000.0,0.253,6.5,Sin cotizacion,0,0.0,392,4,1,1,3686000.0,1067000.0,0.289,14477000.0,0.242,Pago superior al mínimo,249000.0,0,0.0,2,Good
72,Independiente,Formal,138,777000.0,0.481,11.5,Independiente,12,313000.0,357,2,1,0,0.0,0.0,0.0,1735000.0,0.186,No aplica,0.0,1,11.4,1,Good
20,Dependiente,Formal,24,2512000.0,0.24,2.0,Dependiente,8,2755000.0,14,3,1,0,0.0,0.0,0.0,3754000.0,0.125,No aplica,0.0,0,0.0,3,Poor
38,Dependiente,Formal,34,2411000.0,0.279,2.8,Dependiente,6,2358000.0,170,1,0,1,4169000.0,1357000.0,0.325,1357000.0,0.047,Pago superior al mínimo,664000.0,0,0.0,1,Good
33,Dependiente,Formal,101,2932000.0,0.185,8.4,Dependiente,10,2899000.0,111,4,1,1,4221000.0,1184000.0,0.281,5061000.0,0.144,Pago total,994000.0,0,0.0,0,Good
23,Independiente,Formal,59,2365000.0,0.335,4.9,Independiente,7,1010000.0,41,2,2,1,4728000.0,2832000.0,0.599,12401000.0,0.437,Pago superior al mínimo,1179000.0,0,0.0,4,Poor
41,Independiente,Informal,43,2656000.0,0.206,3.6,Sin cotizacion,0,0.0,188,2,1,1,4397000.0,534000.0,0.121,6105000.0,0.192,Pago total,487000.0,1,6.0,1,Good
19,Desempleado,No aplica,0,0.0,0.446,0.0,Sin cotizacion,0,0.0,2,1,0,0,0.0,0.0,0.0,0.0,0.0,No aplica,0.0,0,0.0,0,Good
42,Dependiente,Formal,43,5866000.0,0.159,3.6,Dependiente,10,5674000.0,257,2,1,1,10626000.0,7818000.0,0.736,23050000.0,0.327,Pago mínimo,684000.0,1,17.8,0,Standard
52,Dependiente,Formal,93,2663000.0,0.093,7.8,Dependiente,12,2733000.0,349,3,0,0,0.0,0.0,0.0,0.0,0.0,No aplica,0.0,0,0.0,1,Good
53,Independiente,Formal,95,3698000.0,0.562,7.9,Independiente,8,1403000.0,305,1,0,1,3804000.0,1930000.0,0.507,1930000.0,0.043,Pago superior al mínimo,915000.0,2,16.0,1,Good
58,Cuenta propia,Informal,33,5913000.0,0.574,2.8,Sin cotizacion,0,0.0,98,3,0,0,0.0,0.0,0.0,0.0,0.0,No aplica,0.0,0,0.0,0,Good
46,Independiente,Formal,87,3628000.0,0.266,7.2,Independiente,11,1227000.0,173,1,0,1,7237000.0,3048000.0,0.421,3048000.0,0.07,Pago total,2459000.0,0,0.0,1,Standard
29,Cuenta propia,Informal,11,6536000.0,0.757,0.9,Sin cotizacion,0,0.0,57,2,1,1,22609000.0,11511000.0,0.509,15705000.0,0.2,Pago superior al mínimo,4951000.0,1,7.4,1,Poor
37,Dependiente,Formal,86,6803000.0,0.202,7.2,Dependiente,9,6329000.0,76,5,1,1,6072000.0,2279000.0,0.375,8942000.0,0.11,Pago total,2160000.0,1,8.9,3,Standard
53,Dependiente,Formal,45,3074000.0,0.159,3.8,Dependiente,9,3034000.0,292,3,0,1,2972000.0,937000.0,0.315,937000.0,0.025,Pago total,906000.0,0,0.0,1,Good
31,Dependiente,Formal,124,2028000.0,0.188,10.3,Dependiente,9,2062000.0,86,2,1,1,4081000.0,736000.0,0.18,3768000.0,0.155,Pago total,720000.0,3,22.2,0,Good
37,Dependiente,Formal,54,3489000.0,0.276,4.5,Dependiente,11,3299000.0,131,2,1,1,4763000.0,2132000.0,0.448,5064000.0,0.121,Pago total,1901000.0,0,0.0,0,Good
42,Dependiente,Formal,25,6321000.0,0.132,2.1,Dependiente,9,6366000.0,204,5,0,1,5780000.0,693000.0,0.12,693000.0,0.009,Pago total,648000.0,0,0.0,0,Good
25,Dependiente,Formal,84,2499000.0,0.132,7.0,Dependiente,12,2517000.0,42,3,0,1,2133000.0,1168000.0,0.548,1168000.0,0.039,Pago superior al mínimo,435000.0,0,0.0,1,Good
38,Independiente,Formal,68,7200000.0,0.344,5.7,Independiente,10,2832000.0,146,4,0,1,35334000.0,12348000.0,0.349,12348000.0,0.143,Pago superior al mínimo,4662000.0,1,7.2,3,Poor
22,Dependiente,Formal,48,5171000.0,0.235,4.0,Dependiente,10,4979000.0,37,3,1,1,3424000.0,1931000.0,0.564,16035000.0,0.258,Pago superior al mínimo,401000.0,1,6.3,2,Poor
33,Dependiente,Formal,66,2414000.0,0.095,5.5,Dependiente,5,2437000.0,108,3,0,1,1980000.0,912000.0,0.461,912000.0,0.031,Pago total,905000.0,0,0.0,1,Standard
47,Cuenta propia,Informal,8,1425000.0,0.577,0.7,Sin cotizacion,0,0.0,288,1,1,0,0.0,0.0,0.0,4420000.0,0.258,No aplica,0.0,4,59.6,0,Good
45,Dependiente,Formal,54,5341000.0,0.039,4.5,Dependiente,5,5311000.0,224,3,0,0,0.0,0.0,0.0,0.0,0.0,No aplica,0.0,0,0.0,0,Good
57,Independiente,Formal,66,4867000.0,0.127,5.5,Independiente,9,2138000.0,266,3,0,1,8243000.0,4727000.0,0.573,4727000.0,0.081,Pago mínimo,313000.0,2,11.4,0,Good
48,Independiente,Informal,48,1757000.0,0.278,4.0,Sin cotizacion,0,0.0,192,3,2,1,1493000.0,335000.0,0.224,5073000.0,0.241,Pago total,296000.0,1,13.2,1,Standard
30,Dependiente,Formal,70,2821000.0,0.093,5.8,Dependiente,12,2675000.0,109,2,0,1,3964000.0,505000.0,0.127,505000.0,0.015,Pago total,475000.0,0,0.0,0,Good
54,Dependiente,Formal,54,3865000.0,0.19,4.5,Dependiente,11,3883000.0,189,2,1,1,2819000.0,1215000.0,0.431,13111000.0,0.283,Pago total,1024000.0,0,0.0,2,Good
40,Dependiente,Formal,56,1823000.0,0.061,4.7,Dependiente,10,1730000.0,59,2,0,1,2181000.0,1367000.0,0.627,1367000.0,0.062,Pago superior al mínimo,321000.0,0,0.0,2,Standard
51,Dependiente,Formal,92,5631000.0,0.102,7.7,Dependiente,12,5578000.0,156,4,1,0,0.0,0.0,0.0,13051000.0,0.193,No aplica,0.0,2,7.4,4,Poor
55,Pensionado,No aplica,244,2016000.0,0.258,20.3,Pensionado,12,1950000.0,295,3,0,0,0.0,0.0,0.0,0.0,0.0,No aplica,0.0,0,0.0,0,Standard
50,Cuenta propia,Informal,14,329000.0,0.454,1.2,Sin cotizacion,0,0.0,135,1,1,0,0.0,0.0,0.0,766000.0,0.194,No aplica,0.0,3,33.7,0,Good
36,Independiente,Formal,69,3846000.0,0.23,5.8,Independiente,6,1397000.0,118,3,1,1,4418000.0,2286000.0,0.517,3471000.0,0.075,Pago superior al mínimo,1071000.0,1,10.1,0,Good
42,Cuenta propia,Informal,49,1296000.0,0.127,4.1,Sin cotizacion,0,0.0,200,2,1,1,1223000.0,416000.0,0.34,2700000.0,0.174,Pago superior al mínimo,156000.0,2,1.0,0,Standard
37,Cuenta propia,Informal,77,6745000.0,0.514,6.4,Sin cotizacion,0,0.0,59,3,1,0,0.0,0.0,0.0,9142000.0,0.113,No aplica,0.0,2,5.2,3,Poor
45,Dependiente,Informal,65,1922000.0,0.305,5.4,Sin cotizacion,0,0.0,100,2,0,0,0.0,0.0,0.0,0.0,0.0,No aplica,0.0,0,0.0,0,Good
38,Cuenta propia,Informal,9,969000.0,0.629,0.8,Sin cotizacion,0,0.0,54,2,1,0,0.0,0.0,0.0,1768000.0,0.152,No aplica,0.0,1,7.1,0,Standard
27,Dependiente,Formal,65,4012000.0,0.289,5.4,Dependiente,10,4011000.0,26,4,0,0,0.0,0.0,0.0,0.0,0.0,No aplica,0.0,0,0.0,2,Poor
43,Cuenta propia,Informal,9,1386000.0,0.613,0.8,Sin cotizacion,0,0.0,53,2,0,0,0.0,0.0,0.0,0.0,0.0,No aplica,0.0,0,0.0,0,Standard
30,Cuenta propia,Informal,74,1109000.0,0.703,6.2,Sin cotizacion,0,0.0,113,3,0,1,1600000.0,843000.0,0.527,843000.0,0.063,Pago mínimo,54000.0,4,6.1,0,Standard
46,Dependiente,Formal,73,4923000.0,0.045,6.1,Dependiente,11,4812000.0,67,3,1,1,4900000.0,799000.0,0.163,8266000.0,0.14,Pago mínimo,110000.0,2,3.7,1,Standard
25,Dependiente,Formal,84,1951000.0,0.331,7.0,Dependiente,9,2065000.0,36,2,1,0,0.0,0.0,0.0,1790000.0,0.076,No aplica,0.0,0,0.0,0,Standard
19,Dependiente,Formal,12,1499000.0,0.238,1.0,Dependiente,12,1570000.0,5,1,0,0,0.0,0.0,0.0,0.0,0.0,No aplica,0.0,0,0.0,1,Good
34,Dependiente,Formal,46,7519000.0,0.224,3.8,Dependiente,10,7761000.0,124,3,2,1,13057000.0,6770000.0,0.518,30966000.0,0.343,Pago total,5671000.0,0,0.0,2,Good
61,Desempleado,No aplica,0,0.0,0.783,0.0,Sin cotizacion,0,0.0,228,2,1,1,1040000.0,291000.0,0.28,291000.0,2.0,Pago irregular,15000.0,7,83.4,3,Poor
45,Cuenta propia,Informal,38,609000.0,0.334,3.2,Sin cotizacion,0,0.0,88,1,0,1,989000.0,356000.0,0.36,356000.0,0.049,Pago superior al mínimo,163000.0,1,3.3,0,Poor
36,Dependiente,Formal,117,3489000.0,0.055,9.8,Dependiente,6,3599000.0,86,2,2,0,0.0,0.0,0.0,25082000.0,0.599,No aplica,0.0,1,4.3,0,Poor
26,Dependiente,Informal,6,1650000.0,0.088,0.5,Sin cotizacion,0,0.0,10,1,0,0,0.0,0.0,0.0,0.0,0.0,No aplica,0.0,0,0.0,0,Standard
23,Dependiente,Formal,60,3573000.0,0.14,5.0,Dependiente,8,3592000.0,22,4,1,1,6352000.0,2373000.0,0.374,8895000.0,0.207,Pago total,2193000.0,0,0.0,0,Good
46,Dependiente,Formal,73,5275000.0,0.138,6.1,Dependiente,11,5550000.0,255,4,1,0,0.0,0.0,0.0,7278000.0,0.115,No aplica,0.0,0,0.0,3,Poor
54,Dependiente,Informal,5,3699000.0,0.39,0.4,Sin cotizacion,0,0.0,191,3,1,0,0.0,0.0,0.0,3290000.0,0.074,No aplica,0.0,2,5.5,0,Standard
20,Dependiente,Formal,24,1395000.0,0.234,2.0,Dependiente,11,1379000.0,12,1,0,0,0.0,0.0,0.0,0.0,0.0,No aplica,0.0,0,0.0,0,Standard
41,Cuenta propia,Informal,48,2118000.0,0.71,4.0,Sin cotizacion,0,0.0,87,1,0,1,3751000.0,1334000.0,0.356,1334000.0,0.052,Pago superior al mínimo,270000.0,1,9.0,2,Standard
46,Dependiente,Formal,67,1825000.0,0.096,5.6,Dependiente,12,1980000.0,217,3,0,0,0.0,0.0,0.0,0.0,0.0,No aplica,0.0,0,0.0,1,Good
33,Dependiente,Formal,48,7473000.0,0.176,4.0,Dependiente,11,7191000.0,163,4,2,1,17094000.0,9742000.0,0.57,150000000.0,1.673,Pago mínimo,1120000.0,0,0.0,1,Good
39,Independiente,Informal,16,2060000.0,0.722,1.3,Sin cotizacion,0,0.0,125,1,1,1,1363000.0,341000.0,0.25,8207000.0,0.332,Pago superior al mínimo,126000.0,3,18.3,3,Good
49,Dependiente,Formal,82,2157000.0,0.047,6.8,Dependiente,11,2060000.0,108,2,0,0,0.0,0.0,0.0,0.0,0.0,No aplica,0.0,0,0.0,2,Poor
42,Desempleado,No aplica,0,803000.0,0.631,0.0,Sin cotizacion,0,0.0,210,1,0,1,601000.0,210000.0,0.349,210000.0,0.022,Pago superior al mínimo,75000.0,4,57.1,0,Poor
35,Desempleado,No aplica,0,0.0,0.907,0.0,Sin cotizacion,0,0.0,40,1,0,0,0.0,0.0,0.0,0.0,0.0,No aplica,0.0,0,0.0,1,Poor
24,Dependiente,Formal,30,2418000.0,0.21,2.5,Dependiente,9,2283000.0,10,2,0,1,1562000.0,451000.0,0.289,451000.0,0.016,Pago superior al mínimo,132000.0,0,0.0,0,Good
38,Dependiente,Formal,128,5021000.0,0.347,10.7,Dependiente,7,4776000.0,66,2,2,0,0.0,0.0,0.0,22355000.0,0.371,No aplica,0.0,1,9.0,1,Poor
38,Dependiente,Formal,41,6481000.0,0.083,3.4,Dependiente,11,6059000.0,161,4,1,1,10203000.0,1475000.0,0.145,6629000.0,0.085,Pago total,1365000.0,0,0.0,0,Standard
29,Dependiente,Informal,54,2315000.0,0.073,4.5,Sin cotizacion,0,0.0,69,3,0,1,1950000.0,442000.0,0.227,442000.0,0.016,Pago superior al mínimo,91000.0,0,0.0,0,Poor
24,Dependiente,Formal,72,2649000.0,0.094,6.0,Dependiente,12,2672000.0,47,3,1,1,2832000.0,469000.0,0.166,2444000.0,0.077,Pago total,424000.0,2,7.1,1,Good
39,Independiente,Informal,37,4493000.0,0.652,3.1,Sin cotizacion,0,0.0,207,3,2,1,8072000.0,4558000.0,0.565,57808000.0,1.072,Pago irregular,120000.0,8,19.2,3,Poor
34,Dependiente,Formal,109,4649000.0,0.306,9.1,Dependiente,11,4808000.0,134,3,0,1,8878000.0,1929000.0,0.217,1929000.0,0.035,Pago total,1562000.0,2,0.4,0,Standard
30,Dependiente,Formal,37,3488000.0,0.103,3.1,Dependiente,10,3493000.0,78,3,0,1,1598000.0,168000.0,0.105,168000.0,0.004,Pago total,143000.0,0,0.0,1,Standard
25,Dependiente,Informal,55,3328000.0,0.399,4.6,Sin cotizacion,0,0.0,48,2,0,1,4441000.0,1102000.0,0.248,1102000.0,0.028,Pago total,1066000.0,0,0.0,1,Standard
50,Cuenta propia,Informal,53,1507000.0,0.62,4.4,Sin cotizacion,0,0.0,29,2,0,0,0.0,0.0,0.0,0.0,0.0,No aplica,0.0,0,0.0,0,Standard
35,Dependiente,Formal,103,3458000.0,0.178,8.6,Dependiente,11,3266000.0,149,2,0,1,3549000.0,1584000.0,0.446,1584000.0,0.038,Pago superior al mínimo,440000.0,5,11.5,0,Standard
50,Dependiente,Formal,85,1598000.0,0.068,7.1,Dependiente,10,1568000.0,190,2,1,1,2323000.0,903000.0,0.389,10012000.0,0.522,Pago total,808000.0,1,5.6,3,Good
21,Independiente,Informal,13,6194000.0,0.397,1.1,Sin cotizacion,0,0.0,21,4,1,1,8369000.0,1073000.0,0.128,15885000.0,0.214,Pago superior al mínimo,397000.0,1,2.1,1,Poor
18,Desempleado,No aplica,0,2246000.0,0.389,0.0,Sin cotizacion,0,0.0,0,0,0,0,0.0,0.0,0.0,0.0,0.0,No aplica,0.0,0,0.0,1,Good
55,Dependiente,Formal,54,2697000.0,0.103,4.5,Dependiente,8,2788000.0,172,4,1,0,0.0,0.0,0.0,3186000.0,0.098,No aplica,0.0,0,0.0,2,Standard
44,Independiente,Informal,58,8266000.0,0.372,4.8,Sin cotizacion,0,0.0,152,5,0,1,9847000.0,3756000.0,0.381,3756000.0,0.038,Pago total,3220000.0,0,0.0,2,Standard
68,Pensionado,No aplica,162,2737000.0,0.064,13.5,Pensionado,12,2709000.0,358,3,0,1,7585000.0,4140000.0,0.546,4140000.0,0.126,Pago superior al mínimo,1503000.0,0,0.0,1,Good
38,Dependiente,Formal,37,6454000.0,0.086,3.1,Dependiente,12,6248000.0,130,5,3,1,9870000.0,639000.0,0.065,27743000.0,0.358,Pago total,633000.0,2,3.1,1,Standard
28,Independiente,Informal,101,9909000.0,0.25,8.4,Sin cotizacion,0,0.0,67,4,1,1,9972000.0,4680000.0,0.469,15946000.0,0.134,Pago total,3916000.0,0,0.0,6,Standard
58,Dependiente,Formal,23,2397000.0,0.053,1.9,Dependiente,11,2252000.0,286,3,2,0,0.0,0.0,0.0,37009000.0,1.287,No aplica,0.0,2,3.9,0,Good
28,Independiente,Formal,50,8181000.0,0.629,4.2,Independiente,8,3134000.0,110,3,1,1,9208000.0,6267000.0,0.681,20596000.0,0.21,Pago superior al mínimo,2931000.0,0,0.0,1,Good
35,Independiente,Formal,90,1546000.0,0.618,7.5,Independiente,10,575000.0,84,1,0,0,0.0,0.0,0.0,0.0,0.0,No aplica,0.0,0,0.0,1,Good
56,Independiente,Formal,182,2233000.0,0.339,15.2,Independiente,7,885000.0,259,3,0,0,0.0,0.0,0.0,0.0,0.0,No aplica,0.0,0,0.0,1,Standard
24,Dependiente,Informal,26,1354000.0,0.225,2.2,Sin cotizacion,0,0.0,59,1,0,0,0.0,0.0,0.0,0.0,0.0,No aplica,0.0,0,0.0,0,Standard
37,Cuenta propia,Informal,24,2942000.0,0.592,2.0,Sin cotizacion,0,0.0,94,3,2,0,0.0,0.0,0.0,19949000.0,0.565,No aplica,0.0,3,19.0,0,Standard
53,Dependiente,Formal,63,4050000.0,0.099,5.2,Dependiente,10,4127000.0,197,2,0,1,2314000.0,1228000.0,0.531,1228000.0,0.025,Pago superior al mínimo,452000.0,3,12.1,1,Standard
33,Dependiente,Formal,37,3172000.0,0.09,3.1,Dependiente,11,3136000.0,138,4,0,1,1880000.0,314000.0,0.167,314000.0,0.008,Pago total,300000.0,0,0.0,0,Good
60,Dependiente,Formal,31,4261000.0,0.093,2.6,Dependiente,9,4292000.0,176,3,1,1,4448000.0,1473000.0,0.331,17309000.0,0.339,Pago total,1355000.0,1,6.9,0,Standard
70,Pensionado,No aplica,256,3262000.0,0.024,21.3,Pensionado,12,3308000.0,422,1,0,1,4929000.0,1386000.0,0.281,1386000.0,0.035,Pago total,1193000.0,0,0.0,0,Good
38,Independiente,Informal,32,4391000.0,0.33,2.7,Sin cotizacion,0,0.0,82,3,1,1,9507000.0,4009000.0,0.422,7819000.0,0.148,Pago superior al mínimo,1493000.0,2,4.8,0,Good
33,Dependiente,Formal,22,5596000.0,0.167,1.8,Dependiente,12,5321000.0,169,4,1,1,4547000.0,3411000.0,0.75,15192000.0,0.226,Pago superior al mínimo,1118000.0,1,3.7,0,Poor
61,Independiente,Formal,36,14395000.0,0.203,3.0,Independiente,9,6844000.0,176,6,1,1,23678000.0,9939000.0,0.42,33922000.0,0.196,Pago total,9132000.0,0,0.0,1,Standard
72,Independiente,Informal,75,2893000.0,0.291,6.2,Sin cotizacion,0,0.0,271,2,1,1,8066000.0,1891000.0,0.234,15256000.0,0.439,Pago total,1727000.0,1,10.8,2,Standard
37,Independiente,Formal,120,2814000.0,0.414,10.0,Independiente,12,1042000.0,83,1,0,1,6572000.0,3772000.0,0.574,3772000.0,0.112,Pago mínimo,444000.0,0,0.0,0,Standard
22,Dependiente,Formal,42,3957000.0,0.332,3.5,Dependiente,12,4039000.0,40,4,2,1,6978000.0,2593000.0,0.372,26020000.0,0.548,Pago superior al mínimo,1083000.0,4,6.3,1,Standard
37,Independiente,Formal,83,1877000.0,0.363,6.9,Independiente,9,666000.0,161,4,1,0,0.0,0.0,0.0,3624000.0,0.161,No aplica,0.0,1,8.2,2,Good
45,Dependiente,Formal,27,2856000.0,0.146,2.2,Dependiente,8,2869000.0,251,1,1,0,0.0,0.0,0.0,6287000.0,0.183,No aplica,0.0,0,0.0,1,Good
42,Cuenta propia,Informal,21,4384000.0,0.326,1.8,Sin cotizacion,0,0.0,116,2,2,1,3050000.0,768000.0,0.252,11996000.0,0.228,Pago superior al mínimo,280000.0,2,4.1,0,Standard
44,Dependiente,Formal,231,3629000.0,0.127,19.2,Dependiente,12,3650000.0,158,2,0,1,3576000.0,1316000.0,0.368,1316000.0,0.03,Pago total,1266000.0,0,0.0,0,Standard
61,Dependiente,Formal,76,2317000.0,0.156,6.3,Dependiente,10,2471000.0,449,2,1,1,4395000.0,3038000.0,0.691,5538000.0,0.199,Pago superior al mínimo,1233000.0,0,0.0,0,Standard
44,Dependiente,Formal,51,1963000.0,0.119,4.2,Dependiente,11,1945000.0,134,2,2,1,3322000.0,2247000.0,0.676,7049000.0,0.299,Pago superior al mínimo,621000.0,0,0.0,1,Good
25,Cuenta propia,Informal,28,1867000.0,0.161,2.3,Sin cotizacion,0,0.0,42,2,1,1,3174000.0,574000.0,0.181,5726000.0,0.256,Pago superior al mínimo,276000.0,0,0.0,2,Good
41,Cuenta propia,Informal,18,4795000.0,0.438,1.5,Sin cotizacion,0,0.0,99,2,0,1,9171000.0,4983000.0,0.543,4983000.0,0.087,Pago superior al mínimo,1103000.0,0,0.0,1,Standard
30,Dependiente,Formal,28,5494000.0,0.087,2.3,Dependiente,7,5780000.0,80,4,2,0,0.0,0.0,0.0,39924000.0,0.606,No aplica,0.0,0,0.0,1,Standard
48,Independiente,Formal,121,4740000.0,0.067,10.1,Independiente,10,1951000.0,68,2,1,0,0.0,0.0,0.0,14294000.0,0.251,No aplica,0.0,0,0.0,1,Good
34,Cuenta propia,Formal,19,8169000.0,0.321,1.6,Independiente,8,3873000.0,171,4,1,1,8985000.0,5058000.0,0.563,10960000.0,0.112,Pago superior al mínimo,1972000.0,3,29.4,1,Standard
39,Independiente,Formal,90,3766000.0,0.49,7.5,Independiente,8,1238000.0,194,2,1,1,3941000.0,1905000.0,0.483,11201000.0,0.248,Pago superior al mínimo,731000.0,3,9.7,2,Poor
45,Dependiente,Formal,59,3642000.0,0.083,4.9,Dependiente,12,3712000.0,190,2,1,1,29966000.0,15059000.0,0.503,25912000.0,0.593,Pago superior al mínimo,5020000.0,1,1.0,3,Poor
28,Dependiente,Formal,120,1017000.0,0.189,10.0,Dependiente,10,915000.0,16,1,0,0,0.0,0.0,0.0,0.0,0.0,No aplica,0.0,0,0.0,1,Good
42,Dependiente,Formal,59,3076000.0,0.14,4.9,Dependiente,11,3069000.0,157,3,2,1,4463000.0,2129000.0,0.477,39381000.0,1.067,Pago superior al mínimo,731000.0,0,0.0,4,Poor
28,Cuenta propia,Informal,33,3395000.0,0.475,2.8,Sin cotizacion,0,0.0,31,1,1,1,7944000.0,2342000.0,0.295,5191000.0,0.127,Pago total,2238000.0,0,0.0,0,Poor
50,Cuenta propia,Informal,27,6903000.0,0.389,2.2,Sin cotizacion,0,0.0,133,4,1,1,8790000.0,6881000.0,0.783,34621000.0,0.418,Pago mínimo,841000.0,3,16.3,1,Poor
34,Independiente,Formal,87,2228000.0,0.585,7.2,Independiente,10,982000.0,44,2,1,0,0.0,0.0,0.0,12556000.0,0.47,No aplica,0.0,4,36.3,1,Poor
40,Dependiente,Formal,37,4538000.0,0.323,3.1,Dependiente,7,4800000.0,127,2,1,1,6685000.0,3150000.0,0.471,7603000.0,0.14,Pago superior al mínimo,1022000.0,3,9.3,1,Poor
50,Dependiente,Formal,49,6391000.0,0.176,4.1,Dependiente,12,6580000.0,120,4,0,1,7078000.0,2472000.0,0.349,2472000.0,0.032,Pago superior al mínimo,653000.0,2,4.6,0,Standard
60,Cuenta propia,Informal,64,2328000.0,0.511,5.3,Sin cotizacion,0,0.0,294,2,2,1,3199000.0,1026000.0,0.321,15234000.0,0.545,Pago superior al mínimo,224000.0,2,9.5,0,Good
34,Cuenta propia,Informal,46,405000.0,0.255,3.8,Sin cotizacion,0,0.0,64,1,0,0,0.0,0.0,0.0,0.0,0.0,No aplica,0.0,0,0.0,0,Good
25,Cuenta propia,Informal,37,2145000.0,0.478,3.1,Sin cotizacion,0,0.0,63,2,0,0,0.0,0.0,0.0,0.0,0.0,No aplica,0.0,0,0.0,2,Poor
60,Cuenta propia,Informal,33,3936000.0,0.435,2.8,Sin cotizacion,0,0.0,349,2,1,1,2722000.0,559000.0,0.205,3176000.0,0.067,Pago total,528000.0,0,0.0,0,Poor
65,Pensionado,No aplica,160,1632000.0,0.079,13.3,Pensionado,12,1618000.0,368,2,0,0,0.0,0.0,0.0,0.0,0.0,No aplica,0.0,0,0.0,1,Good
55,Dependiente,Formal,58,3559000.0,0.32,4.8,Dependiente,9,3637000.0,334,1,0,1,6986000.0,4378000.0,0.627,4378000.0,0.103,Pago superior al mínimo,1790000.0,0,0.0,0,Poor
51,Dependiente,Informal,36,1446000.0,0.259,3.0,Sin cotizacion,0,0.0,345,3,2,0,0.0,0.0,0.0,5689000.0,0.328,No aplica,0.0,1,6.2,1,Poor
39,Cuenta propia,Informal,49,349000.0,0.518,4.1,Sin cotizacion,0,0.0,122,1,0,0,0.0,0.0,0.0,0.0,0.0,No aplica,0.0,0,0.0,0,Poor
38,Independiente,Formal,76,7778000.0,0.352,6.3,Independiente,11,3733000.0,215,3,0,1,40000000.0,11544000.0,0.289,11544000.0,0.124,Pago total,9892000.0,1,4.4,3,Good
40,Dependiente,Formal,95,3680000.0,0.176,7.9,Dependiente,11,3691000.0,204,1,0,1,5211000.0,2399000.0,0.46,2399000.0,0.054,Pago total,2376000.0,0,0.0,1,Good
26,Dependiente,Formal,85,6473000.0,0.093,7.1,Dependiente,9,6722000.0,33,2,2,1,3675000.0,2247000.0,0.611,15428000.0,0.199,Pago superior al mínimo,888000.0,2,7.1,1,Poor
54,Independiente,Informal,6,5592000.0,0.474,0.5,Sin cotizacion,0,0.0,249,5,1,0,0.0,0.0,0.0,17425000.0,0.26,No aplica,0.0,0,0.0,2,Poor
42,Dependiente,Formal,53,3208000.0,0.083,4.4,Dependiente,10,3153000.0,173,3,1,0,0.0,0.0,0.0,6212000.0,0.161,No aplica,0.0,0,0.0,4,Poor
67,Dependiente,Formal,50,3843000.0,0.197,4.2,Dependiente,12,4008000.0,364,3,0,1,3478000.0,1873000.0,0.539,1873000.0,0.041,Pago superior al mínimo,749000.0,1,26.2,1,Poor
45,Dependiente,Formal,29,5001000.0,0.079,2.4,Dependiente,11,5182000.0,217,3,2,1,13113000.0,6007000.0,0.458,21947000.0,0.366,Pago superior al mínimo,2217000.0,1,10.9,2,Good
34,Independiente,Formal,88,7165000.0,0.473,7.3,Independiente,10,2691000.0,82,3,1,1,5154000.0,1935000.0,0.375,23243000.0,0.27,Pago mínimo,222000.0,1,21.7,0,Poor
28,Independiente,Formal,102,4403000.0,0.392,8.5,Independiente,5,1898000.0,111,5,1,1,6893000.0,1666000.0,0.242,6725000.0,0.127,Pago superior al mínimo,833000.0,1,8.5,1,Poor
22,Dependiente,Formal,48,4937000.0,0.048,4.0,Dependiente,12,5100000.0,40,3,1,1,11001000.0,4509000.0,0.41,14511000.0,0.245,Pago total,4330000.0,0,0.0,2,Good
34,Independiente,Formal,9,3152000.0,0.61,0.8,Independiente,6,1354000.0,103,2,1,0,0.0,0.0,0.0,9908000.0,0.262,No aplica,0.0,2,8.5,3,Poor
35,Dependiente,Informal,11,1382000.0,0.18,0.9,Sin cotizacion,0,0.0,107,1,0,0,0.0,0.0,0.0,0.0,0.0,No aplica,0.0,0,0.0,0,Good
38,Dependiente,Formal,34,3506000.0,0.148,2.8,Dependiente,11,3500000.0,232,2,2,1,5720000.0,3410000.0,0.596,14711000.0,0.35,Pago superior al mínimo,1114000.0,0,0.0,1,Poor
43,Independiente,Informal,15,3266000.0,0.481,1.2,Sin cotizacion,0,0.0,142,3,0,1,1873000.0,486000.0,0.259,486000.0,0.012,Pago total,408000.0,0,0.0,1,Poor
24,Independiente,Informal,20,921000.0,0.518,1.7,Sin cotizacion,0,0.0,13,1,0,0,0.0,0.0,0.0,0.0,0.0,No aplica,0.0,0,0.0,0,Good
33,Cuenta propia,Informal,22,777000.0,0.681,1.8,Sin cotizacion,0,0.0,79,2,0,1,795000.0,583000.0,0.733,583000.0,0.063,Pago irregular,35000.0,2,10.1,0,Poor
30,Independiente,Informal,30,3407000.0,0.212,2.5,Sin cotizacion,0,0.0,96,1,0,1,6949000.0,3778000.0,0.544,3778000.0,0.092,Pago mínimo,521000.0,1,7.9,0,Poor
43,Independiente,Formal,141,3225000.0,0.186,11.8,Independiente,5,1449000.0,152,2,1,1,2731000.0,1404000.0,0.514,8428000.0,0.218,Pago total,1270000.0,1,5.3,1,Good
41,Dependiente,Formal,85,3456000.0,0.247,7.1,Dependiente,9,3327000.0,48,3,0,0,0.0,0.0,0.0,0.0,0.0,No aplica,0.0,0,0.0,3,Good
44,Dependiente,Formal,114,3264000.0,0.053,9.5,Dependiente,11,3265000.0,139,3,0,1,5096000.0,2515000.0,0.494,2515000.0,0.064,Pago total,2477000.0,1,4.3,1,Good
30,Dependiente,Informal,15,5220000.0,0.067,1.2,Sin cotizacion,0,0.0,43,4,3,1,4427000.0,1553000.0,0.351,28092000.0,0.448,Pago total,1416000.0,1,7.0,2,Standard
20,Dependiente,Formal,24,5163000.0,0.046,2.0,Dependiente,9,5186000.0,17,3,2,1,9215000.0,2695000.0,0.292,55032000.0,0.888,Pago total,2273000.0,1,7.2,1,Standard
22,Desempleado,No aplica,0,0.0,0.971,0.0,Sin cotizacion,0,0.0,13,1,0,0,0.0,0.0,0.0,0.0,0.0,No aplica,0.0,0,0.0,1,Standard
37,Dependiente,Formal,68,4839000.0,0.055,5.7,Dependiente,12,5066000.0,69,5,1,1,6702000.0,1806000.0,0.269,26039000.0,0.448,Pago total,1599000.0,0,0.0,1,Good
52,Cuenta propia,Informal,37,1236000.0,0.299,3.1,Sin cotizacion,0,0.0,129,2,0,1,1891000.0,901000.0,0.476,901000.0,0.061,Pago superior al mínimo,294000.0,2,8.5,1,Standard
40,Independiente,Formal,49,3288000.0,0.188,4.1,Independiente,10,1188000.0,152,2,2,1,3116000.0,2247000.0,0.721,14714000.0,0.373,Pago superior al mínimo,567000.0,0,0.0,1,Standard
39,Cuenta propia,Informal,30,2576000.0,0.5,2.5,Sin cotizacion,0,0.0,149,2,0,1,2193000.0,1080000.0,0.492,1080000.0,0.035,Pago superior al mínimo,439000.0,0,0.0,2,Good
40,Dependiente,Formal,131,1750000.0,0.14,10.9,Dependiente,12,1767000.0,35,1,0,1,811000.0,356000.0,0.439,356000.0,0.017,Pago total,345000.0,1,13.6,1,Poor
39,Independiente,Informal,21,2519000.0,0.26,1.8,Sin cotizacion,0,0.0,119,3,0,1,2390000.0,304000.0,0.127,304000.0,0.01,Pago total,256000.0,0,0.0,2,Standard
53,Dependiente,Formal,53,5055000.0,0.024,4.4,Dependiente,10,4955000.0,349,4,2,0,0.0,0.0,0.0,18742000.0,0.309,No aplica,0.0,0,0.0,2,Good
36,Dependiente,Formal,35,2528000.0,0.197,2.9,Dependiente,5,2539000.0,151,3,1,1,2709000.0,317000.0,0.117,2939000.0,0.097,Pago total,302000.0,0,0.0,2,Poor
49,Independiente,Formal,123,1685000.0,0.562,10.2,Independiente,10,700000.0,85,3,1,0,0.0,0.0,0.0,14613000.0,0.723,No aplica,0.0,0,0.0,1,Good
50,Dependiente,Formal,22,4363000.0,0.123,1.8,Dependiente,10,4140000.0,172,5,0,1,7022000.0,520000.0,0.074,520000.0,0.01,Pago total,431000.0,0,0.0,0,Poor
41,Dependiente,Formal,72,10059000.0,0.063,6.0,Dependiente,10,10568000.0,217,5,2,1,5675000.0,2154000.0,0.38,69075000.0,0.572,Pago superior al mínimo,645000.0,1,18.0,2,Standard
29,Independiente,Formal,67,2272000.0,0.179,5.6,Independiente,11,948000.0,55,2,0,0,0.0,0.0,0.0,0.0,0.0,No aplica,0.0,0,0.0,1,Good
47,Dependiente,Formal,43,2901000.0,0.178,3.6,Dependiente,11,2801000.0,296,1,0,1,7906000.0,5475000.0,0.693,5475000.0,0.157,Pago superior al mínimo,2310000.0,2,1.7,0,Poor
19,Desempleado,No aplica,0,806000.0,0.732,0.0,Sin cotizacion,0,0.0,6,2,0,0,0.0,0.0,0.0,0.0,0.0,No aplica,0.0,0,0.0,3,Good
22,Desempleado,No aplica,0,1374000.0,0.745,0.0,Sin cotizacion,0,0.0,16,1,0,0,0.0,0.0,0.0,0.0,0.0,No aplica,0.0,0,0.0,3,Good
41,Cuenta propia,Formal,40,1551000.0,0.693,3.3,Independiente,2,599000.0,112,3,1,1,1454000.0,995000.0,0.684,6567000.0,0.353,Pago mínimo,90000.0,5,31.7,0,Poor
31,Dependiente,Formal,49,2812000.0,0.219,4.1,Dependiente,12,2980000.0,120,2,0,1,2999000.0,295000.0,0.098,295000.0,0.009,Pago total,236000.0,0,0.0,0,Good
32,Dependiente,Formal,43,2147000.0,0.094,3.6,Dependiente,10,2183000.0,158,1,0,0,0.0,0.0,0.0,0.0,0.0,No aplica,0.0,0,0.0,0,Good
22,Desempleado,No aplica,0,0.0,0.712,0.0,Sin cotizacion,0,0.0,12,1,0,0,0.0,0.0,0.0,0.0,0.0,No aplica,0.0,0,0.0,1,Good
53,Dependiente,Formal,39,3205000.0,0.18,3.2,Dependiente,11,3081000.0,366,2,1,1,5255000.0,1195000.0,0.227,17395000.0,0.452,Pago superior al mínimo,531000.0,2,8.4,1,Good
40,Desempleado,No aplica,0,0.0,0.907,0.0,Sin cotizacion,0,0.0,108,1,1,0,0.0,0.0,0.0,0.0,0.0,No aplica,0.0,1,3.9,0,Poor
20,Desempleado,No aplica,0,852000.0,0.751,0.0,Sin cotizacion,0,0.0,17,1,0,0,0.0,0.0,0.0,0.0,0.0,No aplica,0.0,0,0.0,0,Poor
41,Cuenta propia,Informal,29,14559000.0,0.678,2.4,Sin cotizacion,0,0.0,134,3,1,1,16218000.0,7188000.0,0.443,31651000.0,0.181,Pago superior al mínimo,1921000.0,3,32.3,2,Poor
45,Dependiente,Formal,42,2099000.0,0.043,3.5,Dependiente,9,2033000.0,97,2,0,0,0.0,0.0,0.0,0.0,0.0,No aplica,0.0,0,0.0,1,Good
45,Dependiente,Formal,73,4206000.0,0.171,6.1,Dependiente,10,4311000.0,175,5,2,1,7032000.0,4568000.0,0.65,48922000.0,0.969,Pago mínimo,619000.0,1,6.9,4,Poor
37,Cuenta propia,Informal,40,598000.0,0.218,3.3,Sin cotizacion,0,0.0,89,1,0,0,0.0,0.0,0.0,0.0,0.0,No aplica,0.0,0,0.0,0,Standard
37,Dependiente,Formal,56,1454000.0,0.165,4.7,Dependiente,11,1497000.0,155,1,0,0,0.0,0.0,0.0,0.0,0.0,No aplica,0.0,0,0.0,0,Good
32,Dependiente,Formal,65,3534000.0,0.213,5.4,Dependiente,12,3585000.0,81,2,1,1,3303000.0,1088000.0,0.329,6059000.0,0.143,Pago total,926000.0,0,0.0,2,Standard
57,Independiente,Formal,123,4939000.0,0.244,10.2,Independiente,8,1918000.0,337,5,0,1,4674000.0,2542000.0,0.544,2542000.0,0.043,Pago total,2163000.0,0,0.0,3,Good
48,Cuenta propia,Informal,44,5586000.0,0.718,3.7,Sin cotizacion,0,0.0,272,3,1,1,6263000.0,2978000.0,0.475,12908000.0,0.193,Pago superior al mínimo,1385000.0,4,27.5,1,Poor
67,Pensionado,No aplica,109,2992000.0,0.276,9.1,Pensionado,12,3065000.0,391,2,0,0,0.0,0.0,0.0,0.0,0.0,No aplica,0.0,0,0.0,1,Good
54,Independiente,Informal,51,2628000.0,0.338,4.2,Sin cotizacion,0,0.0,195,3,1,1,2602000.0,186000.0,0.071,6621000.0,0.21,Pago total,162000.0,0,0.0,0,Good
36,Dependiente,Formal,157,2305000.0,0.189,13.1,Dependiente,11,2276000.0,131,2,1,1,3340000.0,1922000.0,0.575,4203000.0,0.152,Pago superior al mínimo,769000.0,4,15.4,1,Poor
37,Independiente,Formal,97,10460000.0,0.075,8.1,Independiente,7,3826000.0,153,6,1,1,23116000.0,14351000.0,0.621,49574000.0,0.395,Pago superior al mínimo,4407000.0,0,0.0,0,Standard
42,Desempleado,No aplica,0,0.0,0.904,0.0,Sin cotizacion,0,0.0,142,1,0,0,0.0,0.0,0.0,0.0,0.0,No aplica,0.0,0,0.0,0,Standard
34,Dependiente,Informal,29,3852000.0,0.047,2.4,Sin cotizacion,0,0.0,160,2,0,1,1739000.0,455000.0,0.262,455000.0,0.01,Pago total,413000.0,0,0.0,1,Poor
21,Cuenta propia,Informal,36,2108000.0,0.3,3.0,Sin cotizacion,0,0.0,21,2,0,0,0.0,0.0,0.0,0.0,0.0,No aplica,0.0,0,0.0,1,Standard
28,Cuenta propia,Informal,46,976000.0,0.103,3.8,Sin cotizacion,0,0.0,110,1,0,1,2095000.0,654000.0,0.312,654000.0,0.056,Pago total,624000.0,0,0.0,1,Standard
40,Independiente,Informal,52,755000.0,0.386,4.3,Sin cotizacion,0,0.0,259,1,0,1,1126000.0,597000.0,0.53,597000.0,0.066,Pago superior al mínimo,284000.0,0,0.0,1,Good
40,Independiente,Informal,25,3185000.0,0.158,2.1,Sin cotizacion,0,0.0,238,2,2,0,0.0,0.0,0.0,18213000.0,0.477,No aplica,0.0,1,5.4,0,Standard
61,Cuenta propia,Informal,9,2922000.0,0.618,0.8,Sin cotizacion,0,0.0,219,3,1,0,0.0,0.0,0.0,4111000.0,0.117,No aplica,0.0,1,6.2,2,Good
40,Dependiente,Formal,51,7252000.0,0.137,4.2,Dependiente,12,7712000.0,141,5,3,1,18033000.0,7401000.0,0.41,100182000.0,1.151,Pago superior al mínimo,2927000.0,1,18.6,2,Poor
44,Dependiente,Formal,73,1250000.0,0.032,6.1,Dependiente,11,1274000.0,159,1,1,0,0.0,0.0,0.0,1167000.0,0.078,No aplica,0.0,2,4.7,0,Good
32,Cuenta propia,Informal,63,2127000.0,0.507,5.2,Sin cotizacion,0,0.0,46,1,1,1,3182000.0,1708000.0,0.537,5053000.0,0.198,Pago superior al mínimo,537000.0,0,0.0,0,Standard
36,Cuenta propia,Informal,48,3887000.0,0.366,4.0,Sin cotizacion,0,0.0,48,2,1,1,6652000.0,3010000.0,0.452,23542000.0,0.505,Pago mínimo,269000.0,0,0.0,1,Poor
24,Cuenta propia,Informal,26,1328000.0,0.677,2.2,Sin cotizacion,0,0.0,45,1,0,0,0.0,0.0,0.0,0.0,0.0,No aplica,0.0,0,0.0,0,Standard
37,Cuenta propia,Informal,29,676000.0,0.306,2.4,Sin cotizacion,0,0.0,168,1,0,0,0.0,0.0,0.0,0.0,0.0,No aplica,0.0,0,0.0,0,Standard
29,Dependiente,Formal,16,2156000.0,0.093,1.3,Dependiente,12,2088000.0,75,4,2,1,1625000.0,785000.0,0.483,8700000.0,0.336,Pago superior al mínimo,194000.0,0,0.0,0,Standard
23,Dependiente,Formal,60,3092000.0,0.075,5.0,Dependiente,10,3109000.0,52,4,1,1,7072000.0,5886000.0,0.832,8244000.0,0.222,Pago superior al mínimo,2176000.0,2,8.1,1,Standard
48,Cuenta propia,Informal,12,1643000.0,0.512,1.0,Sin cotizacion,0,0.0,190,3,1,0,0.0,0.0,0.0,3847000.0,0.195,No aplica,0.0,4,10.8,2,Standard
27,Independiente,Formal,108,4298000.0,0.284,9.0,Independiente,6,1724000.0,24,3,1,1,3339000.0,861000.0,0.258,8020000.0,0.155,Pago total,834000.0,0,0.0,0,Standard
53,Independiente,Formal,34,10130000.0,0.609,2.8,Independiente,9,3910000.0,173,3,1,1,12097000.0,3113000.0,0.257,31594000.0,0.26,Pago total,2571000.0,0,0.0,3,Standard
29,Cuenta propia,Informal,3,1431000.0,0.601,0.2,Sin cotizacion,0,0.0,86,2,1,0,0.0,0.0,0.0,5838000.0,0.34,No aplica,0.0,2,14.8,1,Poor
49,Cuenta propia,Informal,19,5425000.0,0.598,1.6,Sin cotizacion,0,0.0,217,3,0,1,16897000.0,8507000.0,0.503,8507000.0,0.131,Pago superior al mínimo,2368000.0,2,27.1,1,Good
52,Dependiente,Formal,116,3788000.0,0.37,9.7,Dependiente,10,3823000.0,224,2,1,1,6597000.0,3054000.0,0.463,10307000.0,0.227,Pago superior al mínimo,629000.0,0,0.0,4,Poor
19,Dependiente,Formal,12,3364000.0,0.018,1.0,Dependiente,9,3239000.0,7,3,2,0,0.0,0.0,0.0,2879000.0,0.071,No aplica,0.0,0,0.0,3,Poor
42,Dependiente,Formal,78,3569000.0,0.221,6.5,Dependiente,8,3694000.0,60,3,1,1,3548000.0,1986000.0,0.56,12252000.0,0.286,Pago superior al mínimo,711000.0,3,14.0,0,Poor
49,Independiente,Informal,14,3865000.0,0.539,1.2,Sin cotizacion,0,0.0,198,2,0,0,0.0,0.0,0.0,0.0,0.0,No aplica,0.0,0,0.0,0,Standard
56,Dependiente,Formal,57,5085000.0,0.079,4.8,Dependiente,12,5084000.0,66,3,1,1,6107000.0,1999000.0,0.327,7274000.0,0.119,Pago total,1622000.0,0,0.0,1,Poor
41,Dependiente,Informal,38,3627000.0,0.24,3.2,Sin cotizacion,0,0.0,197,2,0,0,0.0,0.0,0.0,0.0,0.0,No aplica,0.0,0,0.0,1,Good
48,Dependiente,Formal,44,3996000.0,0.145,3.7,Dependiente,7,3739000.0,308,2,1,0,0.0,0.0,0.0,11132000.0,0.232,No aplica,0.0,0,0.0,3,Standard
39,Dependiente,Formal,90,815000.0,0.036,7.5,Dependiente,12,808000.0,20,1,0,0,0.0,0.0,0.0,0.0,0.0,No aplica,0.0,0,0.0,1,Good
41,Independiente,Formal,49,6062000.0,0.465,4.1,Independiente,6,2275000.0,106,3,1,1,10225000.0,5466000.0,0.535,26748000.0,0.368,Pago mínimo,590000.0,1,2.1,1,Poor
31,Dependiente,Formal,39,1378000.0,0.208,3.2,Dependiente,12,1240000.0,84,2,1,0,0.0,0.0,0.0,5499000.0,0.333,No aplica,0.0,1,30.3,0,Poor
37,Dependiente,Formal,89,2718000.0,0.111,7.4,Dependiente,12,2701000.0,125,1,1,1,5853000.0,3304000.0,0.564,12741000.0,0.391,Pago superior al mínimo,943000.0,0,0.0,1,Standard
43,Cuenta propia,Formal,46,413000.0,0.247,3.8,Independiente,8,300000.0,285,1,1,1,500000.0,85000.0,0.17,761000.0,0.154,Pago total,82000.0,0,0.0,2,Good
32,Dependiente,Formal,74,7263000.0,0.042,6.2,Dependiente,12,7232000.0,106,3,0,0,0.0,0.0,0.0,0.0,0.0,No aplica,0.0,0,0.0,1,Good
37,Dependiente,Formal,68,4310000.0,0.064,5.7,Dependiente,12,4432000.0,117,5,3,0,0.0,0.0,0.0,23964000.0,0.463,No aplica,0.0,2,13.7,1,Good
57,Independiente,Informal,51,2303000.0,0.63,4.2,Sin cotizacion,0,0.0,358,2,1,0,0.0,0.0,0.0,6081000.0,0.22,No aplica,0.0,0,0.0,2,Poor
26,Independiente,Formal,71,8767000.0,0.443,5.9,Independiente,4,3510000.0,51,4,2,1,16320000.0,3275000.0,0.201,62830000.0,0.597,Pago superior al mínimo,1181000.0,1,7.2,2,Poor
36,Dependiente,Formal,82,4490000.0,0.131,6.8,Dependiente,12,4408000.0,99,3,1,0,0.0,0.0,0.0,4721000.0,0.088,No aplica,0.0,1,1.7,0,Standard
48,Independiente,Formal,19,4782000.0,0.439,1.6,Independiente,3,1773000.0,184,5,1,0,0.0,0.0,0.0,17405000.0,0.303,No aplica,0.0,0,0.0,2,Standard
25,Dependiente,Formal,84,3722000.0,0.216,7.0,Dependiente,8,3531000.0,23,4,1,1,4544000.0,1038000.0,0.228,3325000.0,0.074,Pago total,930000.0,1,11.5,1,Standard
40,Dependiente,Informal,39,2044000.0,0.258,3.2,Sin cotizacion,0,0.0,92,2,2,0,0.0,0.0,0.0,2106000.0,0.086,No aplica,0.0,0,0.0,4,Good
34,Dependiente,Formal,69,1979000.0,0.487,5.8,Dependiente,11,2052000.0,107,4,0,0,0.0,0.0,0.0,0.0,0.0,No aplica,0.0,0,0.0,2,Good
40,Dependiente,Informal,6,4278000.0,0.211,0.5,Sin cotizacion,0,0.0,75,4,0,1,3426000.0,234000.0,0.068,234000.0,0.005,Pago total,198000.0,0,0.0,0,Good
34,Independiente,Formal,128,3650000.0,0.609,10.7,Independiente,4,1567000.0,151,3,0,1,6691000.0,2491000.0,0.372,2491000.0,0.057,Pago superior al mínimo,1190000.0,2,15.1,2,Standard
24,Independiente,Formal,61,1084000.0,0.659,5.1,Independiente,5,422000.0,24,1,1,0,0.0,0.0,0.0,741000.0,0.057,No aplica,0.0,1,1.5,0,Standard
53,Desempleado,No aplica,0,1190000.0,0.819,0.0,Sin cotizacion,0,0.0,338,1,1,1,1127000.0,398000.0,0.353,3736000.0,0.262,Pago superior al mínimo,193000.0,0,0.0,0,Poor
64,Desempleado,No aplica,0,1043000.0,0.837,0.0,Sin cotizacion,0,0.0,500,1,0,1,828000.0,162000.0,0.196,162000.0,0.013,Pago total,154000.0,0,0.0,2,Good
37,Dependiente,Formal,105,2099000.0,0.079,8.8,Dependiente,12,1929000.0,93,1,0,1,2848000.0,395000.0,0.139,395000.0,0.016,Pago total,340000.0,0,0.0,0,Standard
45,Cuenta propia,Informal,21,641000.0,0.447,1.8,Sin cotizacion,0,0.0,157,2,0,1,912000.0,650000.0,0.713,650000.0,0.085,Pago superior al mínimo,284000.0,1,1.3,1,Standard
36,Dependiente,Formal,61,6242000.0,0.117,5.1,Dependiente,12,6360000.0,136,4,2,1,7556000.0,1730000.0,0.229,39139000.0,0.523,Pago superior al mínimo,722000.0,0,0.0,0,Standard
47,Dependiente,Informal,8,2611000.0,0.354,0.7,Sin cotizacion,0,0.0,215,3,0,1,1917000.0,442000.0,0.231,442000.0,0.014,Pago total,372000.0,1,4.0,1,Good
48,Dependiente,Formal,91,2703000.0,0.082,7.6,Dependiente,12,2605000.0,278,1,0,1,7485000.0,5206000.0,0.696,5206000.0,0.161,Pago superior al mínimo,1169000.0,0,0.0,0,Good
33,Dependiente,Formal,61,2474000.0,0.069,5.1,Dependiente,11,2488000.0,118,2,0,1,4723000.0,524000.0,0.111,524000.0,0.018,Pago total,439000.0,0,0.0,2,Standard
22,Desempleado,No aplica,0,0.0,0.578,0.0,Sin cotizacion,0,0.0,4,1,1,0,0.0,0.0,0.0,0.0,0.0,No aplica,0.0,2,17.5,1,Poor
69,Pensionado,No aplica,265,4484000.0,0.389,22.1,Pensionado,12,4277000.0,485,5,0,1,7671000.0,3421000.0,0.446,3421000.0,0.064,Pago superior al mínimo,1574000.0,2,3.9,2,Good
45,Independiente,Informal,30,1413000.0,0.401,2.5,Sin cotizacion,0,0.0,243,2,2,0,0.0,0.0,0.0,3918000.0,0.231,No aplica,0.0,2,3.8,3,Poor
46,Dependiente,Formal,114,4596000.0,0.029,9.5,Dependiente,12,4613000.0,144,2,1,1,3906000.0,2830000.0,0.725,15334000.0,0.278,Pago mínimo,186000.0,2,14.2,1,Good
43,Dependiente,Formal,117,2539000.0,0.124,9.8,Dependiente,7,2526000.0,182,2,1,1,2635000.0,695000.0,0.264,3979000.0,0.131,Pago total,666000.0,0,0.0,0,Standard
23,Dependiente,Formal,60,3434000.0,0.079,5.0,Dependiente,12,3103000.0,40,1,0,0,0.0,0.0,0.0,0.0,0.0,No aplica,0.0,0,0.0,0,Standard
22,Dependiente,Formal,47,2156000.0,0.229,3.9,Dependiente,10,2296000.0,27,1,0,1,1467000.0,635000.0,0.433,635000.0,0.025,Pago superior al mínimo,188000.0,0,0.0,0,Standard
38,Dependiente,Formal,15,1388000.0,0.0,1.2,Dependiente,12,1370000.0,47,1,0,0,0.0,0.0,0.0,0.0,0.0,No aplica,0.0,0,0.0,0,Good
49,Independiente,Formal,39,5383000.0,0.315,3.2,Independiente,10,2097000.0,122,5,2,1,5951000.0,1353000.0,0.227,18776000.0,0.291,Pago total,1278000.0,0,0.0,1,Good
62,Pensionado,No aplica,385,2673000.0,0.063,32.1,Pensionado,12,2716000.0,435,2,1,1,1942000.0,341000.0,0.176,3445000.0,0.107,Pago total,334000.0,0,0.0,1,Good
41,Dependiente,Formal,54,4701000.0,0.112,4.5,Dependiente,12,4691000.0,196,3,2,1,4482000.0,1619000.0,0.361,30254000.0,0.536,Pago superior al mínimo,707000.0,2,21.7,0,Poor
25,Desempleado,No aplica,0,622000.0,0.87,0.0,Sin cotizacion,0,0.0,70,1,0,0,0.0,0.0,0.0,0.0,0.0,No aplica,0.0,0,0.0,0,Standard
34,Independiente,Informal,5,2560000.0,0.496,0.4,Sin cotizacion,0,0.0,122,2,1,1,9861000.0,9177000.0,0.931,12687000.0,0.413,Pago superior al mínimo,3315000.0,3,3.8,2,Poor
57,Independiente,Formal,26,2139000.0,0.437,2.2,Independiente,12,887000.0,199,2,1,1,9159000.0,3168000.0,0.346,8671000.0,0.338,Pago superior al mínimo,638000.0,2,2.2,1,Good
43,Independiente,Formal,60,2703000.0,0.212,5.0,Independiente,12,957000.0,193,2,1,1,3493000.0,1879000.0,0.538,7604000.0,0.234,Pago superior al mínimo,453000.0,1,3.2,1,Poor
37,Dependiente,Formal,38,4845000.0,0.035,3.2,Dependiente,11,4817000.0,86,3,1,1,5102000.0,3131000.0,0.614,30561000.0,0.526,Pago superior al mínimo,1362000.0,0,0.0,1,Standard
59,Dependiente,Formal,68,5073000.0,0.06,5.7,Dependiente,12,4686000.0,93,2,0,1,10005000.0,3028000.0,0.303,3028000.0,0.05,Pago total,2481000.0,3,9.6,1,Good
47,Dependiente,Formal,33,7096000.0,0.088,2.8,Dependiente,12,7029000.0,264,5,1,0,0.0,0.0,0.0,14848000.0,0.174,No aplica,0.0,0,0.0,2,Good
28,Independiente,Informal,26,5593000.0,0.105,2.2,Sin cotizacion,0,0.0,86,3,1,1,6487000.0,294000.0,0.045,25400000.0,0.378,Pago superior al mínimo,145000.0,0,0.0,2,Standard
27,Dependiente,Formal,108,2079000.0,0.029,9.0,Dependiente,8,2199000.0,96,4,2,1,4739000.0,1288000.0,0.272,15354000.0,0.615,Pago superior al mínimo,633000.0,0,0.0,1,Standard
43,Dependiente,Formal,52,7276000.0,0.01,4.3,Dependiente,11,6838000.0,126,3,1,1,10807000.0,2975000.0,0.275,9988000.0,0.114,Pago total,2555000.0,0,0.0,2,Good
63,Dependiente,Formal,61,2514000.0,0.027,5.1,Dependiente,8,2479000.0,249,3,1,1,6171000.0,2296000.0,0.372,5798000.0,0.192,Pago superior al mínimo,483000.0,2,17.7,4,Standard
49,Dependiente,Formal,59,5215000.0,0.064,4.9,Dependiente,12,4772000.0,223,4,0,1,12647000.0,1149000.0,0.091,1149000.0,0.018,Pago total,1091000.0,0,0.0,3,Poor
45,Cuenta propia,Informal,34,12223000.0,0.284,2.8,Sin cotizacion,0,0.0,199,5,1,1,11803000.0,7532000.0,0.638,28011000.0,0.191,Pago mínimo,521000.0,1,2.4,4,Poor
47,Independiente,Informal,41,3681000.0,0.108,3.4,Sin cotizacion,0,0.0,144,1,0,1,4171000.0,1332000.0,0.319,1332000.0,0.03,Pago total,1261000.0,0,0.0,0,Good
28,Dependiente,Formal,75,1451000.0,0.182,6.2,Dependiente,6,1451000.0,32,1,0,1,2201000.0,1515000.0,0.688,1515000.0,0.087,Pago superior al mínimo,455000.0,0,0.0,0,Poor
38,Dependiente,Formal,69,3118000.0,0.17,5.8,Dependiente,12,3176000.0,202,2,1,1,8916000.0,3657000.0,0.41,12544000.0,0.335,Pago superior al mínimo,1140000.0,1,18.2,1,Good
42,Dependiente,Informal,26,8513000.0,0.4,2.2,Sin cotizacion,0,0.0,226,3,0,1,24139000.0,3893000.0,0.161,3893000.0,0.038,Pago total,3582000.0,0,0.0,0,Standard
29,Dependiente,Informal,47,1995000.0,0.351,3.9,Sin cotizacion,0,0.0,76,4,0,1,2606000.0,1981000.0,0.76,1981000.0,0.083,Pago superior al mínimo,494000.0,0,0.0,0,Good
23,Dependiente,Formal,37,5523000.0,0.097,3.1,Dependiente,10,5608000.0,47,3,0,1,6701000.0,2544000.0,0.38,2544000.0,0.038,Pago superior al mínimo,1249000.0,1,1.8,1,Poor
32,Dependiente,Formal,50,2199000.0,0.184,4.2,Dependiente,8,2146000.0,86,4,1,1,3841000.0,3006000.0,0.783,10289000.0,0.39,Pago superior al mínimo,640000.0,0,0.0,2,Standard
53,Dependiente,Formal,26,3400000.0,0.133,2.2,Dependiente,12,3108000.0,245,3,1,0,0.0,0.0,0.0,10399000.0,0.255,No aplica,0.0,0,0.0,1,Good
22,Cuenta propia,Informal,39,1494000.0,0.551,3.2,Sin cotizacion,0,0.0,12,2,1,0,0.0,0.0,0.0,1782000.0,0.099,No aplica,0.0,1,2.0,2,Standard
32,Independiente,Formal,92,13285000.0,0.264,7.7,Independiente,3,4654000.0,114,4,0,1,19698000.0,5056000.0,0.257,5056000.0,0.032,Pago superior al mínimo,2449000.0,2,7.8,1,Standard
25,Dependiente,Formal,40,2715000.0,0.042,3.3,Dependiente,10,2851000.0,54,1,1,1,4443000.0,2024000.0,0.456,7389000.0,0.227,Pago total,1740000.0,0,0.0,1,Standard
44,Dependiente,Formal,85,1643000.0,0.116,7.1,Dependiente,12,1701000.0,254,1,0,0,0.0,0.0,0.0,0.0,0.0,No aplica,0.0,0,0.0,1,Poor
31,Independiente,Formal,21,17384000.0,0.141,1.8,Independiente,7,6890000.0,62,5,1,1,24305000.0,6801000.0,0.28,33293000.0,0.16,Pago total,6347000.0,0,0.0,2,Good
39,Dependiente,Formal,37,4041000.0,0.165,3.1,Dependiente,11,4067000.0,186,5,1,1,1845000.0,1142000.0,0.619,11414000.0,0.235,Pago mínimo,171000.0,0,0.0,0,Poor
33,Cuenta propia,Informal,12,3131000.0,0.434,1.0,Sin cotizacion,0,0.0,90,1,1,0,0.0,0.0,0.0,2175000.0,0.058,No aplica,0.0,1,2.8,1,Poor
52,Independiente,Formal,73,1552000.0,0.373,6.1,Independiente,11,557000.0,279,3,0,0,0.0,0.0,0.0,0.0,0.0,No aplica,0.0,0,0.0,0,Good
46,Dependiente,Formal,49,4395000.0,0.225,4.1,Dependiente,12,4622000.0,240,3,0,1,6291000.0,2029000.0,0.323,2029000.0,0.038,Pago superior al mínimo,550000.0,0,0.0,1,Good
29,Dependiente,Formal,8,3296000.0,0.05,0.7,Dependiente,5,3201000.0,78,4,1,1,4258000.0,1005000.0,0.236,7494000.0,0.189,Pago superior al mínimo,344000.0,0,0.0,1,Standard
42,Independiente,Formal,208,2219000.0,0.091,17.3,Independiente,5,926000.0,109,3,1,1,2843000.0,1518000.0,0.534,2929000.0,0.11,Pago total,1222000.0,0,0.0,1,Standard
27,Dependiente,Formal,52,4311000.0,0.151,4.3,Dependiente,11,4082000.0,76,3,0,1,6984000.0,5091000.0,0.729,5091000.0,0.098,Pago superior al mínimo,1346000.0,0,0.0,2,Standard
33,Independiente,Formal,57,1247000.0,0.309,4.8,Independiente,8,490000.0,55,2,0,1,887000.0,352000.0,0.397,352000.0,0.024,Pago total,291000.0,1,4.9,1,Good
35,Cuenta propia,Informal,64,1024000.0,0.478,5.3,Sin cotizacion,0,0.0,61,2,1,1,1758000.0,661000.0,0.376,1673000.0,0.136,Pago superior al mínimo,282000.0,1,6.5,1,Good
36,Independiente,Formal,41,8587000.0,0.486,3.4,Independiente,8,3864000.0,149,5,0,1,8615000.0,4274000.0,0.496,4274000.0,0.041,Pago total,4011000.0,0,0.0,1,Poor
56,Dependiente,Formal,57,2878000.0,0.385,4.8,Dependiente,9,2769000.0,154,1,1,0,0.0,0.0,0.0,16629000.0,0.481,No aplica,0.0,1,9.8,1,Good
22,Cuenta propia,Informal,48,1230000.0,0.649,4.0,Sin cotizacion,0,0.0,38,2,1,0,0.0,0.0,0.0,7399000.0,0.501,No aplica,0.0,2,15.7,1,Poor
49,Dependiente,Informal,22,2869000.0,0.179,1.8,Sin cotizacion,0,0.0,290,2,1,1,1781000.0,807000.0,0.453,4566000.0,0.133,Pago superior al mínimo,280000.0,1,6.1,1,Standard
42,Dependiente,Informal,7,2098000.0,0.094,0.6,Sin cotizacion,0,0.0,47,2,1,1,3736000.0,1759000.0,0.471,7539000.0,0.299,Pago superior al mínimo,353000.0,0,0.0,0,Good
49,Cuenta propia,Informal,65,3747000.0,0.443,5.4,Sin cotizacion,0,0.0,336,1,0,1,6230000.0,3541000.0,0.568,3541000.0,0.079,Pago superior al mínimo,927000.0,0,0.0,2,Poor
32,Dependiente,Formal,69,3661000.0,0.064,5.8,Dependiente,11,3771000.0,43,2,1,1,2180000.0,583000.0,0.267,10598000.0,0.241,Pago superior al mínimo,235000.0,0,0.0,3,Good
20,Desempleado,No aplica,0,0.0,0.912,0.0,Sin cotizacion,0,0.0,7,3,1,1,832000.0,246000.0,0.296,246000.0,2.0,Pago irregular,0.0,2,7.4,0,Poor
24,Cuenta propia,Informal,30,621000.0,0.765,2.5,Sin cotizacion,0,0.0,33,1,0,1,500000.0,223000.0,0.446,223000.0,0.03,Pago superior al mínimo,84000.0,1,8.7,0,Standard
24,Dependiente,Formal,72,4158000.0,0.489,6.0,Dependiente,12,3978000.0,33,5,2,1,2646000.0,709000.0,0.268,20226000.0,0.405,Pago superior al mínimo,176000.0,2,8.7,2,Good
28,Dependiente,Formal,67,1683000.0,0.181,5.6,Dependiente,8,1622000.0,92,2,1,1,1671000.0,619000.0,0.37,2322000.0,0.115,Pago total,567000.0,0,0.0,0,Standard
28,Dependiente,Informal,13,1976000.0,0.132,1.1,Sin cotizacion,0,0.0,63,2,1,1,3410000.0,1979000.0,0.58,4298000.0,0.181,Pago total,1896000.0,0,0.0,3,Poor
45,Dependiente,Formal,100,5349000.0,0.113,8.3,Dependiente,9,5347000.0,64,2,0,1,9224000.0,2222000.0,0.241,2222000.0,0.035,Pago total,2166000.0,0,0.0,0,Standard
44,Dependiente,Formal,55,1025000.0,0.133,4.6,Dependiente,11,1065000.0,40,1,0,1,1065000.0,316000.0,0.297,316000.0,0.026,Pago total,280000.0,0,0.0,0,Good
21,Cuenta propia,Informal,25,4370000.0,0.221,2.1,Sin cotizacion,0,0.0,23,2,0,1,2621000.0,289000.0,0.11,289000.0,0.006,Pago total,266000.0,0,0.0,0,Standard
41,Dependiente,Formal,167,4366000.0,0.145,13.9,Dependiente,6,4314000.0,84,5,0,0,0.0,0.0,0.0,0.0,0.0,No aplica,0.0,0,0.0,0,Good
56,Dependiente,Formal,88,5509000.0,0.087,7.3,Dependiente,11,5645000.0,209,3,1,1,8133000.0,3242000.0,0.399,17497000.0,0.265,Pago total,2939000.0,0,0.0,1,Good
41,Cuenta propia,Informal,31,1615000.0,0.453,2.6,Sin cotizacion,0,0.0,150,2,0,0,0.0,0.0,0.0,0.0,0.0,No aplica,0.0,0,0.0,0,Good
37,Dependiente,Formal,142,1645000.0,0.189,11.8,Dependiente,9,1720000.0,47,2,0,0,0.0,0.0,0.0,0.0,0.0,No aplica,0.0,0,0.0,0,Standard
27,Cuenta propia,Informal,10,2686000.0,0.749,0.8,Sin cotizacion,0,0.0,55,2,0,1,4505000.0,2296000.0,0.51,2296000.0,0.071,Pago superior al mínimo,831000.0,3,6.3,1,Standard
43,Dependiente,Formal,64,3661000.0,0.325,5.3,Dependiente,10,3548000.0,156,3,2,0,0.0,0.0,0.0,4465000.0,0.102,No aplica,0.0,1,3.1,1,Standard
35,Dependiente,Informal,21,2435000.0,0.14,1.8,Sin cotizacion,0,0.0,111,1,0,0,0.0,0.0,0.0,0.0,0.0,No aplica,0.0,0,0.0,1,Poor
33,Independiente,Formal,44,7665000.0,0.464,3.7,Independiente,8,2598000.0,90,4,1,1,7404000.0,1913000.0,0.258,6940000.0,0.075,Pago superior al mínimo,604000.0,1,9.4,1,Standard
26,Independiente,Formal,80,5721000.0,0.581,6.7,Independiente,8,2207000.0,72,3,1,1,4639000.0,2167000.0,0.467,21990000.0,0.32,Pago superior al mínimo,946000.0,1,3.6,1,Poor
33,Cuenta propia,Informal,21,7599000.0,0.304,1.8,Sin cotizacion,0,0.0,83,2,1,1,9946000.0,4595000.0,0.462,89252000.0,0.979,Pago mínimo,385000.0,3,24.8,2,Poor
28,Independiente,Formal,76,3945000.0,0.419,6.3,Independiente,12,1779000.0,75,4,0,1,3390000.0,3098000.0,0.914,3098000.0,0.065,Pago superior al mínimo,1170000.0,3,33.7,1,Poor
34,Cuenta propia,Formal,61,1234000.0,0.346,5.1,Independiente,12,453000.0,101,2,2,1,628000.0,450000.0,0.717,3741000.0,0.253,Pago superior al mínimo,152000.0,1,9.3,0,Poor
29,Dependiente,Informal,27,2016000.0,0.228,2.2,Sin cotizacion,0,0.0,52,3,0,0,0.0,0.0,0.0,0.0,0.0,No aplica,0.0,0,0.0,0,Standard
44,Dependiente,Formal,42,4627000.0,0.145,3.5,Dependiente,11,4815000.0,90,3,2,0,0.0,0.0,0.0,16669000.0,0.3,No aplica,0.0,0,0.0,1,Good
50,Independiente,Formal,172,8535000.0,0.569,14.3,Independiente,10,3324000.0,59,3,0,1,6162000.0,3786000.0,0.614,3786000.0,0.037,Pago mínimo,319000.0,4,29.8,0,Poor
47,Cuenta propia,Informal,12,819000.0,0.802,1.0,Sin cotizacion,0,0.0,282,2,0,0,0.0,0.0,0.0,0.0,0.0,No aplica,0.0,0,0.0,0,Standard
36,Desempleado,No aplica,0,1592000.0,0.903,0.0,Sin cotizacion,0,0.0,91,2,2,0,0.0,0.0,0.0,6042000.0,0.316,No aplica,0.0,0,0.0,0,Good
31,Dependiente,Formal,50,3350000.0,0.225,4.2,Dependiente,6,3585000.0,36,2,1,1,3021000.0,205000.0,0.068,8059000.0,0.2,Pago total,179000.0,0,0.0,0,Poor
41,Dependiente,Formal,102,4122000.0,0.117,8.5,Dependiente,11,4492000.0,188,3,2,1,9138000.0,3117000.0,0.341,12573000.0,0.254,Pago superior al mínimo,1029000.0,2,0.9,3,Standard
54,Cuenta propia,Informal,25,2039000.0,0.304,2.1,Sin cotizacion,0,0.0,281,3,1,1,1809000.0,1012000.0,0.559,4826000.0,0.197,Pago superior al mínimo,326000.0,0,0.0,1,Standard
46,Dependiente,Formal,74,6589000.0,0.029,6.2,Dependiente,11,6861000.0,267,5,0,1,6392000.0,1030000.0,0.161,1030000.0,0.013,Pago total,970000.0,0,0.0,1,Standard
45,Cuenta propia,Informal,52,1763000.0,0.676,4.3,Sin cotizacion,0,0.0,300,2,1,0,0.0,0.0,0.0,5923000.0,0.28,No aplica,0.0,0,0.0,2,Standard
35,Cuenta propia,Informal,29,1016000.0,0.65,2.4,Sin cotizacion,0,0.0,150,2,0,0,0.0,0.0,0.0,0.0,0.0,No aplica,0.0,0,0.0,1,Standard
29,Dependiente,Formal,6,4132000.0,0.09,0.5,Dependiente,3,3860000.0,83,3,1,1,5859000.0,1630000.0,0.278,7305000.0,0.147,Pago total,1488000.0,1,10.1,1,Good
28,Independiente,Informal,31,2123000.0,0.023,2.6,Sin cotizacion,0,0.0,72,3,0,1,3033000.0,2861000.0,0.943,2861000.0,0.112,Pago mínimo,289000.0,1,1.8,0,Good
67,Pensionado,No aplica,225,2798000.0,0.106,18.8,Pensionado,12,2596000.0,484,1,0,1,1930000.0,749000.0,0.388,749000.0,0.022,Pago superior al mínimo,188000.0,0,0.0,1,Good
28,Dependiente,Formal,81,4448000.0,0.069,6.8,Dependiente,8,4459000.0,25,4,2,1,5041000.0,3502000.0,0.695,21418000.0,0.401,Pago superior al mínimo,1196000.0,0,0.0,0,Standard
50,Cuenta propia,Informal,17,1540000.0,0.518,1.4,Sin cotizacion,0,0.0,309,2,1,1,3746000.0,219000.0,0.058,6256000.0,0.339,Pago total,196000.0,1,13.6,2,Good
48,Dependiente,Formal,134,3616000.0,0.025,11.2,Dependiente,8,3747000.0,239,1,0,1,5538000.0,2823000.0,0.51,2823000.0,0.065,Pago superior al mínimo,1164000.0,1,15.9,0,Good
41,Cuenta propia,Informal,7,1735000.0,0.465,0.6,Sin cotizacion,0,0.0,120,3,0,0,0.0,0.0,0.0,0.0,0.0,No aplica,0.0,0,0.0,1,Good
55,Dependiente,Formal,57,7120000.0,0.107,4.8,Dependiente,8,7263000.0,235,2,0,0,0.0,0.0,0.0,0.0,0.0,No aplica,0.0,0,0.0,2,Good
55,Pensionado,No aplica,235,2516000.0,0.067,19.6,Pensionado,12,2461000.0,287,1,1,0,0.0,0.0,0.0,4928000.0,0.163,No aplica,0.0,0,0.0,0,Good
51,Dependiente,Formal,34,4281000.0,0.17,2.8,Dependiente,11,4027000.0,78,3,2,0,0.0,0.0,0.0,6308000.0,0.123,No aplica,0.0,1,9.2,2,Standard
28,Dependiente,Formal,19,1920000.0,0.051,1.6,Dependiente,12,1991000.0,43,4,2,0,0.0,0.0,0.0,1752000.0,0.076,No aplica,0.0,0,0.0,2,Good
34,Cuenta propia,Informal,121,3339000.0,0.613,10.1,Sin cotizacion,0,0.0,117,3,0,0,0.0,0.0,0.0,0.0,0.0,No aplica,0.0,0,0.0,1,Standard
38,Dependiente,Formal,100,4377000.0,0.152,8.3,Dependiente,12,4702000.0,70,4,0,1,7591000.0,2994000.0,0.394,2994000.0,0.057,Pago total,2657000.0,1,11.6,4,Standard
36,Dependiente,Formal,80,2427000.0,0.23,6.7,Dependiente,10,2362000.0,84,3,1,0,0.0,0.0,0.0,2311000.0,0.079,No aplica,0.0,2,6.5,1,Good
25,Desempleado,No aplica,0,0.0,0.552,0.0,Sin cotizacion,0,0.0,26,1,0,0,0.0,0.0,0.0,0.0,0.0,No aplica,0.0,0,0.0,3,Good
51,Desempleado,No aplica,0,2592000.0,0.553,0.0,Sin cotizacion,0,0.0,327,2,1,0,0.0,0.0,0.0,11185000.0,0.36,No aplica,0.0,1,8.1,2,Good
33,Independiente,Formal,44,3773000.0,0.526,3.7,Independiente,8,1634000.0,49,3,2,0,0.0,0.0,0.0,12741000.0,0.281,No aplica,0.0,1,3.0,3,Good
33,Independiente,Formal,65,2975000.0,0.22,5.4,Independiente,8,1428000.0,117,1,0,0,0.0,0.0,0.0,0.0,0.0,No aplica,0.0,0,0.0,0,Standard
48,Dependiente,Formal,46,7993000.0,0.163,3.8,Dependiente,11,7932000.0,275,5,0,1,13609000.0,9662000.0,0.71,9662000.0,0.101,Pago mínimo,985000.0,2,2.1,0,Poor
34,Dependiente,Formal,108,5263000.0,0.167,9.0,Dependiente,10,5227000.0,100,4,3,1,4390000.0,1346000.0,0.307,40919000.0,0.648,Pago total,1185000.0,1,10.5,0,Poor
49,Dependiente,Formal,95,4894000.0,0.147,7.9,Dependiente,9,5004000.0,264,3,1,1,10409000.0,6768000.0,0.65,29504000.0,0.502,Pago mínimo,1001000.0,4,19.5,2,Poor
26,Independiente,Informal,34,8423000.0,0.518,2.8,Sin cotizacion,0,0.0,51,3,1,1,7831000.0,2410000.0,0.308,9904000.0,0.098,Pago superior al mínimo,1101000.0,0,0.0,0,Poor
47,Independiente,Formal,88,2224000.0,0.098,7.3,Independiente,10,864000.0,166,1,0,1,2269000.0,320000.0,0.141,320000.0,0.012,Pago total,259000.0,0,0.0,1,Good
35,Cuenta propia,Informal,37,3484000.0,0.183,3.1,Sin cotizacion,0,0.0,148,3,1,1,3769000.0,1764000.0,0.468,41127000.0,0.984,Pago mínimo,239000.0,1,3.0,1,Poor
32,Cuenta propia,Informal,13,2872000.0,0.568,1.1,Sin cotizacion,0,0.0,107,2,1,1,6715000.0,3252000.0,0.484,8618000.0,0.25,Pago superior al mínimo,1006000.0,1,13.6,1,Standard
41,Dependiente,Formal,23,3357000.0,0.276,1.9,Dependiente,10,3537000.0,207,2,1,1,8730000.0,1910000.0,0.219,11421000.0,0.284,Pago superior al mínimo,573000.0,1,2.1,2,Poor
33,Dependiente,Formal,94,3089000.0,0.156,7.8,Dependiente,4,3039000.0,23,1,1,0,0.0,0.0,0.0,3906000.0,0.105,No aplica,0.0,0,0.0,1,Standard
43,Dependiente,Formal,108,5757000.0,0.112,9.0,Dependiente,5,5750000.0,214,3,1,1,3772000.0,1192000.0,0.316,7338000.0,0.106,Pago total,976000.0,0,0.0,1,Standard
45,Dependiente,Formal,46,5682000.0,0.094,3.8,Dependiente,9,5354000.0,140,4,3,1,8987000.0,2451000.0,0.273,37106000.0,0.544,Pago total,2405000.0,1,6.7,1,Good
53,Dependiente,Formal,152,2104000.0,0.307,12.7,Dependiente,11,2084000.0,178,2,1,1,928000.0,131000.0,0.141,2961000.0,0.117,Pago total,128000.0,0,0.0,0,Poor
33,Cuenta propia,Informal,32,7061000.0,0.448,2.7,Sin cotizacion,0,0.0,33,2,0,1,13393000.0,6057000.0,0.452,6057000.0,0.071,Pago superior al mínimo,2910000.0,1,10.6,2,Standard
56,Dependiente,Formal,19,6673000.0,0.088,1.6,Dependiente,10,6404000.0,378,3,0,1,5856000.0,3290000.0,0.562,3290000.0,0.041,Pago total,3139000.0,0,0.0,2,Standard
64,Dependiente,Formal,89,3515000.0,0.055,7.4,Dependiente,5,3564000.0,275,2,2,1,5560000.0,1508000.0,0.271,16429000.0,0.389,Pago total,1238000.0,0,0.0,0,Good
41,Dependiente,Formal,186,2608000.0,0.04,15.5,Dependiente,9,2434000.0,50,1,0,1,4508000.0,696000.0,0.154,696000.0,0.022,Pago total,561000.0,0,0.0,0,Standard
35,Independiente,Formal,62,7953000.0,0.315,5.2,Independiente,4,3493000.0,42,4,0,1,5909000.0,1877000.0,0.318,1877000.0,0.02,Pago superior al mínimo,888000.0,0,0.0,0,Poor
59,Independiente,Formal,77,6089000.0,0.415,6.4,Independiente,12,2223000.0,369,4,0,1,11966000.0,1635000.0,0.137,1635000.0,0.022,Pago total,1488000.0,0,0.0,1,Good
49,Dependiente,Formal,152,5508000.0,0.222,12.7,Dependiente,9,5901000.0,230,3,0,1,5161000.0,2284000.0,0.443,2284000.0,0.035,Pago superior al mínimo,620000.0,1,9.1,2,Good
41,Dependiente,Formal,19,4815000.0,0.094,1.6,Dependiente,4,5079000.0,104,4,1,1,2520000.0,1006000.0,0.399,3419000.0,0.059,Pago superior al mínimo,227000.0,0,0.0,1,Standard
44,Independiente,Informal,8,7032000.0,0.614,0.7,Sin cotizacion,0,0.0,198,4,3,0,0.0,0.0,0.0,17273000.0,0.205,No aplica,0.0,0,0.0,2,Good
50,Dependiente,Informal,33,4371000.0,0.159,2.8,Sin cotizacion,0,0.0,255,2,0,1,6252000.0,3318000.0,0.531,3318000.0,0.063,Pago superior al mínimo,809000.0,1,10.3,1,Standard
33,Cuenta propia,Informal,19,1363000.0,0.681,1.6,Sin cotizacion,0,0.0,26,1,0,0,0.0,0.0,0.0,0.0,0.0,No aplica,0.0,0,0.0,0,Good
26,Independiente,Formal,70,2372000.0,0.204,5.8,Independiente,10,1000000.0,62,1,0,1,3590000.0,2035000.0,0.567,2035000.0,0.071,Pago superior al mínimo,503000.0,0,0.0,3,Standard
39,Dependiente,Formal,40,4282000.0,0.071,3.3,Dependiente,9,4019000.0,212,5,2,1,8558000.0,2802000.0,0.327,15039000.0,0.293,Pago total,2600000.0,1,5.2,1,Standard
37,Dependiente,Informal,71,8611000.0,0.367,5.9,Sin cotizacion,0,0.0,116,3,2,1,6161000.0,3835000.0,0.622,20273000.0,0.196,Pago superior al mínimo,1062000.0,2,13.7,2,Standard
29,Desempleado,No aplica,0,1067000.0,0.802,0.0,Sin cotizacion,0,0.0,116,2,1,0,0.0,0.0,0.0,15392000.0,1.202,No aplica,0.0,3,9.4,0,Poor
36,Dependiente,Formal,92,3758000.0,0.428,7.7,Dependiente,11,3664000.0,128,3,0,1,1780000.0,767000.0,0.431,767000.0,0.017,Pago superior al mínimo,224000.0,0,0.0,1,Poor
39,Dependiente,Formal,86,2198000.0,0.17,7.2,Dependiente,8,2119000.0,148,3,2,1,2251000.0,1240000.0,0.551,11140000.0,0.422,Pago superior al mínimo,471000.0,0,0.0,3,Poor
38,Cuenta propia,Informal,28,876000.0,0.589,2.3,Sin cotizacion,0,0.0,124,1,1,0,0.0,0.0,0.0,2084000.0,0.198,No aplica,0.0,0,0.0,2,Good
40,Cuenta propia,Informal,25,2019000.0,0.336,2.1,Sin cotizacion,0,0.0,188,2,0,1,2280000.0,879000.0,0.386,879000.0,0.036,Pago superior al mínimo,384000.0,0,0.0,0,Good
39,Desempleado,No aplica,0,940000.0,0.583,0.0,Sin cotizacion,0,0.0,186,1,0,0,0.0,0.0,0.0,0.0,0.0,No aplica,0.0,0,0.0,0,Good
50,Independiente,Formal,32,7406000.0,0.302,2.7,Independiente,12,2734000.0,289,2,2,1,5951000.0,2317000.0,0.389,16883000.0,0.19,Pago superior al mínimo,742000.0,1,8.4,2,Standard
23,Dependiente,Formal,60,3059000.0,0.018,5.0,Dependiente,12,3252000.0,50,2,0,1,2658000.0,1805000.0,0.679,1805000.0,0.049,Pago mínimo,97000.0,1,16.3,1,Poor
59,Dependiente,Formal,85,7002000.0,0.244,7.1,Dependiente,11,6959000.0,319,4,1,1,7651000.0,3656000.0,0.478,12557000.0,0.149,Pago superior al mínimo,1447000.0,0,0.0,3,Good
26,Cuenta propia,Formal,52,943000.0,0.361,4.3,Independiente,11,352000.0,84,2,1,0,0.0,0.0,0.0,1360000.0,0.12,No aplica,0.0,1,10.0,1,Good
21,Cuenta propia,Informal,36,8669000.0,0.463,3.0,Sin cotizacion,0,0.0,20,5,2,1,4465000.0,693000.0,0.155,73779000.0,0.709,Pago superior al mínimo,281000.0,1,12.2,3,Poor
59,Independiente,Formal,97,3599000.0,0.449,8.1,Independiente,8,1332000.0,84,3,1,0,0.0,0.0,0.0,2863000.0,0.066,No aplica,0.0,0,0.0,0,Good
51,Cuenta propia,Informal,40,3328000.0,0.324,3.3,Sin cotizacion,0,0.0,92,2,0,1,3014000.0,935000.0,0.31,935000.0,0.023,Pago superior al mínimo,281000.0,3,30.4,1,Standard
59,Dependiente,Formal,147,3999000.0,0.162,12.2,Dependiente,12,3914000.0,359,2,0,1,6755000.0,2095000.0,0.31,2095000.0,0.044,Pago superior al mínimo,420000.0,1,5.6,1,Good
68,Cuenta propia,Informal,63,1086000.0,0.464,5.2,Sin cotizacion,0,0.0,257,2,0,0,0.0,0.0,0.0,0.0,0.0,No aplica,0.0,0,0.0,0,Standard
41,Dependiente,Formal,94,5418000.0,0.103,7.8,Dependiente,10,5533000.0,72,3,1,0,0.0,0.0,0.0,8673000.0,0.133,No aplica,0.0,0,0.0,1,Good
40,Dependiente,Formal,57,3273000.0,0.156,4.8,Dependiente,9,3060000.0,192,1,0,1,7309000.0,2263000.0,0.31,2263000.0,0.058,Pago superior al mínimo,841000.0,1,11.1,0,Good
32,Dependiente,Informal,23,3090000.0,0.156,1.9,Sin cotizacion,0,0.0,110,1,0,1,2126000.0,987000.0,0.464,987000.0,0.027,Pago total,943000.0,0,0.0,0,Good
26,Dependiente,Formal,96,2195000.0,0.313,8.0,Dependiente,7,2204000.0,16,2,0,0,0.0,0.0,0.0,0.0,0.0,No aplica,0.0,0,0.0,0,Standard
49,Dependiente,Formal,127,3550000.0,0.049,10.6,Dependiente,8,3610000.0,329,3,1,0,0.0,0.0,0.0,9460000.0,0.222,No aplica,0.0,1,2.3,0,Good
44,Independiente,Informal,118,2268000.0,0.356,9.8,Sin cotizacion,0,0.0,241,2,1,1,2876000.0,1806000.0,0.628,2816000.0,0.103,Pago superior al mínimo,480000.0,1,47.9,3,Poor
30,Independiente,Informal,31,3681000.0,0.178,2.6,Sin cotizacion,0,0.0,66,2,2,1,9957000.0,2179000.0,0.219,7178000.0,0.163,Pago total,1967000.0,0,0.0,2,Poor
53,Independiente,Formal,69,5387000.0,0.738,5.8,Independiente,10,1781000.0,318,4,0,1,9644000.0,4257000.0,0.441,4257000.0,0.066,Pago mínimo,510000.0,1,7.0,2,Standard
39,Desempleado,No aplica,0,817000.0,0.909,0.0,Sin cotizacion,0,0.0,126,2,2,1,1251000.0,595000.0,0.476,1907000.0,0.195,Pago superior al mínimo,224000.0,3,12.9,2,Poor
29,Dependiente,Formal,31,3903000.0,0.266,2.6,Dependiente,9,3682000.0,69,3,1,0,0.0,0.0,0.0,6922000.0,0.148,No aplica,0.0,4,4.7,2,Poor
39,Dependiente,Formal,146,2879000.0,0.011,12.2,Dependiente,11,2874000.0,125,2,1,1,2113000.0,290000.0,0.137,4572000.0,0.132,Pago total,277000.0,0,0.0,0,Poor
26,Cuenta propia,Informal,40,2081000.0,0.607,3.3,Sin cotizacion,0,0.0,44,2,2,0,0.0,0.0,0.0,15236000.0,0.61,No aplica,0.0,2,5.0,1,Poor
42,Dependiente,Formal,151,6698000.0,0.123,12.6,Dependiente,10,7084000.0,32,2,2,1,16268000.0,5252000.0,0.323,11582000.0,0.144,Pago superior al mínimo,1693000.0,0,0.0,1,Standard
49,Desempleado,No aplica,0,2593000.0,0.841,0.0,Sin cotizacion,0,0.0,328,3,0,1,2548000.0,756000.0,0.297,756000.0,0.024,Pago total,736000.0,1,5.9,0,Standard
31,Dependiente,Formal,28,3241000.0,0.119,2.3,Dependiente,12,3397000.0,95,3,0,1,3104000.0,1361000.0,0.438,1361000.0,0.035,Pago mínimo,111000.0,1,2.8,0,Standard
40,Desempleado,No aplica,0,0.0,0.633,0.0,Sin cotizacion,0,0.0,42,1,0,0,0.0,0.0,0.0,0.0,0.0,No aplica,0.0,0,0.0,1,Poor
28,Dependiente,Formal,62,1903000.0,0.177,5.2,Dependiente,11,1857000.0,59,2,1,0,0.0,0.0,0.0,2907000.0,0.127,No aplica,0.0,0,0.0,1,Good
48,Cuenta propia,Informal,26,2079000.0,0.64,2.2,Sin cotizacion,0,0.0,252,2,1,1,3535000.0,720000.0,0.204,9647000.0,0.387,Pago superior al mínimo,177000.0,2,0.2,0,Standard
33,Dependiente,Formal,97,2683000.0,0.122,8.1,Dependiente,11,2834000.0,126,3,1,0,0.0,0.0,0.0,1929000.0,0.06,No aplica,0.0,0,0.0,0,Good
61,Pensionado,No aplica,209,3810000.0,0.285,17.4,Pensionado,12,3773000.0,201,2,0,1,4337000.0,1390000.0,0.32,1390000.0,0.03,Pago total,1330000.0,0,0.0,1,Good
41,Dependiente,Formal,87,1359000.0,0.114,7.2,Dependiente,11,1341000.0,122,2,1,1,2091000.0,439000.0,0.21,2960000.0,0.182,Pago total,352000.0,0,0.0,0,Good
36,Independiente,Informal,19,882000.0,0.464,1.6,Sin cotizacion,0,0.0,78,3,0,1,1614000.0,517000.0,0.32,517000.0,0.049,Pago superior al mínimo,251000.0,2,2.5,0,Standard
41,Desempleado,No aplica,0,2026000.0,0.979,0.0,Sin cotizacion,0,0.0,197,2,1,1,3524000.0,547000.0,0.155,7147000.0,0.294,Pago superior al mínimo,121000.0,1,8.9,0,Poor
19,Cuenta propia,Formal,12,1563000.0,0.499,1.0,Independiente,12,631000.0,10,1,1,0,0.0,0.0,0.0,7804000.0,0.416,No aplica,0.0,2,1.2,1,Poor
48,Independiente,Informal,49,4768000.0,0.571,4.1,Sin cotizacion,0,0.0,333,5,2,1,4951000.0,3345000.0,0.676,11787000.0,0.206,Pago superior al mínimo,1459000.0,2,8.8,2,Standard
42,Independiente,Formal,66,4364000.0,0.477,5.5,Independiente,4,1892000.0,136,3,1,1,12728000.0,3832000.0,0.301,14950000.0,0.285,Pago superior al mínimo,906000.0,1,16.0,0,Poor
54,Dependiente,Formal,51,4809000.0,0.107,4.2,Dependiente,6,4692000.0,394,5,0,1,31480000.0,15003000.0,0.477,15003000.0,0.26,Pago total,12844000.0,0,0.0,3,Standard
58,Cuenta propia,Formal,35,1140000.0,0.478,2.9,Independiente,11,438000.0,242,2,0,0,0.0,0.0,0.0,0.0,0.0,No aplica,0.0,0,0.0,0,Standard
49,Independiente,Informal,55,7136000.0,0.266,4.6,Sin cotizacion,0,0.0,253,3,1,0,0.0,0.0,0.0,14657000.0,0.171,No aplica,0.0,0,0.0,1,Good
24,Cuenta propia,Formal,72,1378000.0,0.37,6.0,Independiente,11,482000.0,66,2,2,0,0.0,0.0,0.0,2807000.0,0.17,No aplica,0.0,1,5.1,1,Good
63,Dependiente,Formal,206,6052000.0,0.103,17.2,Dependiente,10,6137000.0,460,3,0,1,8342000.0,3225000.0,0.387,3225000.0,0.044,Pago total,2968000.0,0,0.0,1,Good
46,Dependiente,Formal,116,2028000.0,0.05,9.7,Dependiente,10,2104000.0,168,1,1,1,4649000.0,1229000.0,0.264,3050000.0,0.125,Pago total,1018000.0,1,1.7,2,Standard
46,Desempleado,No aplica,0,1814000.0,0.806,0.0,Sin cotizacion,0,0.0,146,2,0,1,2980000.0,83000.0,0.028,83000.0,0.004,Pago total,68000.0,1,13.6,2,Standard
35,Cuenta propia,Informal,9,1041000.0,0.41,0.8,Sin cotizacion,0,0.0,55,1,0,1,1232000.0,292000.0,0.237,292000.0,0.023,Pago total,288000.0,1,12.2,0,Poor
24,Dependiente,Formal,29,1550000.0,0.372,2.4,Dependiente,9,1612000.0,50,4,2,1,2219000.0,1564000.0,0.705,4289000.0,0.231,Pago mínimo,191000.0,0,0.0,1,Poor
38,Independiente,Formal,98,4351000.0,0.242,8.2,Independiente,6,1503000.0,110,4,1,1,4361000.0,1430000.0,0.328,98640000.0,1.889,Pago superior al mínimo,337000.0,0,0.0,0,Poor
23,Dependiente,Formal,60,3535000.0,0.333,5.0,Dependiente,12,3481000.0,21,3,1,1,3290000.0,1676000.0,0.509,16895000.0,0.398,Pago superior al mínimo,596000.0,0,0.0,0,Standard
41,Dependiente,Formal,63,4388000.0,0.375,5.2,Dependiente,9,4607000.0,205,2,1,1,4139000.0,1937000.0,0.468,11113000.0,0.211,Pago total,1873000.0,0,0.0,1,Poor
48,Dependiente,Formal,105,7760000.0,0.169,8.8,Dependiente,11,7832000.0,263,4,1,1,11579000.0,8359000.0,0.722,17325000.0,0.186,Pago superior al mínimo,1890000.0,0,0.0,0,Standard
38,Dependiente,Formal,82,1655000.0,0.133,6.8,Dependiente,12,1657000.0,61,1,1,1,3075000.0,1391000.0,0.452,6160000.0,0.31,Pago mínimo,182000.0,2,6.1,3,Standard
39,Independiente,Informal,34,5122000.0,0.37,2.8,Sin cotizacion,0,0.0,159,4,1,1,6975000.0,3975000.0,0.57,8619000.0,0.14,Pago superior al mínimo,1800000.0,2,7.5,2,Poor
33,Dependiente,Formal,18,2088000.0,0.156,1.5,Dependiente,5,2089000.0,47,3,1,1,2629000.0,1584000.0,0.603,6743000.0,0.269,Pago mínimo,133000.0,2,4.0,1,Poor
19,Desempleado,No aplica,0,0.0,0.887,0.0,Sin cotizacion,0,0.0,5,1,0,0,0.0,0.0,0.0,0.0,0.0,No aplica,0.0,0,0.0,2,Standard
38,Desempleado,No aplica,0,575000.0,0.523,0.0,Sin cotizacion,0,0.0,112,1,0,0,0.0,0.0,0.0,0.0,0.0,No aplica,0.0,0,0.0,1,Good
46,Independiente,Formal,114,2910000.0,0.202,9.5,Independiente,3,1227000.0,245,2,1,0,0.0,0.0,0.0,10025000.0,0.287,No aplica,0.0,0,0.0,0,Good
23,Dependiente,Formal,14,1586000.0,0.361,1.2,Dependiente,10,1604000.0,24,3,0,1,2897000.0,2083000.0,0.719,2083000.0,0.109,Pago superior al mínimo,1039000.0,0,0.0,0,Good
51,Dependiente,Informal,79,2791000.0,0.042,6.6,Sin cotizacion,0,0.0,43,3,0,1,2119000.0,1526000.0,0.72,1526000.0,0.046,Pago superior al mínimo,485000.0,0,0.0,2,Poor
32,Cuenta propia,Informal,98,1140000.0,0.385,8.2,Sin cotizacion,0,0.0,43,2,1,1,984000.0,925000.0,0.94,2978000.0,0.218,Pago mínimo,130000.0,2,2.0,1,Poor
37,Independiente,Informal,10,4747000.0,0.632,0.8,Sin cotizacion,0,0.0,34,4,1,1,5879000.0,1083000.0,0.184,7511000.0,0.132,Pago total,1061000.0,1,7.1,2,Standard
38,Dependiente,Formal,98,4815000.0,0.116,8.2,Dependiente,11,4704000.0,137,4,2,1,4392000.0,3648000.0,0.831,17427000.0,0.302,Pago mínimo,443000.0,2,6.4,2,Poor
29,Cuenta propia,Formal,36,6168000.0,0.737,3.0,Independiente,7,2685000.0,91,2,1,0,0.0,0.0,0.0,23164000.0,0.313,No aplica,0.0,3,35.9,1,Poor
21,Desempleado,No aplica,0,646000.0,0.792,0.0,Sin cotizacion,0,0.0,8,2,1,0,0.0,0.0,0.0,1252000.0,0.162,No aplica,0.0,1,11.0,1,Good
37,Cuenta propia,Informal,18,5433000.0,0.395,1.5,Sin cotizacion,0,0.0,82,4,3,1,11890000.0,8958000.0,0.753,104531000.0,1.603,Pago irregular,1000.0,3,16.9,2,Poor
31,Independiente,Formal,46,3777000.0,0.389,3.8,Independiente,1,1329000.0,50,2,0,0,0.0,0.0,0.0,0.0,0.0,No aplica,0.0,0,0.0,0,Good
66,Pensionado,No aplica,215,2068000.0,0.043,17.9,Pensionado,12,2150000.0,258,2,0,0,0.0,0.0,0.0,0.0,0.0,No aplica,0.0,0,0.0,1,Good
24,Dependiente,Formal,72,3521000.0,0.154,6.0,Dependiente,9,3395000.0,32,4,2,0,0.0,0.0,0.0,4295000.0,0.102,No aplica,0.0,0,0.0,0,Standard
45,Cuenta propia,Informal,26,810000.0,0.521,2.2,Sin cotizacion,0,0.0,201,2,2,0,0.0,0.0,0.0,1421000.0,0.146,No aplica,0.0,1,7.0,2,Good
49,Cuenta propia,Informal,6,12851000.0,0.099,0.5,Sin cotizacion,0,0.0,60,6,1,1,9699000.0,2013000.0,0.208,29150000.0,0.189,Pago total,1885000.0,1,3.7,3,Standard
40,Dependiente,Formal,52,2261000.0,0.045,4.3,Dependiente,7,2311000.0,179,3,2,0,0.0,0.0,0.0,12131000.0,0.447,No aplica,0.0,1,5.2,1,Poor
35,Dependiente,Formal,141,4481000.0,0.023,11.8,Dependiente,9,4451000.0,46,2,1,1,4462000.0,2207000.0,0.495,10785000.0,0.201,Pago superior al mínimo,504000.0,0,0.0,3,Poor
22,Dependiente,Formal,48,3086000.0,0.208,4.0,Dependiente,10,3027000.0,18,1,0,1,3275000.0,278000.0,0.085,278000.0,0.008,Pago total,224000.0,1,4.3,2,Good
41,Cuenta propia,Informal,14,4926000.0,0.69,1.2,Sin cotizacion,0,0.0,128,4,1,0,0.0,0.0,0.0,24511000.0,0.415,No aplica,0.0,3,20.3,0,Poor
50,Desempleado,No aplica,0,0.0,0.517,0.0,Sin cotizacion,0,0.0,117,2,1,1,1763000.0,1137000.0,0.645,1137000.0,2.0,Pago irregular,16000.0,3,4.2,2,Poor
30,Dependiente,Formal,73,3582000.0,0.003,6.1,Dependiente,7,3777000.0,27,1,0,0,0.0,0.0,0.0,0.0,0.0,No aplica,0.0,0,0.0,0,Good
27,Independiente,Informal,26,945000.0,0.467,2.2,Sin cotizacion,0,0.0,71,1,0,0,0.0,0.0,0.0,0.0,0.0,No aplica,0.0,0,0.0,1,Standard
42,Dependiente,Formal,147,1198000.0,0.177,12.2,Dependiente,11,1234000.0,229,1,0,1,1270000.0,478000.0,0.376,478000.0,0.033,Pago total,431000.0,0,0.0,0,Poor
40,Desempleado,No aplica,0,0.0,0.91,0.0,Sin cotizacion,0,0.0,53,1,1,0,0.0,0.0,0.0,0.0,0.0,No aplica,0.0,0,0.0,2,Standard
27,Cuenta propia,Informal,26,4823000.0,0.344,2.2,Sin cotizacion,0,0.0,69,5,0,0,0.0,0.0,0.0,0.0,0.0,No aplica,0.0,0,0.0,0,Good
41,Cuenta propia,Informal,11,669000.0,0.49,0.9,Sin cotizacion,0,0.0,270,2,0,1,500000.0,221000.0,0.442,221000.0,0.028,Pago superior al mínimo,75000.0,1,30.6,1,Standard
43,Dependiente,Formal,59,8734000.0,0.055,4.9,Dependiente,9,8713000.0,191,5,3,1,15008000.0,8190000.0,0.546,114203000.0,1.09,Pago irregular,255000.0,2,4.8,3,Poor
29,Dependiente,Formal,132,5330000.0,0.215,11.0,Dependiente,11,5702000.0,112,2,2,1,7022000.0,815000.0,0.116,68702000.0,1.074,Pago total,739000.0,0,0.0,1,Standard
44,Dependiente,Formal,119,2092000.0,0.257,9.9,Dependiente,11,2174000.0,285,1,0,1,2159000.0,1306000.0,0.605,1306000.0,0.052,Pago superior al mínimo,365000.0,1,6.6,0,Good
46,Dependiente,Formal,71,2402000.0,0.347,5.9,Dependiente,12,2325000.0,98,1,0,1,3875000.0,2998000.0,0.774,2998000.0,0.104,Pago superior al mínimo,881000.0,0,0.0,2,Poor
30,Cuenta propia,Informal,14,961000.0,0.422,1.2,Sin cotizacion,0,0.0,80,1,0,0,0.0,0.0,0.0,0.0,0.0,No aplica,0.0,0,0.0,0,Standard
31,Cuenta propia,Informal,49,2387000.0,0.52,4.1,Sin cotizacion,0,0.0,94,1,1,1,5675000.0,1810000.0,0.319,5990000.0,0.209,Pago superior al mínimo,475000.0,0,0.0,0,Standard
47,Desempleado,No aplica,0,0.0,0.335,0.0,Sin cotizacion,0,0.0,64,3,1,1,1760000.0,1455000.0,0.827,1455000.0,2.0,Pago irregular,53000.0,4,17.7,3,Poor
25,Desempleado,No aplica,0,0.0,0.585,0.0,Sin cotizacion,0,0.0,24,2,0,0,0.0,0.0,0.0,0.0,0.0,No aplica,0.0,0,0.0,0,Standard
36,Independiente,Informal,12,2496000.0,0.218,1.0,Sin cotizacion,0,0.0,76,1,1,1,2853000.0,396000.0,0.139,5697000.0,0.19,Pago total,373000.0,0,0.0,0,Standard
49,Independiente,Informal,37,2741000.0,0.43,3.1,Sin cotizacion,0,0.0,135,1,1,0,0.0,0.0,0.0,16524000.0,0.502,No aplica,0.0,4,30.2,0,Poor
33,Cuenta propia,Informal,46,1391000.0,0.587,3.8,Sin cotizacion,0,0.0,70,1,0,1,2203000.0,1425000.0,0.647,1425000.0,0.085,Pago superior al mínimo,504000.0,1,13.2,0,Good
26,Cuenta propia,Informal,10,2069000.0,0.587,0.8,Sin cotizacion,0,0.0,54,3,2,0,0.0,0.0,0.0,6616000.0,0.266,No aplica,0.0,2,11.8,2,Poor
35,Dependiente,Formal,60,5095000.0,0.193,5.0,Dependiente,7,4634000.0,140,4,0,1,3418000.0,2368000.0,0.693,2368000.0,0.039,Pago superior al mínimo,1078000.0,1,19.8,1,Poor
38,Dependiente,Formal,82,3408000.0,0.179,6.8,Dependiente,9,3423000.0,83,3,1,1,4409000.0,1619000.0,0.367,7785000.0,0.19,Pago superior al mínimo,562000.0,0,0.0,2,Good
30,Dependiente,Informal,44,1571000.0,0.302,3.7,Sin cotizacion,0,0.0,76,4,0,0,0.0,0.0,0.0,0.0,0.0,No aplica,0.0,0,0.0,1,Good
19,Desempleado,No aplica,0,1553000.0,0.811,0.0,Sin cotizacion,0,0.0,7,1,1,1,2036000.0,301000.0,0.148,6951000.0,0.373,Pago superior al mínimo,78000.0,1,1.5,2,Poor
35,Independiente,Formal,91,2729000.0,0.281,7.6,Independiente,12,1243000.0,132,1,1,0,0.0,0.0,0.0,9293000.0,0.284,No aplica,0.0,0,0.0,1,Good
27,Dependiente,Formal,45,2900000.0,0.04,3.8,Dependiente,12,2971000.0,58,1,1,0,0.0,0.0,0.0,5735000.0,0.165,No aplica,0.0,0,0.0,0,Good
28,Independiente,Informal,21,10959000.0,0.426,1.8,Sin cotizacion,0,0.0,87,2,1,1,10723000.0,6098000.0,0.569,17223000.0,0.131,Pago superior al mínimo,2157000.0,2,1.1,1,Standard
48,Independiente,Formal,52,3363000.0,0.134,4.3,Independiente,6,1557000.0,181,3,1,1,9260000.0,4187000.0,0.452,41256000.0,1.022,Pago mínimo,365000.0,2,3.4,0,Poor
37,Dependiente,Formal,10,2236000.0,0.192,0.8,Dependiente,6,2182000.0,72,2,2,0,0.0,0.0,0.0,7488000.0,0.279,No aplica,0.0,1,8.9,1,Standard
31,Dependiente,Formal,128,4348000.0,0.254,10.7,Dependiente,12,4328000.0,66,3,1,1,4558000.0,1216000.0,0.267,10322000.0,0.198,Pago superior al mínimo,423000.0,2,21.9,1,Poor
32,Independiente,Informal,27,2238000.0,0.269,2.2,Sin cotizacion,0,0.0,164,3,0,0,0.0,0.0,0.0,0.0,0.0,No aplica,0.0,0,0.0,1,Good
43,Dependiente,Formal,110,2010000.0,0.154,9.2,Dependiente,8,2003000.0,127,2,0,1,3373000.0,997000.0,0.296,997000.0,0.041,Pago superior al mínimo,229000.0,0,0.0,0,Good
55,Cuenta propia,Informal,60,11015000.0,0.678,5.0,Sin cotizacion,0,0.0,151,3,2,1,13672000.0,8484000.0,0.621,21087000.0,0.16,Pago mínimo,1083000.0,3,10.7,0,Poor
69,Desempleado,No aplica,0,741000.0,0.503,0.0,Sin cotizacion,0,0.0,389,1,0,1,552000.0,164000.0,0.297,164000.0,0.018,Pago superior al mínimo,50000.0,1,11.7,0,Good
38,Cuenta propia,Informal,97,1923000.0,0.335,8.1,Sin cotizacion,0,0.0,117,2,0,0,0.0,0.0,0.0,0.0,0.0,No aplica,0.0,0,0.0,2,Good
41,Independiente,Formal,35,2706000.0,0.224,2.9,Independiente,12,1109000.0,183,3,1,1,1950000.0,1108000.0,0.568,4870000.0,0.15,Pago superior al mínimo,227000.0,1,6.2,2,Good
21,Cuenta propia,Formal,36,1059000.0,0.375,3.0,Independiente,12,456000.0,15,1,1,1,1071000.0,331000.0,0.309,4105000.0,0.323,Pago mínimo,35000.0,2,5.4,3,Standard
64,Pensionado,No aplica,177,2654000.0,0.217,14.8,Pensionado,12,2784000.0,252,1,0,0,0.0,0.0,0.0,0.0,0.0,No aplica,0.0,0,0.0,0,Good
66,Cuenta propia,Informal,31,3028000.0,0.654,2.6,Sin cotizacion,0,0.0,288,3,0,0,0.0,0.0,0.0,0.0,0.0,No aplica,0.0,0,0.0,1,Good
31,Dependiente,Formal,92,2268000.0,0.018,7.7,Dependiente,9,2435000.0,143,1,1,1,3355000.0,776000.0,0.231,4906000.0,0.18,Pago superior al mínimo,314000.0,0,0.0,1,Poor
44,Dependiente,Formal,46,2192000.0,0.158,3.8,Dependiente,12,2338000.0,202,2,0,1,1276000.0,308000.0,0.241,308000.0,0.012,Pago total,251000.0,0,0.0,0,Good
46,Independiente,Formal,57,4556000.0,0.11,4.8,Independiente,8,1944000.0,62,3,2,0,0.0,0.0,0.0,102160000.0,1.869,No aplica,0.0,1,8.5,0,Good
45,Independiente,Formal,15,7515000.0,0.701,1.2,Independiente,11,2903000.0,254,2,0,1,5444000.0,4369000.0,0.803,4369000.0,0.048,Pago mínimo,382000.0,4,25.5,0,Poor
40,Independiente,Formal,47,4274000.0,0.702,3.9,Independiente,8,1748000.0,227,5,0,1,4224000.0,2855000.0,0.676,2855000.0,0.056,Pago superior al mínimo,982000.0,1,6.3,0,Standard
38,Dependiente,Formal,147,3227000.0,0.104,12.2,Dependiente,6,3312000.0,144,2,2,0,0.0,0.0,0.0,15597000.0,0.403,No aplica,0.0,0,0.0,1,Poor
37,Dependiente,Formal,96,2148000.0,0.038,8.0,Dependiente,11,2160000.0,19,1,0,1,2622000.0,820000.0,0.313,820000.0,0.032,Pago total,738000.0,0,0.0,0,Good
41,Dependiente,Formal,91,2800000.0,0.1,7.6,Dependiente,8,2698000.0,115,2,0,1,3735000.0,1222000.0,0.327,1222000.0,0.036,Pago total,986000.0,0,0.0,0,Good
45,Dependiente,Informal,51,4299000.0,0.052,4.2,Sin cotizacion,0,0.0,184,3,1,1,4935000.0,1915000.0,0.388,7767000.0,0.151,Pago total,1774000.0,0,0.0,2,Standard
47,Independiente,Informal,30,1138000.0,0.384,2.5,Sin cotizacion,0,0.0,264,1,0,1,1152000.0,675000.0,0.586,675000.0,0.049,Pago superior al mínimo,154000.0,1,11.6,2,Standard
43,Dependiente,Formal,114,8438000.0,0.14,9.5,Dependiente,12,8282000.0,231,4,1,1,6419000.0,2342000.0,0.365,53677000.0,0.53,Pago superior al mínimo,715000.0,0,0.0,2,Standard
29,Dependiente,Formal,46,3396000.0,0.21,3.8,Dependiente,10,3514000.0,38,3,1,0,0.0,0.0,0.0,33474000.0,0.821,No aplica,0.0,2,3.7,2,Poor
50,Cuenta propia,Informal,27,761000.0,0.439,2.2,Sin cotizacion,0,0.0,322,1,1,0,0.0,0.0,0.0,3655000.0,0.4,No aplica,0.0,0,0.0,1,Standard
33,Dependiente,Formal,60,4289000.0,0.087,5.0,Dependiente,7,4247000.0,63,3,2,0,0.0,0.0,0.0,18730000.0,0.364,No aplica,0.0,1,7.3,0,Poor
32,Dependiente,Formal,117,4142000.0,0.085,9.8,Dependiente,9,4146000.0,37,4,0,1,6183000.0,4677000.0,0.756,4677000.0,0.094,Pago superior al mínimo,1647000.0,0,0.0,3,Standard
32,Cuenta propia,Formal,44,1441000.0,0.288,3.7,Independiente,12,572000.0,52,1,0,1,2048000.0,1494000.0,0.729,1494000.0,0.086,Pago superior al mínimo,635000.0,1,7.1,1,Poor
39,Dependiente,Formal,57,5567000.0,0.154,4.8,Dependiente,9,5368000.0,201,3,1,1,13261000.0,3226000.0,0.243,13108000.0,0.196,Pago total,2817000.0,1,4.1,2,Good
45,Independiente,Informal,21,1794000.0,0.46,1.8,Sin cotizacion,0,0.0,100,4,0,1,2433000.0,905000.0,0.372,905000.0,0.042,Pago total,873000.0,0,0.0,3,Standard
47,Cuenta propia,Informal,81,3561000.0,0.547,6.8,Sin cotizacion,0,0.0,279,3,1,0,0.0,0.0,0.0,2452000.0,0.057,No aplica,0.0,1,14.7,0,Standard
45,Cuenta propia,Informal,60,2190000.0,0.681,5.0,Sin cotizacion,0,0.0,243,2,0,1,2658000.0,1950000.0,0.734,1950000.0,0.074,Pago irregular,121000.0,1,10.5,0,Good
22,Dependiente,Formal,48,2642000.0,0.192,4.0,Dependiente,12,2624000.0,24,3,0,1,2097000.0,1505000.0,0.718,1505000.0,0.047,Pago superior al mínimo,484000.0,1,13.0,2,Poor
35,Cuenta propia,Informal,51,5182000.0,0.426,4.2,Sin cotizacion,0,0.0,125,3,0,1,6482000.0,3292000.0,0.508,3292000.0,0.053,Pago total,3211000.0,0,0.0,1,Standard
45,Dependiente,Formal,38,6034000.0,0.339,3.2,Dependiente,8,5924000.0,273,5,1,1,5790000.0,4896000.0,0.846,20100000.0,0.278,Pago mínimo,716000.0,1,12.8,0,Poor
40,Dependiente,Formal,90,2239000.0,0.189,7.5,Dependiente,10,2177000.0,66,1,0,1,2495000.0,881000.0,0.353,881000.0,0.033,Pago total,753000.0,1,3.4,0,Good
57,Independiente,Formal,80,5647000.0,0.136,6.7,Independiente,12,2020000.0,238,4,2,1,8002000.0,1629000.0,0.204,30846000.0,0.455,Pago total,1571000.0,2,11.0,1,Standard
44,Desempleado,No aplica,0,0.0,0.364,0.0,Sin cotizacion,0,0.0,48,1,0,1,1750000.0,894000.0,0.511,894000.0,2.0,Pago irregular,20000.0,2,5.1,0,Poor
56,Independiente,Formal,43,5112000.0,0.479,3.6,Independiente,3,2024000.0,245,2,1,1,5669000.0,1175000.0,0.207,6048000.0,0.099,Pago superior al mínimo,477000.0,1,1.3,0,Standard
32,Dependiente,Formal,25,2071000.0,0.293,2.1,Dependiente,9,2122000.0,112,3,0,1,3378000.0,2424000.0,0.718,2424000.0,0.098,Pago superior al mínimo,970000.0,2,9.0,1,Poor
47,Independiente,Formal,70,12466000.0,0.088,5.8,Independiente,12,5545000.0,312,5,1,1,10097000.0,4205000.0,0.416,30423000.0,0.203,Pago superior al mínimo,1838000.0,1,4.3,3,Standard
27,Dependiente,Formal,67,4772000.0,0.228,5.6,Dependiente,11,4506000.0,54,2,1,1,17567000.0,10546000.0,0.6,30315000.0,0.529,Pago mínimo,757000.0,3,10.4,1,Poor
44,Dependiente,Formal,23,7074000.0,0.216,1.9,Dependiente,12,7529000.0,262,3,0,1,5666000.0,3355000.0,0.592,3355000.0,0.04,Pago superior al mínimo,1611000.0,0,0.0,0,Good
43,Dependiente,Formal,77,2996000.0,0.189,6.4,Dependiente,12,3031000.0,110,1,1,1,2674000.0,1029000.0,0.385,6018000.0,0.167,Pago total,912000.0,0,0.0,1,Good
44,Dependiente,Formal,97,4629000.0,0.039,8.1,Dependiente,11,4420000.0,107,5,3,1,1526000.0,975000.0,0.639,35287000.0,0.635,Pago mínimo,49000.0,3,4.4,0,Poor
50,Dependiente,Formal,111,4361000.0,0.107,9.2,Dependiente,12,4291000.0,251,3,1,0,0.0,0.0,0.0,2363000.0,0.045,No aplica,0.0,0,0.0,2,Good
39,Dependiente,Formal,63,6060000.0,0.19,5.2,Dependiente,11,5605000.0,109,3,0,1,3679000.0,2086000.0,0.567,2086000.0,0.029,Pago total,1991000.0,0,0.0,0,Good
44,Independiente,Informal,36,6751000.0,0.195,3.0,Sin cotizacion,0,0.0,46,4,1,1,7628000.0,1121000.0,0.147,45252000.0,0.559,Pago total,1106000.0,1,6.0,3,Good
32,Dependiente,Formal,110,3689000.0,0.024,9.2,Dependiente,11,3450000.0,130,3,2,1,4348000.0,1514000.0,0.348,11063000.0,0.25,Pago total,1504000.0,0,0.0,0,Poor
38,Dependiente,Formal,66,1823000.0,0.561,5.5,Dependiente,8,1949000.0,149,4,2,0,0.0,0.0,0.0,6014000.0,0.275,No aplica,0.0,1,0.5,6,Good
53,Cuenta propia,Formal,45,8029000.0,0.23,3.8,Independiente,12,2987000.0,324,6,2,1,10051000.0,1441000.0,0.143,39460000.0,0.41,Pago total,1257000.0,2,4.7,2,Poor
44,Dependiente,Formal,45,4929000.0,0.165,3.8,Dependiente,12,5035000.0,188,3,1,1,7768000.0,5781000.0,0.744,14457000.0,0.244,Pago superior al mínimo,1192000.0,0,0.0,1,Good
25,Independiente,Informal,52,1455000.0,0.582,4.3,Sin cotizacion,0,0.0,33,2,2,1,2514000.0,1431000.0,0.569,12300000.0,0.704,Pago mínimo,120000.0,2,11.0,2,Standard
25,Dependiente,Formal,74,3742000.0,0.125,6.2,Dependiente,9,3725000.0,35,2,0,0,0.0,0.0,0.0,0.0,0.0,No aplica,0.0,0,0.0,1,Standard
38,Dependiente,Formal,56,1829000.0,0.171,4.7,Dependiente,11,1830000.0,152,2,1,1,2645000.0,628000.0,0.237,3504000.0,0.16,Pago total,613000.0,0,0.0,1,Standard
51,Dependiente,Formal,43,6415000.0,0.289,3.6,Dependiente,10,6509000.0,194,4,2,0,0.0,0.0,0.0,17605000.0,0.229,No aplica,0.0,1,3.6,2,Good
40,Dependiente,Formal,55,1901000.0,0.248,4.6,Dependiente,11,1743000.0,166,1,1,1,1974000.0,274000.0,0.139,7248000.0,0.318,Pago total,265000.0,0,0.0,0,Good
42,Dependiente,Formal,71,3406000.0,0.188,5.9,Dependiente,12,3586000.0,226,3,0,1,2729000.0,1724000.0,0.632,1724000.0,0.042,Pago superior al mínimo,541000.0,1,11.2,0,Good
43,Dependiente,Formal,139,4242000.0,0.083,11.6,Dependiente,6,4225000.0,195,2,2,1,5183000.0,3891000.0,0.751,6765000.0,0.133,Pago superior al mínimo,957000.0,1,10.4,3,Standard
28,Dependiente,Formal,119,5155000.0,0.136,9.9,Dependiente,12,5051000.0,38,3,0,1,4560000.0,2056000.0,0.451,2056000.0,0.033,Pago total,1910000.0,0,0.0,1,Standard
49,Dependiente,Formal,149,4186000.0,0.183,12.4,Dependiente,6,4264000.0,252,3,1,1,9913000.0,906000.0,0.091,4560000.0,0.091,Pago total,845000.0,1,5.1,1,Good
39,Dependiente,Formal,51,4855000.0,0.072,4.2,Dependiente,10,4715000.0,130,4,0,1,6557000.0,160000.0,0.024,160000.0,0.003,Pago total,148000.0,0,0.0,0,Standard
24,Dependiente,Informal,5,2074000.0,0.141,0.4,Sin cotizacion,0,0.0,35,4,2,0,0.0,0.0,0.0,9713000.0,0.39,No aplica,0.0,0,0.0,1,Good
40,Dependiente,Formal,59,3633000.0,0.22,4.9,Dependiente,10,3663000.0,78,2,0,1,3803000.0,1257000.0,0.331,1257000.0,0.029,Pago total,1043000.0,0,0.0,1,Standard
26,Dependiente,Formal,89,3278000.0,0.187,7.4,Dependiente,9,3256000.0,51,3,2,1,2432000.0,620000.0,0.255,23227000.0,0.59,Pago superior al mínimo,277000.0,0,0.0,0,Standard
46,Independiente,Informal,37,2503000.0,0.372,3.1,Sin cotizacion,0,0.0,331,1,0,1,3995000.0,1933000.0,0.484,1933000.0,0.064,Pago superior al mínimo,408000.0,1,8.6,0,Good
36,Dependiente,Formal,195,1654000.0,0.066,16.2,Dependiente,11,1701000.0,120,2,1,0,0.0,0.0,0.0,5736000.0,0.289,No aplica,0.0,1,2.9,2,Poor
34,Cuenta propia,Informal,51,1169000.0,0.665,4.2,Sin cotizacion,0,0.0,73,3,0,1,1691000.0,241000.0,0.143,241000.0,0.017,Pago superior al mínimo,118000.0,2,8.1,1,Standard
27,Independiente,Formal,48,4136000.0,0.423,4.0,Independiente,12,1619000.0,69,5,1,1,6144000.0,364000.0,0.059,1773000.0,0.036,Pago total,357000.0,0,0.0,1,Standard
52,Dependiente,Formal,120,3567000.0,0.07,10.0,Dependiente,9,3420000.0,67,2,0,1,3782000.0,3305000.0,0.874,3305000.0,0.077,Pago superior al mínimo,1647000.0,0,0.0,0,Standard
23,Cuenta propia,Informal,8,1578000.0,0.81,0.7,Sin cotizacion,0,0.0,21,3,2,1,942000.0,157000.0,0.167,4765000.0,0.252,Pago total,144000.0,1,15.0,0,Good
43,Cuenta propia,Informal,22,1754000.0,0.589,1.8,Sin cotizacion,0,0.0,182,1,0,0,0.0,0.0,0.0,0.0,0.0,No aplica,0.0,0,0.0,1,Poor
44,Dependiente,Formal,55,2602000.0,0.069,4.6,Dependiente,6,2640000.0,127,2,1,1,4346000.0,2402000.0,0.553,11506000.0,0.368,Pago mínimo,265000.0,4,32.0,0,Poor
60,Dependiente,Formal,124,3196000.0,0.094,10.3,Dependiente,11,3161000.0,116,3,2,1,5141000.0,1649000.0,0.321,8207000.0,0.214,Pago superior al mínimo,520000.0,1,5.5,0,Poor
34,Cuenta propia,Informal,39,1615000.0,0.366,3.2,Sin cotizacion,0,0.0,32,2,0,1,1562000.0,946000.0,0.606,946000.0,0.049,Pago total,778000.0,0,0.0,0,Poor
43,Independiente,Formal,43,4214000.0,0.445,3.6,Independiente,11,1379000.0,219,5,1,1,7992000.0,3142000.0,0.393,10384000.0,0.205,Pago total,2988000.0,0,0.0,1,Standard
31,Dependiente,Formal,11,3992000.0,0.069,0.9,Dependiente,11,4024000.0,97,3,0,0,0.0,0.0,0.0,0.0,0.0,No aplica,0.0,0,0.0,1,Good
33,Dependiente,Formal,34,3153000.0,0.152,2.8,Dependiente,8,3085000.0,107,3,0,1,5482000.0,4214000.0,0.769,4214000.0,0.111,Pago mínimo,418000.0,0,0.0,1,Good
49,Dependiente,Formal,87,2510000.0,0.196,7.2,Dependiente,12,2545000.0,239,1,0,0,0.0,0.0,0.0,0.0,0.0,No aplica,0.0,0,0.0,0,Good
40,Dependiente,Informal,114,1169000.0,0.092,9.5,Sin cotizacion,0,0.0,125,1,0,0,0.0,0.0,0.0,0.0,0.0,No aplica,0.0,0,0.0,1,Good
19,Cuenta propia,Informal,12,10301000.0,0.394,1.0,Sin cotizacion,0,0.0,4,5,1,1,23959000.0,1739000.0,0.073,29359000.0,0.238,Pago superior al mínimo,538000.0,0,0.0,1,Good
40,Dependiente,Formal,23,2217000.0,0.1,1.9,Dependiente,10,2141000.0,96,2,0,1,3680000.0,1672000.0,0.454,1672000.0,0.063,Pago total,1630000.0,1,16.1,1,Standard
41,Dependiente,Formal,102,2949000.0,0.129,8.5,Dependiente,9,2807000.0,117,2,0,1,3887000.0,2590000.0,0.666,2590000.0,0.073,Pago mínimo,130000.0,2,0.6,0,Standard
40,Independiente,Informal,43,4002000.0,0.214,3.6,Sin cotizacion,0,0.0,176,2,1,1,8178000.0,1695000.0,0.207,10046000.0,0.209,Pago total,1518000.0,0,0.0,1,Good
30,Dependiente,Formal,51,3889000.0,0.233,4.2,Dependiente,12,4073000.0,41,2,1,0,0.0,0.0,0.0,10689000.0,0.229,No aplica,0.0,0,0.0,1,Poor
23,Dependiente,Formal,32,3843000.0,0.282,2.7,Dependiente,9,3973000.0,52,3,0,1,5634000.0,1117000.0,0.198,1117000.0,0.024,Pago total,1039000.0,0,0.0,1,Good
33,Independiente,Informal,20,1808000.0,0.406,1.7,Sin cotizacion,0,0.0,149,3,1,1,3208000.0,965000.0,0.301,4197000.0,0.193,Pago superior al mínimo,194000.0,2,6.5,0,Poor
40,Cuenta propia,Informal,31,2522000.0,0.491,2.6,Sin cotizacion,0,0.0,191,2,1,1,1687000.0,906000.0,0.537,8210000.0,0.271,Pago superior al mínimo,379000.0,0,0.0,1,Standard
42,Dependiente,Informal,26,2662000.0,0.099,2.2,Sin cotizacion,0,0.0,85,3,1,1,4482000.0,1217000.0,0.272,9046000.0,0.283,Pago total,1014000.0,1,6.3,1,Standard
30,Dependiente,Formal,34,2873000.0,0.074,2.8,Dependiente,12,2872000.0,22,3,1,0,0.0,0.0,0.0,10010000.0,0.29,No aplica,0.0,1,4.0,0,Good
45,Dependiente,Formal,31,4329000.0,0.108,2.6,Dependiente,12,4405000.0,178,4,2,1,5434000.0,1092000.0,0.201,30163000.0,0.581,Pago total,1058000.0,2,2.8,4,Standard
22,Independiente,Formal,44,6589000.0,0.224,3.7,Independiente,9,2849000.0,22,3,1,1,11840000.0,4839000.0,0.409,29840000.0,0.377,Pago superior al mínimo,2078000.0,2,2.9,1,Standard
34,Dependiente,Formal,93,3424000.0,0.231,7.8,Dependiente,11,3423000.0,112,2,1,0,0.0,0.0,0.0,5003000.0,0.122,No aplica,0.0,0,0.0,0,Good
39,Dependiente,Formal,56,3623000.0,0.041,4.7,Dependiente,11,3448000.0,220,2,0,1,5017000.0,1665000.0,0.332,1665000.0,0.038,Pago total,1379000.0,0,0.0,1,Good
50,Dependiente,Formal,109,6452000.0,0.331,9.1,Dependiente,8,6529000.0,255,3,0,1,9039000.0,4282000.0,0.474,4282000.0,0.055,Pago total,3917000.0,0,0.0,0,Standard
47,Dependiente,Formal,51,6091000.0,0.046,4.2,Dependiente,12,6335000.0,333,2,1,1,7492000.0,2312000.0,0.309,11540000.0,0.158,Pago superior al mínimo,988000.0,0,0.0,1,Good
42,Dependiente,Formal,99,7673000.0,0.073,8.2,Dependiente,12,7855000.0,151,4,3,1,5144000.0,3536000.0,0.687,56034000.0,0.609,Pago superior al mínimo,738000.0,0,0.0,0,Good
36,Dependiente,Formal,97,1603000.0,0.021,8.1,Dependiente,10,1607000.0,156,2,0,0,0.0,0.0,0.0,0.0,0.0,No aplica,0.0,0,0.0,0,Good
58,Dependiente,Informal,24,4491000.0,0.266,2.0,Sin cotizacion,0,0.0,305,4,0,1,6363000.0,4429000.0,0.696,4429000.0,0.082,Pago superior al mínimo,1610000.0,1,5.3,2,Standard
26,Dependiente,Formal,96,4135000.0,0.045,8.0,Dependiente,12,4228000.0,68,3,1,1,6372000.0,4243000.0,0.666,33790000.0,0.681,Pago total,3437000.0,0,0.0,0,Good
57,Dependiente,Formal,102,2678000.0,0.14,8.5,Dependiente,10,2654000.0,375,1,0,1,3345000.0,1169000.0,0.349,1169000.0,0.036,Pago superior al mínimo,451000.0,0,0.0,1,Standard
43,Cuenta propia,Informal,62,2624000.0,0.203,5.2,Sin cotizacion,0,0.0,150,3,1,1,4518000.0,2573000.0,0.569,8660000.0,0.275,Pago mínimo,356000.0,2,12.2,0,Poor
45,Independiente,Formal,99,8483000.0,0.266,8.2,Independiente,9,3748000.0,67,2,0,1,9630000.0,7211000.0,0.749,7211000.0,0.071,Pago superior al mínimo,2296000.0,0,0.0,0,Standard
37,Independiente,Informal,24,1413000.0,0.349,2.0,Sin cotizacion,0,0.0,127,3,2,0,0.0,0.0,0.0,16820000.0,0.992,No aplica,0.0,0,0.0,0,Poor
39,Cuenta propia,Informal,80,2879000.0,0.45,6.7,Sin cotizacion,0,0.0,62,2,2,0,0.0,0.0,0.0,30142000.0,0.872,No aplica,0.0,1,3.7,1,Standard
42,Dependiente,Formal,105,5568000.0,0.043,8.8,Dependiente,11,5868000.0,238,2,0,1,4825000.0,2540000.0,0.526,2540000.0,0.038,Pago total,2253000.0,2,6.2,0,Good
35,Dependiente,Formal,74,2159000.0,0.088,6.2,Dependiente,8,2047000.0,175,1,0,1,2494000.0,666000.0,0.267,666000.0,0.026,Pago total,663000.0,1,9.6,0,Standard
44,Dependiente,Formal,113,3600000.0,0.13,9.4,Dependiente,12,3761000.0,149,2,2,0,0.0,0.0,0.0,37861000.0,0.876,No aplica,0.0,0,0.0,1,Poor
25,Independiente,Informal,64,2877000.0,0.229,5.3,Sin cotizacion,0,0.0,59,1,1,0,0.0,0.0,0.0,14410000.0,0.417,No aplica,0.0,2,12.0,1,Poor
40,Independiente,Informal,58,1495000.0,0.414,4.8,Sin cotizacion,0,0.0,187,3,2,0,0.0,0.0,0.0,3228000.0,0.18,No aplica,0.0,1,5.0,2,Standard
25,Dependiente,Formal,64,2098000.0,0.144,5.3,Dependiente,12,2286000.0,62,3,0,1,4155000.0,1431000.0,0.344,1431000.0,0.057,Pago superior al mínimo,482000.0,0,0.0,2,Poor
37,Dependiente,Formal,35,3361000.0,0.165,2.9,Dependiente,12,3432000.0,76,2,0,0,0.0,0.0,0.0,0.0,0.0,No aplica,0.0,0,0.0,2,Good
60,Dependiente,Formal,100,5723000.0,0.107,8.3,Dependiente,11,5948000.0,415,5,1,1,5670000.0,1128000.0,0.199,6805000.0,0.099,Pago total,967000.0,0,0.0,0,Standard
27,Dependiente,Formal,75,4265000.0,0.154,6.2,Dependiente,12,4155000.0,6,3,2,0,0.0,0.0,0.0,9750000.0,0.191,No aplica,0.0,1,5.6,2,Good
54,Independiente,Formal,36,2519000.0,0.456,3.0,Independiente,10,957000.0,260,3,0,1,4362000.0,1503000.0,0.345,1503000.0,0.05,Pago superior al mínimo,750000.0,0,0.0,2,Standard
34,Independiente,Informal,33,4156000.0,0.196,2.8,Sin cotizacion,0,0.0,92,4,2,1,5928000.0,230000.0,0.039,34627000.0,0.694,Pago total,215000.0,1,8.7,0,Good
36,Dependiente,Formal,83,2426000.0,0.117,6.9,Dependiente,11,2406000.0,108,2,1,1,2831000.0,1298000.0,0.458,5352000.0,0.184,Pago superior al mínimo,486000.0,0,0.0,0,Poor
35,Desempleado,No aplica,0,371000.0,0.749,0.0,Sin cotizacion,0,0.0,128,1,0,0,0.0,0.0,0.0,0.0,0.0,No aplica,0.0,0,0.0,0,Poor
52,Independiente,Informal,34,2905000.0,0.115,2.8,Sin cotizacion,0,0.0,354,2,1,1,5465000.0,2309000.0,0.423,6239000.0,0.179,Pago superior al mínimo,919000.0,0,0.0,2,Good
32,Dependiente,Formal,86,1252000.0,0.023,7.2,Dependiente,12,1232000.0,109,3,1,0,0.0,0.0,0.0,1909000.0,0.127,No aplica,0.0,0,0.0,3,Good
37,Dependiente,Formal,54,2899000.0,0.141,4.5,Dependiente,10,2747000.0,195,1,0,0,0.0,0.0,0.0,0.0,0.0,No aplica,0.0,0,0.0,1,Standard
45,Dependiente,Formal,60,3137000.0,0.169,5.0,Dependiente,11,3115000.0,258,2,1,1,3610000.0,234000.0,0.065,8796000.0,0.234,Pago total,224000.0,1,11.4,1,Good
21,Dependiente,Formal,36,3630000.0,0.179,3.0,Dependiente,8,3751000.0,28,3,1,1,5452000.0,3961000.0,0.727,8577000.0,0.197,Pago superior al mínimo,837000.0,1,5.8,0,Standard
37,Dependiente,Formal,7,2820000.0,0.132,0.6,Dependiente,7,2674000.0,58,3,1,1,6452000.0,2958000.0,0.458,7031000.0,0.208,Pago superior al mínimo,769000.0,1,3.9,0,Good
42,Dependiente,Formal,33,1813000.0,0.14,2.8,Dependiente,9,1826000.0,186,1,0,1,5051000.0,4150000.0,0.822,4150000.0,0.191,Pago superior al mínimo,876000.0,2,16.5,1,Poor
23,Dependiente,Formal,60,3393000.0,0.101,5.0,Dependiente,8,3413000.0,7,3,2,1,3243000.0,1590000.0,0.49,12726000.0,0.313,Pago total,1368000.0,1,10.8,2,Poor
51,Dependiente,Formal,62,3565000.0,0.262,5.2,Dependiente,7,3522000.0,175,4,0,1,6389000.0,930000.0,0.146,930000.0,0.022,Pago superior al mínimo,398000.0,1,5.2,0,Good
33,Cuenta propia,Informal,51,1189000.0,0.709,4.2,Sin cotizacion,0,0.0,149,1,0,1,2841000.0,584000.0,0.206,584000.0,0.041,Pago total,514000.0,0,0.0,0,Good
56,Dependiente,Formal,90,4150000.0,0.134,7.5,Dependiente,10,4232000.0,324,5,1,1,10978000.0,5149000.0,0.469,20219000.0,0.406,Pago superior al mínimo,2106000.0,1,9.9,2,Poor
35,Dependiente,Formal,74,1569000.0,0.22,6.2,Dependiente,9,1594000.0,110,2,2,0,0.0,0.0,0.0,2135000.0,0.113,No aplica,0.0,0,0.0,1,Good
44,Dependiente,Formal,61,5074000.0,0.253,5.1,Dependiente,12,4998000.0,34,3,0,1,5901000.0,1625000.0,0.275,1625000.0,0.027,Pago total,1399000.0,0,0.0,2,Good
47,Desempleado,No aplica,0,814000.0,0.876,0.0,Sin cotizacion,0,0.0,268,1,0,1,805000.0,432000.0,0.537,432000.0,0.044,Pago superior al mínimo,214000.0,1,14.8,1,Standard
45,Dependiente,Formal,83,7880000.0,0.259,6.9,Dependiente,9,8214000.0,247,3,0,0,0.0,0.0,0.0,0.0,0.0,No aplica,0.0,0,0.0,1,Standard
27,Dependiente,Informal,35,1377000.0,0.213,2.9,Sin cotizacion,0,0.0,82,3,0,1,2245000.0,571000.0,0.254,571000.0,0.035,Pago total,467000.0,1,10.1,0,Standard
36,Desempleado,No aplica,0,0.0,0.619,0.0,Sin cotizacion,0,0.0,73,1,0,0,0.0,0.0,0.0,0.0,0.0,No aplica,0.0,0,0.0,2,Standard
55,Desempleado,No aplica,0,918000.0,0.859,0.0,Sin cotizacion,0,0.0,327,2,0,0,0.0,0.0,0.0,0.0,0.0,No aplica,0.0,0,0.0,2,Poor
33,Cuenta propia,Informal,9,2728000.0,0.312,0.8,Sin cotizacion,0,0.0,121,2,1,1,4422000.0,1082000.0,0.245,6570000.0,0.201,Pago superior al mínimo,403000.0,0,0.0,2,Standard
69,Independiente,Informal,7,1052000.0,0.499,0.6,Sin cotizacion,0,0.0,481,1,0,0,0.0,0.0,0.0,0.0,0.0,No aplica,0.0,0,0.0,1,Standard
49,Dependiente,Formal,79,3978000.0,0.036,6.6,Dependiente,12,4067000.0,123,4,0,1,3173000.0,334000.0,0.105,334000.0,0.007,Pago total,307000.0,0,0.0,1,Good
54,Independiente,Informal,15,7181000.0,0.57,1.2,Sin cotizacion,0,0.0,217,4,0,1,12331000.0,9788000.0,0.794,9788000.0,0.114,Pago superior al mínimo,4101000.0,0,0.0,2,Poor
38,Cuenta propia,Informal,58,7172000.0,0.193,4.8,Sin cotizacion,0,0.0,118,4,3,1,13664000.0,9023000.0,0.66,43140000.0,0.501,Pago mínimo,461000.0,5,14.3,1,Poor
48,Independiente,Formal,23,4053000.0,0.678,1.9,Independiente,6,1876000.0,144,4,1,1,6195000.0,1534000.0,0.248,13568000.0,0.279,Pago total,1307000.0,2,4.0,1,Poor
28,Independiente,Formal,105,3668000.0,0.542,8.8,Independiente,6,1457000.0,103,1,0,1,5267000.0,1290000.0,0.245,1290000.0,0.029,Pago superior al mínimo,430000.0,2,9.5,1,Good
30,Dependiente,Formal,98,8943000.0,0.066,8.2,Dependiente,12,8828000.0,108,3,1,1,8576000.0,2402000.0,0.28,19009000.0,0.177,Pago total,2175000.0,0,0.0,0,Good
53,Independiente,Informal,32,6887000.0,0.251,2.7,Sin cotizacion,0,0.0,222,3,0,1,4995000.0,920000.0,0.184,920000.0,0.011,Pago total,748000.0,0,0.0,1,Standard
43,Dependiente,Formal,16,2878000.0,0.331,1.3,Dependiente,10,2854000.0,98,4,1,0,0.0,0.0,0.0,3170000.0,0.092,No aplica,0.0,1,4.6,1,Poor
47,Dependiente,Formal,58,2991000.0,0.194,4.8,Dependiente,7,3132000.0,272,3,0,1,4160000.0,2184000.0,0.525,2184000.0,0.061,Pago superior al mínimo,971000.0,2,5.1,1,Standard
73,Cuenta propia,Formal,94,4512000.0,0.51,7.8,Independiente,12,1778000.0,527,3,0,1,6204000.0,389000.0,0.063,389000.0,0.007,Pago total,322000.0,0,0.0,0,Good
52,Dependiente,Formal,12,2532000.0,0.238,1.0,Dependiente,8,2523000.0,284,2,2,0,0.0,0.0,0.0,40950000.0,1.348,No aplica,0.0,3,13.2,2,Poor
37,Dependiente,Formal,98,5828000.0,0.092,8.2,Dependiente,8,6285000.0,129,5,0,1,3693000.0,873000.0,0.236,873000.0,0.012,Pago total,799000.0,1,5.8,0,Standard
37,Dependiente,Formal,35,4152000.0,0.111,2.9,Dependiente,10,3929000.0,60,2,1,1,6494000.0,2102000.0,0.324,24766000.0,0.497,Pago total,1819000.0,2,14.4,1,Poor
43,Independiente,Informal,8,4128000.0,0.557,0.7,Sin cotizacion,0,0.0,189,3,1,0,0.0,0.0,0.0,9686000.0,0.196,No aplica,0.0,1,2.7,1,Poor
46,Dependiente,Formal,98,3487000.0,0.024,8.2,Dependiente,7,3537000.0,160,2,2,1,6633000.0,654000.0,0.099,21150000.0,0.505,Pago total,589000.0,0,0.0,2,Standard
42,Independiente,Formal,58,2761000.0,0.193,4.8,Independiente,5,1098000.0,265,3,2,1,4157000.0,909000.0,0.219,7714000.0,0.233,Pago total,736000.0,0,0.0,0,Standard
30,Dependiente,Formal,81,6383000.0,0.126,6.8,Dependiente,12,6319000.0,117,4,1,1,11987000.0,4485000.0,0.374,19107000.0,0.249,Pago superior al mínimo,2035000.0,0,0.0,2,Standard
35,Dependiente,Formal,70,3129000.0,0.154,5.8,Dependiente,8,3010000.0,187,2,2,0,0.0,0.0,0.0,70316000.0,1.873,No aplica,0.0,0,0.0,0,Poor
54,Dependiente,Formal,54,3316000.0,0.128,4.5,Dependiente,7,3228000.0,108,2,0,1,4412000.0,1756000.0,0.398,1756000.0,0.044,Pago total,1503000.0,0,0.0,1,Good
29,Dependiente,Formal,17,3152000.0,0.054,1.4,Dependiente,12,3101000.0,64,2,2,1,3649000.0,1356000.0,0.372,29584000.0,0.782,Pago superior al mínimo,389000.0,2,18.2,1,Good
47,Dependiente,Formal,86,4311000.0,0.042,7.2,Dependiente,10,4396000.0,208,3,0,0,0.0,0.0,0.0,0.0,0.0,No aplica,0.0,0,0.0,0,Good
51,Dependiente,Formal,96,2509000.0,0.076,8.0,Dependiente,8,2595000.0,201,4,0,0,0.0,0.0,0.0,0.0,0.0,No aplica,0.0,0,0.0,2,Good
47,Dependiente,Formal,78,3065000.0,0.128,6.5,Dependiente,11,2847000.0,83,4,0,1,6745000.0,3620000.0,0.537,3620000.0,0.098,Pago total,3208000.0,0,0.0,2,Poor
29,Desempleado,No aplica,0,544000.0,0.807,0.0,Sin cotizacion,0,0.0,102,1,0,0,0.0,0.0,0.0,0.0,0.0,No aplica,0.0,0,0.0,0,Standard
33,Dependiente,Formal,83,1984000.0,0.138,6.9,Dependiente,6,1889000.0,101,2,2,0,0.0,0.0,0.0,3995000.0,0.168,No aplica,0.0,2,7.1,1,Poor
57,Desempleado,No aplica,0,305000.0,0.62,0.0,Sin cotizacion,0,0.0,251,2,0,1,514000.0,34000.0,0.066,34000.0,0.009,Pago total,29000.0,4,16.4,1,Standard
33,Dependiente,Formal,71,1765000.0,0.101,5.9,Dependiente,10,1804000.0,72,2,0,1,1503000.0,1084000.0,0.721,1084000.0,0.051,Pago mínimo,117000.0,2,2.2,0,Standard
54,Independiente,Informal,25,8163000.0,0.285,2.1,Sin cotizacion,0,0.0,236,2,0,1,6556000.0,492000.0,0.075,492000.0,0.005,Pago total,479000.0,0,0.0,0,Poor
47,Independiente,Informal,64,2948000.0,0.462,5.3,Sin cotizacion,0,0.0,293,2,0,1,6728000.0,6076000.0,0.903,6076000.0,0.172,Pago mínimo,572000.0,1,3.7,2,Poor
58,Independiente,Informal,68,4282000.0,0.332,5.7,Sin cotizacion,0,0.0,422,4,0,1,4111000.0,1597000.0,0.388,1597000.0,0.031,Pago total,1314000.0,0,0.0,1,Good
36,Dependiente,Formal,152,4499000.0,0.069,12.7,Dependiente,11,4613000.0,66,5,1,1,4915000.0,3560000.0,0.724,15264000.0,0.283,Pago mínimo,490000.0,1,6.7,0,Poor
39,Dependiente,Formal,21,3741000.0,0.153,1.8,Dependiente,12,3522000.0,94,2,2,0,0.0,0.0,0.0,15781000.0,0.352,No aplica,0.0,0,0.0,1,Poor
21,Dependiente,Formal,36,2866000.0,0.166,3.0,Dependiente,9,2966000.0,6,2,1,1,3369000.0,933000.0,0.277,8973000.0,0.261,Pago total,844000.0,1,4.4,3,Good
27,Cuenta propia,Formal,72,3839000.0,0.521,6.0,Independiente,11,1533000.0,34,2,1,0,0.0,0.0,0.0,24450000.0,0.531,No aplica,0.0,1,17.8,0,Standard
41,Cuenta propia,Informal,20,2388000.0,0.285,1.7,Sin cotizacion,0,0.0,217,1,0,1,6904000.0,2208000.0,0.32,2208000.0,0.077,Pago superior al mínimo,1077000.0,1,13.0,2,Good
21,Desempleado,No aplica,0,2091000.0,0.455,0.0,Sin cotizacion,0,0.0,11,3,0,1,1136000.0,235000.0,0.207,235000.0,0.009,Pago total,229000.0,0,0.0,2,Good
21,Dependiente,Formal,32,5827000.0,0.238,2.7,Dependiente,8,6001000.0,15,2,1,1,8840000.0,3127000.0,0.354,9579000.0,0.137,Pago total,3044000.0,0,0.0,0,Good
29,Independiente,Informal,49,1324000.0,0.098,4.1,Sin cotizacion,0,0.0,77,1,1,1,3439000.0,601000.0,0.175,2923000.0,0.184,Pago total,495000.0,1,11.1,4,Poor
37,Cuenta propia,Informal,42,3515000.0,0.384,3.5,Sin cotizacion,0,0.0,40,3,1,1,6598000.0,2764000.0,0.419,6151000.0,0.146,Pago superior al mínimo,988000.0,1,3.7,3,Good
28,Dependiente,Formal,81,4056000.0,0.192,6.8,Dependiente,10,3918000.0,43,2,1,1,6135000.0,4350000.0,0.709,13678000.0,0.281,Pago superior al mínimo,1976000.0,0,0.0,1,Poor
40,Dependiente,Formal,85,2753000.0,0.3,7.1,Dependiente,9,2600000.0,152,2,1,0,0.0,0.0,0.0,5905000.0,0.179,No aplica,0.0,0,0.0,0,Good
22,Desempleado,No aplica,0,0.0,0.591,0.0,Sin cotizacion,0,0.0,20,1,1,0,0.0,0.0,0.0,0.0,0.0,No aplica,0.0,0,0.0,1,Poor
34,Independiente,Informal,45,1880000.0,0.445,3.8,Sin cotizacion,0,0.0,62,3,1,1,1665000.0,327000.0,0.196,2489000.0,0.11,Pago superior al mínimo,143000.0,2,7.4,4,Poor
34,Cuenta propia,Informal,86,1145000.0,0.292,7.2,Sin cotizacion,0,0.0,80,1,0,0,0.0,0.0,0.0,0.0,0.0,No aplica,0.0,0,0.0,1,Good
33,Dependiente,Formal,76,3949000.0,0.081,6.3,Dependiente,10,3900000.0,83,4,0,1,4528000.0,1471000.0,0.325,1471000.0,0.031,Pago total,1331000.0,0,0.0,2,Standard
32,Cuenta propia,Informal,45,1829000.0,0.445,3.8,Sin cotizacion,0,0.0,163,2,0,1,2512000.0,281000.0,0.112,281000.0,0.013,Pago total,281000.0,1,3.3,0,Good
38,Dependiente,Formal,54,4122000.0,0.102,4.5,Dependiente,10,4078000.0,127,5,1,1,4952000.0,2299000.0,0.464,17155000.0,0.347,Pago mínimo,326000.0,2,6.2,2,Poor
27,Dependiente,Formal,108,7471000.0,0.348,9.0,Dependiente,12,7375000.0,41,3,1,1,14061000.0,1542000.0,0.11,4262000.0,0.048,Pago total,1364000.0,0,0.0,1,Good
41,Dependiente,Formal,24,5616000.0,0.134,2.0,Dependiente,12,5528000.0,157,3,0,1,17294000.0,4645000.0,0.269,4645000.0,0.069,Pago total,3935000.0,0,0.0,0,Good
43,Cuenta propia,Informal,66,2242000.0,0.554,5.5,Sin cotizacion,0,0.0,187,4,2,1,3170000.0,2062000.0,0.65,33565000.0,1.248,Pago mínimo,181000.0,4,20.4,7,Poor
42,Independiente,Informal,38,964000.0,0.562,3.2,Sin cotizacion,0,0.0,230,2,0,0,0.0,0.0,0.0,0.0,0.0,No aplica,0.0,0,0.0,0,Standard
35,Dependiente,Formal,60,2792000.0,0.114,5.0,Dependiente,11,2981000.0,42,1,0,0,0.0,0.0,0.0,0.0,0.0,No aplica,0.0,0,0.0,0,Good
37,Dependiente,Formal,33,4919000.0,0.194,2.8,Dependiente,8,4585000.0,108,4,0,1,8505000.0,5928000.0,0.697,5928000.0,0.1,Pago mínimo,464000.0,3,10.2,1,Standard
57,Desempleado,No aplica,0,473000.0,0.848,0.0,Sin cotizacion,0,0.0,215,1,0,1,603000.0,384000.0,0.637,384000.0,0.068,Pago superior al mínimo,152000.0,1,5.0,0,Poor
43,Dependiente,Formal,98,6776000.0,0.371,8.2,Dependiente,11,6547000.0,123,3,0,1,6652000.0,5018000.0,0.754,5018000.0,0.062,Pago superior al mínimo,2068000.0,1,5.9,2,Poor
36,Cuenta propia,Informal,17,4413000.0,0.361,1.4,Sin cotizacion,0,0.0,73,4,2,1,7320000.0,2632000.0,0.36,20619000.0,0.389,Pago total,2178000.0,1,8.4,1,Poor
35,Dependiente,Formal,113,1886000.0,0.034,9.4,Dependiente,12,1854000.0,75,3,1,1,1383000.0,1084000.0,0.784,5213000.0,0.23,Pago superior al mínimo,310000.0,0,0.0,2,Poor
27,Dependiente,Formal,63,3407000.0,0.129,5.2,Dependiente,6,3410000.0,36,2,0,0,0.0,0.0,0.0,0.0,0.0,No aplica,0.0,0,0.0,1,Good
51,Dependiente,Formal,27,5774000.0,0.13,2.2,Dependiente,10,5938000.0,283,2,0,0,0.0,0.0,0.0,0.0,0.0,No aplica,0.0,0,0.0,2,Standard
54,Dependiente,Formal,72,10198000.0,0.016,6.0,Dependiente,6,10551000.0,312,4,1,1,16710000.0,6586000.0,0.394,24233000.0,0.198,Pago superior al mínimo,3163000.0,0,0.0,1,Standard
40,Independiente,Formal,69,1364000.0,0.458,5.8,Independiente,7,604000.0,165,1,0,1,1077000.0,618000.0,0.574,618000.0,0.038,Pago superior al mínimo,242000.0,2,5.6,1,Poor
46,Dependiente,Formal,114,5438000.0,0.019,9.5,Dependiente,7,5543000.0,305,2,0,1,10332000.0,4043000.0,0.391,4043000.0,0.062,Pago total,3798000.0,0,0.0,0,Good
49,Dependiente,Formal,100,6441000.0,0.106,8.3,Dependiente,12,5995000.0,347,2,1,1,4942000.0,2643000.0,0.535,20168000.0,0.261,Pago superior al mínimo,566000.0,1,3.2,1,Good
55,Pensionado,No aplica,113,3064000.0,0.239,9.4,Pensionado,12,2911000.0,68,3,0,0,0.0,0.0,0.0,0.0,0.0,No aplica,0.0,0,0.0,2,Poor
39,Dependiente,Informal,54,1188000.0,0.078,4.5,Sin cotizacion,0,0.0,46,1,0,0,0.0,0.0,0.0,0.0,0.0,No aplica,0.0,0,0.0,1,Standard
57,Independiente,Formal,53,5199000.0,0.466,4.4,Independiente,6,2318000.0,405,3,1,0,0.0,0.0,0.0,7065000.0,0.113,No aplica,0.0,0,0.0,2,Standard
49,Cuenta propia,Formal,50,3119000.0,0.488,4.2,Independiente,5,1383000.0,302,3,2,0,0.0,0.0,0.0,13699000.0,0.366,No aplica,0.0,2,7.2,0,Standard
26,Independiente,Informal,48,2655000.0,0.391,4.0,Sin cotizacion,0,0.0,82,3,1,0,0.0,0.0,0.0,12758000.0,0.4,No aplica,0.0,0,0.0,2,Standard
39,Dependiente,Formal,49,2680000.0,0.176,4.1,Dependiente,12,2748000.0,82,2,1,1,4716000.0,1497000.0,0.317,5657000.0,0.176,Pago superior al mínimo,485000.0,2,7.0,0,Good
49,Cuenta propia,Informal,73,1311000.0,0.507,6.1,Sin cotizacion,0,0.0,140,1,0,0,0.0,0.0,0.0,0.0,0.0,No aplica,0.0,0,0.0,0,Standard
72,Pensionado,No aplica,98,3070000.0,0.207,8.2,Pensionado,12,2994000.0,482,2,1,1,8339000.0,4489000.0,0.538,9530000.0,0.259,Pago superior al mínimo,2177000.0,0,0.0,1,Good
34,Dependiente,Formal,67,2551000.0,0.162,5.6,Dependiente,11,2518000.0,79,3,2,0,0.0,0.0,0.0,8501000.0,0.278,No aplica,0.0,2,6.0,1,Good
31,Dependiente,Formal,68,2492000.0,0.225,5.7,Dependiente,12,2452000.0,110,1,0,0,0.0,0.0,0.0,0.0,0.0,No aplica,0.0,0,0.0,1,Poor
43,Cuenta propia,Informal,13,1995000.0,0.184,1.1,Sin cotizacion,0,0.0,159,3,1,1,2163000.0,944000.0,0.436,8381000.0,0.35,Pago superior al mínimo,412000.0,1,31.6,1,Standard
21,Cuenta propia,Formal,36,1919000.0,0.652,3.0,Independiente,8,689000.0,23,3,0,1,1935000.0,1147000.0,0.593,1147000.0,0.05,Pago mínimo,147000.0,1,4.6,0,Standard
24,Dependiente,Formal,52,4912000.0,0.147,4.3,Dependiente,11,4963000.0,59,4,2,1,6062000.0,889000.0,0.147,18691000.0,0.317,Pago total,871000.0,1,4.4,0,Good
47,Cuenta propia,Informal,8,990000.0,0.359,0.7,Sin cotizacion,0,0.0,95,1,0,0,0.0,0.0,0.0,0.0,0.0,No aplica,0.0,0,0.0,0,Good
52,Cuenta propia,Informal,17,933000.0,0.279,1.4,Sin cotizacion,0,0.0,297,1,1,1,1569000.0,664000.0,0.423,2061000.0,0.184,Pago superior al mínimo,174000.0,0,0.0,1,Standard
50,Dependiente,Formal,62,3360000.0,0.069,5.2,Dependiente,4,3650000.0,316,2,1,1,2105000.0,395000.0,0.188,7946000.0,0.197,Pago total,394000.0,0,0.0,0,Good
40,Dependiente,Formal,60,1640000.0,0.163,5.0,Dependiente,10,1607000.0,162,4,0,1,1776000.0,888000.0,0.5,888000.0,0.045,Pago total,789000.0,0,0.0,2,Poor
54,Dependiente,Formal,97,5195000.0,0.1,8.1,Dependiente,11,5464000.0,193,2,2,1,12025000.0,6765000.0,0.563,48237000.0,0.774,Pago mínimo,909000.0,1,0.9,3,Poor
60,Cuenta propia,Informal,69,572000.0,0.634,5.8,Sin cotizacion,0,0.0,354,2,1,0,0.0,0.0,0.0,490000.0,0.071,No aplica,0.0,1,5.3,1,Good
42,Dependiente,Formal,56,5172000.0,0.049,4.7,Dependiente,11,4989000.0,183,5,1,1,7018000.0,2674000.0,0.381,19493000.0,0.314,Pago superior al mínimo,779000.0,0,0.0,1,Standard
44,Independiente,Formal,33,8722000.0,0.428,2.8,Independiente,8,2953000.0,117,6,1,1,8695000.0,4383000.0,0.504,26323000.0,0.252,Pago total,4077000.0,0,0.0,1,Poor
54,Independiente,Formal,83,5221000.0,0.469,6.9,Independiente,11,2295000.0,392,3,0,1,5633000.0,1517000.0,0.269,1517000.0,0.024,Pago superior al mínimo,332000.0,3,5.4,2,Good
47,Cuenta propia,Informal,28,623000.0,0.525,2.3,Sin cotizacion,0,0.0,240,2,0,1,1175000.0,1021000.0,0.869,1021000.0,0.137,Pago mínimo,149000.0,4,13.7,0,Poor
52,Dependiente,Formal,109,4185000.0,0.091,9.1,Dependiente,11,4148000.0,104,4,1,0,0.0,0.0,0.0,10832000.0,0.216,No aplica,0.0,0,0.0,2,Good
42,Cuenta propia,Informal,28,1247000.0,0.414,2.3,Sin cotizacion,0,0.0,86,2,2,1,2624000.0,873000.0,0.333,5922000.0,0.396,Pago mínimo,54000.0,1,11.4,2,Good
34,Dependiente,Formal,69,2013000.0,0.21,5.8,Dependiente,11,2115000.0,111,1,0,0,0.0,0.0,0.0,0.0,0.0,No aplica,0.0,0,0.0,0,Standard
36,Cuenta propia,Informal,27,3069000.0,0.389,2.2,Sin cotizacion,0,0.0,99,3,2,1,5056000.0,3283000.0,0.649,15813000.0,0.429,Pago superior al mínimo,1336000.0,1,10.8,2,Poor
30,Dependiente,Formal,134,4668000.0,0.114,11.2,Dependiente,8,4943000.0,133,4,2,1,8274000.0,2874000.0,0.347,32380000.0,0.578,Pago superior al mínimo,580000.0,2,15.8,3,Standard
19,Dependiente,Formal,12,5151000.0,0.094,1.0,Dependiente,12,5094000.0,11,3,1,1,3990000.0,1968000.0,0.493,5731000.0,0.093,Pago superior al mínimo,697000.0,0,0.0,0,Standard
20,Desempleado,No aplica,0,1198000.0,0.871,0.0,Sin cotizacion,0,0.0,17,2,1,1,1379000.0,365000.0,0.265,1782000.0,0.124,Pago mínimo,30000.0,0,0.0,3,Standard
50,Dependiente,Informal,60,1873000.0,0.325,5.0,Sin cotizacion,0,0.0,172,2,1,1,3261000.0,1854000.0,0.569,3104000.0,0.138,Pago mínimo,136000.0,2,12.7,0,Poor
34,Dependiente,Formal,56,3663000.0,0.038,4.7,Dependiente,10,3860000.0,107,1,0,0,0.0,0.0,0.0,0.0,0.0,No aplica,0.0,0,0.0,0,Poor
42,Independiente,Informal,46,1502000.0,0.458,3.8,Sin cotizacion,0,0.0,84,2,1,1,2304000.0,1685000.0,0.731,11439000.0,0.635,Pago superior al mínimo,698000.0,1,9.5,1,Poor
40,Independiente,Formal,98,1009000.0,0.161,8.2,Independiente,9,368000.0,127,1,0,0,0.0,0.0,0.0,0.0,0.0,No aplica,0.0,0,0.0,1,Good
36,Independiente,Informal,25,5506000.0,0.359,2.1,Sin cotizacion,0,0.0,111,3,0,1,7369000.0,3449000.0,0.468,3449000.0,0.052,Pago total,3065000.0,1,1.9,1,Standard
33,Independiente,Informal,52,817000.0,0.514,4.3,Sin cotizacion,0,0.0,26,3,1,0,0.0,0.0,0.0,3705000.0,0.378,No aplica,0.0,0,0.0,1,Standard
37,Dependiente,Formal,25,3749000.0,0.107,2.1,Dependiente,10,3615000.0,161,1,0,1,2835000.0,675000.0,0.238,675000.0,0.015,Pago total,583000.0,0,0.0,1,Standard
38,Dependiente,Formal,77,4194000.0,0.015,6.4,Dependiente,12,4374000.0,35,3,1,0,0.0,0.0,0.0,2044000.0,0.041,No aplica,0.0,0,0.0,3,Standard
52,Dependiente,Formal,93,4622000.0,0.279,7.8,Dependiente,12,4336000.0,306,3,1,1,6674000.0,2882000.0,0.432,14578000.0,0.263,Pago superior al mínimo,964000.0,0,0.0,0,Good
31,Dependiente,Formal,45,2944000.0,0.215,3.8,Dependiente,9,2944000.0,90,2,1,0,0.0,0.0,0.0,5106000.0,0.145,No aplica,0.0,0,0.0,0,Good
25,Cuenta propia,Formal,51,2181000.0,0.464,4.2,Independiente,11,981000.0,63,3,1,1,1126000.0,920000.0,0.817,7339000.0,0.28,Pago mínimo,75000.0,4,9.6,2,Poor
63,Pensionado,No aplica,121,3090000.0,0.206,10.1,Pensionado,12,3212000.0,127,1,0,1,3874000.0,571000.0,0.147,571000.0,0.015,Pago total,505000.0,0,0.0,0,Good
38,Dependiente,Formal,37,5025000.0,0.199,3.1,Dependiente,7,4938000.0,120,4,2,1,5819000.0,1902000.0,0.327,26884000.0,0.446,Pago superior al mínimo,474000.0,0,0.0,4,Good
46,Dependiente,Formal,42,8539000.0,0.055,3.5,Dependiente,5,8884000.0,113,4,1,1,6481000.0,2190000.0,0.338,17760000.0,0.173,Pago total,2157000.0,1,4.6,1,Good
20,Desempleado,No aplica,0,0.0,0.777,0.0,Sin cotizacion,0,0.0,5,2,1,1,1468000.0,196000.0,0.134,196000.0,2.0,Pago superior al mínimo,64000.0,1,7.6,3,Poor
43,Dependiente,Formal,100,4222000.0,0.075,8.3,Dependiente,12,4032000.0,164,4,1,1,3187000.0,1860000.0,0.584,18222000.0,0.36,Pago superior al mínimo,632000.0,1,6.7,3,Good
24,Independiente,Formal,43,1027000.0,0.395,3.6,Independiente,5,383000.0,68,2,1,0,0.0,0.0,0.0,1395000.0,0.113,No aplica,0.0,0,0.0,1,Good
35,Dependiente,Formal,19,3917000.0,0.011,1.6,Dependiente,8,3953000.0,100,3,0,1,4360000.0,1481000.0,0.34,1481000.0,0.032,Pago total,1400000.0,0,0.0,1,Good
39,Independiente,Informal,43,3162000.0,0.449,3.6,Sin cotizacion,0,0.0,178,4,3,1,1989000.0,1175000.0,0.591,15954000.0,0.42,Pago superior al mínimo,279000.0,1,17.2,3,Standard
35,Dependiente,Formal,19,3684000.0,0.011,1.6,Dependiente,11,3740000.0,56,4,2,0,0.0,0.0,0.0,22443000.0,0.508,No aplica,0.0,1,9.4,0,Poor
33,Cuenta propia,Formal,65,3301000.0,0.259,5.4,Independiente,11,1182000.0,161,3,1,1,8372000.0,2328000.0,0.278,13843000.0,0.349,Pago superior al mínimo,602000.0,1,0.4,2,Good
55,Pensionado,No aplica,166,2205000.0,0.274,13.8,Pensionado,12,2328000.0,245,3,0,0,0.0,0.0,0.0,0.0,0.0,No aplica,0.0,0,0.0,1,Good
32,Independiente,Formal,55,8030000.0,0.503,4.6,Independiente,6,2609000.0,79,3,1,1,3612000.0,1051000.0,0.291,20482000.0,0.213,Pago superior al mínimo,258000.0,1,5.0,1,Poor
30,Independiente,Informal,9,1256000.0,0.331,0.8,Sin cotizacion,0,0.0,97,1,1,1,1981000.0,321000.0,0.162,2159000.0,0.143,Pago superior al mínimo,110000.0,0,0.0,1,Standard
62,Pensionado,No aplica,214,4786000.0,0.088,17.8,Pensionado,12,4794000.0,278,3,1,1,2687000.0,770000.0,0.287,4001000.0,0.07,Pago total,706000.0,0,0.0,2,Standard
36,Independiente,Informal,17,3054000.0,0.396,1.4,Sin cotizacion,0,0.0,116,3,0,1,3863000.0,1915000.0,0.496,1915000.0,0.052,Pago superior al mínimo,794000.0,0,0.0,0,Standard
42,Dependiente,Formal,97,3643000.0,0.133,8.1,Dependiente,7,3672000.0,221,2,0,1,6096000.0,3025000.0,0.496,3025000.0,0.069,Pago total,2991000.0,0,0.0,1,Standard
54,Independiente,Informal,41,1005000.0,0.464,3.4,Sin cotizacion,0,0.0,93,1,0,0,0.0,0.0,0.0,0.0,0.0,No aplica,0.0,0,0.0,0,Standard
45,Independiente,Formal,124,2083000.0,0.572,10.3,Independiente,4,688000.0,87,3,1,0,0.0,0.0,0.0,1444000.0,0.058,No aplica,0.0,2,11.1,0,Poor
36,Dependiente,Formal,70,4138000.0,0.246,5.8,Dependiente,5,4357000.0,64,3,1,1,5480000.0,3637000.0,0.664,10886000.0,0.219,Pago superior al mínimo,821000.0,1,5.7,2,Standard
52,Independiente,Informal,43,1717000.0,0.332,3.6,Sin cotizacion,0,0.0,304,2,1,1,2070000.0,1872000.0,0.904,5697000.0,0.276,Pago mínimo,220000.0,1,7.5,2,Good
48,Cuenta propia,Informal,20,4636000.0,0.436,1.7,Sin cotizacion,0,0.0,322,3,0,1,3772000.0,2063000.0,0.547,2063000.0,0.037,Pago superior al mínimo,880000.0,3,12.3,2,Poor
53,Cuenta propia,Informal,5,2825000.0,0.367,0.4,Sin cotizacion,0,0.0,182,4,1,1,2762000.0,887000.0,0.321,5379000.0,0.159,Pago superior al mínimo,354000.0,3,28.7,0,Poor
48,Dependiente,Formal,43,2101000.0,0.152,3.6,Dependiente,7,2039000.0,333,2,0,0,0.0,0.0,0.0,0.0,0.0,No aplica,0.0,0,0.0,0,Good
49,Dependiente,Formal,85,5620000.0,0.228,7.1,Dependiente,12,5642000.0,327,3,0,1,9080000.0,2910000.0,0.32,2910000.0,0.043,Pago total,2826000.0,0,0.0,1,Good
57,Pensionado,No aplica,203,2324000.0,0.283,16.9,Pensionado,12,2347000.0,394,1,0,1,2164000.0,1297000.0,0.599,1297000.0,0.047,Pago total,1173000.0,0,0.0,1,Poor
30,Cuenta propia,Informal,25,1854000.0,0.58,2.1,Sin cotizacion,0,0.0,131,2,1,1,4896000.0,1628000.0,0.333,3500000.0,0.157,Pago superior al mínimo,725000.0,1,6.8,2,Poor
39,Dependiente,Formal,53,5837000.0,0.163,4.4,Dependiente,7,5497000.0,145,3,1,1,9462000.0,6644000.0,0.702,11974000.0,0.171,Pago superior al mínimo,1468000.0,0,0.0,0,Poor
37,Cuenta propia,Informal,12,779000.0,0.339,1.0,Sin cotizacion,0,0.0,169,2,2,1,2868000.0,1434000.0,0.5,4897000.0,0.524,Pago superior al mínimo,561000.0,0,0.0,1,Standard
31,Cuenta propia,Informal,25,881000.0,0.621,2.1,Sin cotizacion,0,0.0,66,2,1,1,678000.0,262000.0,0.386,4518000.0,0.427,Pago mínimo,38000.0,2,11.5,0,Poor
40,Dependiente,Formal,56,4268000.0,0.024,4.7,Dependiente,11,4085000.0,100,4,1,1,1609000.0,236000.0,0.147,5495000.0,0.107,Pago total,210000.0,1,8.8,0,Standard
37,Independiente,Informal,65,736000.0,0.188,5.4,Sin cotizacion,0,0.0,88,2,1,1,870000.0,351000.0,0.403,1800000.0,0.204,Pago superior al mínimo,83000.0,1,11.4,1,Good
47,Dependiente,Formal,81,3007000.0,0.16,6.8,Dependiente,12,3195000.0,276,2,0,1,2348000.0,935000.0,0.398,935000.0,0.026,Pago total,816000.0,0,0.0,0,Standard
33,Dependiente,Informal,33,4008000.0,0.131,2.8,Sin cotizacion,0,0.0,71,5,3,1,6282000.0,1678000.0,0.267,16828000.0,0.35,Pago superior al mínimo,764000.0,0,0.0,2,Good
45,Dependiente,Informal,35,2498000.0,0.308,2.9,Sin cotizacion,0,0.0,78,3,1,1,3659000.0,2062000.0,0.564,9450000.0,0.315,Pago total,1702000.0,0,0.0,1,Good
45,Cuenta propia,Informal,73,857000.0,0.495,6.1,Sin cotizacion,0,0.0,157,1,0,0,0.0,0.0,0.0,0.0,0.0,No aplica,0.0,0,0.0,0,Good
22,Dependiente,Formal,48,3269000.0,0.156,4.0,Dependiente,11,3260000.0,16,2,1,0,0.0,0.0,0.0,6027000.0,0.154,No aplica,0.0,1,3.6,2,Good
28,Dependiente,Formal,48,2692000.0,0.144,4.0,Dependiente,5,2423000.0,76,2,2,0,0.0,0.0,0.0,20466000.0,0.634,No aplica,0.0,0,0.0,0,Good
32,Dependiente,Formal,138,2466000.0,0.171,11.5,Dependiente,11,2436000.0,116,3,1,1,5282000.0,2079000.0,0.394,7403000.0,0.25,Pago total,1882000.0,0,0.0,3,Poor
46,Dependiente,Formal,94,19394000.0,0.064,7.8,Dependiente,12,19368000.0,216,4,1,1,30588000.0,17805000.0,0.582,59735000.0,0.257,Pago superior al mínimo,8140000.0,0,0.0,2,Poor
54,Cuenta propia,Informal,19,3454000.0,0.317,1.6,Sin cotizacion,0,0.0,114,3,1,0,0.0,0.0,0.0,3967000.0,0.096,No aplica,0.0,1,2.1,4,Poor
51,Dependiente,Formal,139,3512000.0,0.169,11.6,Dependiente,9,3543000.0,105,2,2,1,2320000.0,344000.0,0.148,8503000.0,0.202,Pago total,329000.0,0,0.0,1,Standard
35,Dependiente,Formal,55,5238000.0,0.081,4.6,Dependiente,9,4819000.0,156,2,2,1,6933000.0,3045000.0,0.439,31296000.0,0.498,Pago mínimo,308000.0,2,6.6,1,Poor
30,Independiente,Formal,55,3024000.0,0.388,4.6,Independiente,7,1206000.0,28,1,1,1,6035000.0,3425000.0,0.568,10448000.0,0.288,Pago mínimo,385000.0,1,7.7,0,Poor
51,Dependiente,Formal,29,3160000.0,0.116,2.4,Dependiente,11,3055000.0,142,4,3,1,6609000.0,2495000.0,0.378,72695000.0,1.917,Pago mínimo,195000.0,2,14.6,0,Poor
42,Dependiente,Formal,34,4305000.0,0.103,2.8,Dependiente,9,4343000.0,236,3,1,0,0.0,0.0,0.0,4220000.0,0.082,No aplica,0.0,0,0.0,1,Good
33,Dependiente,Formal,105,4300000.0,0.123,8.8,Dependiente,12,4387000.0,115,4,2,1,5565000.0,1438000.0,0.258,34195000.0,0.663,Pago total,1419000.0,2,0.4,0,Standard
25,Dependiente,Informal,27,3547000.0,0.157,2.2,Sin cotizacion,0,0.0,37,3,0,1,4149000.0,1525000.0,0.368,1525000.0,0.036,Pago total,1229000.0,0,0.0,0,Good
40,Dependiente,Informal,29,5518000.0,0.077,2.4,Sin cotizacion,0,0.0,190,3,1,1,15765000.0,4035000.0,0.256,16046000.0,0.242,Pago total,3523000.0,0,0.0,3,Good
46,Dependiente,Formal,121,6679000.0,0.164,10.1,Dependiente,11,6786000.0,192,3,0,1,7451000.0,2026000.0,0.272,2026000.0,0.025,Pago total,1781000.0,0,0.0,3,Good
59,Independiente,Informal,41,5589000.0,0.215,3.4,Sin cotizacion,0,0.0,86,4,1,0,0.0,0.0,0.0,5935000.0,0.088,No aplica,0.0,0,0.0,1,Good
41,Cuenta propia,Informal,12,4220000.0,0.664,1.0,Sin cotizacion,0,0.0,183,4,1,0,0.0,0.0,0.0,1483000.0,0.029,No aplica,0.0,1,2.6,2,Good
36,Dependiente,Formal,115,6023000.0,0.038,9.6,Dependiente,10,6361000.0,147,3,2,0,0.0,0.0,0.0,15940000.0,0.221,No aplica,0.0,1,5.3,4,Poor
25,Independiente,Formal,84,5463000.0,0.449,7.0,Independiente,11,2622000.0,42,5,0,1,10615000.0,1446000.0,0.136,1446000.0,0.022,Pago total,1381000.0,0,0.0,2,Standard
41,Independiente,Formal,61,1469000.0,0.145,5.1,Independiente,4,521000.0,237,1,1,0,0.0,0.0,0.0,2110000.0,0.12,No aplica,0.0,0,0.0,0,Standard
33,Dependiente,Informal,10,3077000.0,0.108,0.8,Sin cotizacion,0,0.0,33,2,1,0,0.0,0.0,0.0,4413000.0,0.12,No aplica,0.0,0,0.0,3,Good
38,Independiente,Informal,38,7471000.0,0.416,3.2,Sin cotizacion,0,0.0,192,2,1,1,17390000.0,6419000.0,0.369,33271000.0,0.371,Pago superior al mínimo,2195000.0,1,4.8,0,Poor
41,Dependiente,Formal,38,2595000.0,0.081,3.2,Dependiente,12,2555000.0,93,3,1,1,5989000.0,2185000.0,0.365,6038000.0,0.194,Pago superior al mínimo,999000.0,1,6.4,1,Poor
53,Desempleado,No aplica,0,1059000.0,0.456,0.0,Sin cotizacion,0,0.0,90,1,0,1,2201000.0,367000.0,0.167,367000.0,0.029,Pago superior al mínimo,105000.0,1,2.3,1,Poor
63,Dependiente,Formal,57,4164000.0,0.198,4.8,Dependiente,11,4288000.0,402,4,3,0,0.0,0.0,0.0,29833000.0,0.597,No aplica,0.0,3,19.8,0,Poor
43,Dependiente,Formal,59,4525000.0,0.168,4.9,Dependiente,11,4502000.0,84,3,1,1,8000000.0,818000.0,0.102,4475000.0,0.082,Pago total,683000.0,0,0.0,1,Good
49,Dependiente,Formal,40,15252000.0,0.126,3.3,Dependiente,6,13727000.0,99,4,1,1,18868000.0,5661000.0,0.3,44934000.0,0.246,Pago total,4809000.0,0,0.0,1,Standard
20,Desempleado,No aplica,0,0.0,0.802,0.0,Sin cotizacion,0,0.0,9,2,2,0,0.0,0.0,0.0,0.0,0.0,No aplica,0.0,1,12.4,4,Good
34,Dependiente,Formal,124,2911000.0,0.064,10.3,Dependiente,11,2889000.0,75,3,2,0,0.0,0.0,0.0,18068000.0,0.517,No aplica,0.0,1,2.7,2,Poor
41,Independiente,Informal,18,763000.0,0.219,1.5,Sin cotizacion,0,0.0,147,1,0,0,0.0,0.0,0.0,0.0,0.0,No aplica,0.0,0,0.0,1,Standard
27,Dependiente,Formal,108,4115000.0,0.217,9.0,Dependiente,10,4318000.0,24,4,1,1,7571000.0,4218000.0,0.557,19647000.0,0.398,Pago superior al mínimo,1063000.0,0,0.0,2,Good
49,Independiente,Informal,32,3713000.0,0.837,2.7,Sin cotizacion,0,0.0,294,3,1,0,0.0,0.0,0.0,2802000.0,0.063,No aplica,0.0,1,17.0,1,Good
41,Dependiente,Formal,28,4011000.0,0.083,2.3,Dependiente,10,3787000.0,130,4,3,1,4645000.0,1419000.0,0.305,85427000.0,1.775,Pago mínimo,119000.0,4,15.1,0,Standard
59,Pensionado,No aplica,176,3290000.0,0.041,14.7,Pensionado,12,3312000.0,357,2,1,0,0.0,0.0,0.0,4896000.0,0.124,No aplica,0.0,0,0.0,1,Good
59,Dependiente,Formal,123,4611000.0,0.188,10.2,Dependiente,9,4259000.0,272,4,2,1,9569000.0,6613000.0,0.691,29953000.0,0.541,Pago mínimo,491000.0,2,3.8,0,Standard
48,Dependiente,Formal,60,2863000.0,0.065,5.0,Dependiente,4,2963000.0,206,3,0,1,2092000.0,1743000.0,0.833,1743000.0,0.051,Pago mínimo,195000.0,0,0.0,1,Good
25,Dependiente,Formal,44,4314000.0,0.207,3.7,Dependiente,10,4356000.0,50,4,1,1,5549000.0,2587000.0,0.466,16770000.0,0.324,Pago superior al mínimo,528000.0,1,8.5,2,Poor
26,Dependiente,Formal,96,4717000.0,0.164,8.0,Dependiente,10,4610000.0,37,3,0,1,4488000.0,934000.0,0.208,934000.0,0.017,Pago superior al mínimo,328000.0,0,0.0,0,Standard
19,Cuenta propia,Formal,12,782000.0,0.385,1.0,Independiente,8,300000.0,4,1,0,0,0.0,0.0,0.0,0.0,0.0,No aplica,0.0,0,0.0,0,Poor
47,Dependiente,Informal,24,4389000.0,0.185,2.0,Sin cotizacion,0,0.0,219,2,0,1,2607000.0,281000.0,0.108,281000.0,0.005,Pago total,247000.0,0,0.0,0,Standard
26,Cuenta propia,Informal,29,1497000.0,0.474,2.4,Sin cotizacion,0,0.0,71,2,0,1,1354000.0,576000.0,0.425,576000.0,0.032,Pago total,499000.0,1,14.1,1,Standard
34,Dependiente,Formal,57,4556000.0,0.243,4.8,Dependiente,11,4283000.0,113,2,2,1,2555000.0,769000.0,0.301,12529000.0,0.229,Pago superior al mínimo,171000.0,0,0.0,3,Standard
30,Dependiente,Informal,31,2459000.0,0.014,2.6,Sin cotizacion,0,0.0,59,1,0,1,2505000.0,1041000.0,0.416,1041000.0,0.035,Pago superior al mínimo,435000.0,0,0.0,1,Good
36,Dependiente,Formal,60,3271000.0,0.177,5.0,Dependiente,9,3403000.0,128,4,1,1,4606000.0,2376000.0,0.516,6524000.0,0.166,Pago superior al mínimo,733000.0,1,6.0,1,Standard
54,Dependiente,Formal,39,5086000.0,0.247,3.2,Dependiente,9,4923000.0,294,2,0,1,10601000.0,2114000.0,0.199,2114000.0,0.035,Pago total,2089000.0,0,0.0,0,Standard
52,Independiente,Informal,23,2290000.0,0.182,1.9,Sin cotizacion,0,0.0,257,1,1,1,2431000.0,1258000.0,0.517,4735000.0,0.172,Pago mínimo,182000.0,0,0.0,0,Poor
44,Dependiente,Informal,42,4757000.0,0.318,3.5,Sin cotizacion,0,0.0,127,5,2,1,2645000.0,1330000.0,0.503,26950000.0,0.472,Pago superior al mínimo,495000.0,0,0.0,1,Poor
38,Dependiente,Informal,64,4898000.0,0.236,5.3,Sin cotizacion,0,0.0,148,3,0,1,5680000.0,3765000.0,0.663,3765000.0,0.064,Pago superior al mínimo,1150000.0,0,0.0,0,Standard
46,Cuenta propia,Informal,11,1545000.0,0.555,0.9,Sin cotizacion,0,0.0,277,3,0,1,3187000.0,1025000.0,0.322,1025000.0,0.055,Pago superior al mínimo,328000.0,2,12.6,0,Poor
45,Cuenta propia,Informal,13,1996000.0,0.833,1.1,Sin cotizacion,0,0.0,191,2,0,1,1126000.0,627000.0,0.557,627000.0,0.026,Pago mínimo,49000.0,0,0.0,1,Standard
53,Dependiente,Formal,91,3372000.0,0.36,7.6,Dependiente,11,3439000.0,382,2,1,1,3014000.0,1597000.0,0.53,11455000.0,0.283,Pago superior al mínimo,647000.0,1,4.8,1,Good
45,Dependiente,Informal,82,3260000.0,0.482,6.8,Sin cotizacion,0,0.0,251,1,0,1,3873000.0,1759000.0,0.454,1759000.0,0.045,Pago superior al mínimo,634000.0,1,13.9,0,Standard
26,Independiente,Informal,19,6208000.0,0.425,1.6,Sin cotizacion,0,0.0,76,5,0,1,3762000.0,2337000.0,0.621,2337000.0,0.031,Pago mínimo,216000.0,1,8.3,2,Poor
38,Dependiente,Formal,38,1705000.0,0.254,3.2,Dependiente,11,1639000.0,164,3,1,0,0.0,0.0,0.0,8447000.0,0.413,No aplica,0.0,0,0.0,1,Good
60,Dependiente,Formal,113,2108000.0,0.258,9.4,Dependiente,11,2293000.0,335,2,0,0,0.0,0.0,0.0,0.0,0.0,No aplica,0.0,0,0.0,0,Poor
29,Dependiente,Formal,110,3147000.0,0.324,9.2,Dependiente,12,3343000.0,83,3,1,0,0.0,0.0,0.0,14122000.0,0.374,No aplica,0.0,1,1.6,0,Standard
46,Independiente,Formal,16,4882000.0,0.218,1.3,Independiente,11,2343000.0,194,2,0,0,0.0,0.0,0.0,0.0,0.0,No aplica,0.0,0,0.0,1,Standard
33,Independiente,Informal,7,1244000.0,0.363,0.6,Sin cotizacion,0,0.0,152,1,1,1,1147000.0,631000.0,0.55,6168000.0,0.413,Pago mínimo,65000.0,2,3.5,1,Poor
28,Dependiente,Formal,35,3504000.0,0.206,2.9,Dependiente,6,3811000.0,82,2,1,1,8427000.0,2350000.0,0.279,14719000.0,0.35,Pago total,1937000.0,1,11.6,0,Good
58,Dependiente,Formal,93,2859000.0,0.072,7.8,Dependiente,11,2786000.0,360,3,0,0,0.0,0.0,0.0,0.0,0.0,No aplica,0.0,0,0.0,0,Standard
38,Dependiente,Formal,65,2953000.0,0.251,5.4,Dependiente,10,2849000.0,65,2,0,1,5221000.0,2717000.0,0.52,2717000.0,0.077,Pago superior al mínimo,1084000.0,1,3.9,0,Good
22,Cuenta propia,Informal,35,4227000.0,0.419,2.9,Sin cotizacion,0,0.0,32,5,1,1,3251000.0,848000.0,0.261,15044000.0,0.297,Pago superior al mínimo,301000.0,2,10.2,2,Poor
33,Dependiente,Formal,129,2931000.0,0.185,10.8,Dependiente,10,3169000.0,77,2,1,0,0.0,0.0,0.0,4510000.0,0.128,No aplica,0.0,1,13.9,0,Standard
51,Dependiente,Formal,45,3392000.0,0.198,3.8,Dependiente,12,3373000.0,317,2,1,1,6266000.0,3933000.0,0.628,8666000.0,0.213,Pago superior al mínimo,1512000.0,1,14.8,2,Poor
29,Cuenta propia,Formal,78,2075000.0,0.434,6.5,Independiente,9,899000.0,78,3,0,0,0.0,0.0,0.0,0.0,0.0,No aplica,0.0,0,0.0,1,Good
22,Dependiente,Informal,48,3745000.0,0.296,4.0,Sin cotizacion,0,0.0,27,3,1,0,0.0,0.0,0.0,2747000.0,0.061,No aplica,0.0,1,9.2,1,Standard
28,Independiente,Informal,21,2304000.0,0.063,1.8,Sin cotizacion,0,0.0,78,1,0,1,3364000.0,1410000.0,0.419,1410000.0,0.051,Pago superior al mínimo,399000.0,0,0.0,1,Good
43,Dependiente,Formal,37,2956000.0,0.014,3.1,Dependiente,12,2883000.0,197,2,1,1,8479000.0,4751000.0,0.56,19426000.0,0.548,Pago mínimo,591000.0,0,0.0,1,Standard
66,Dependiente,Formal,109,5178000.0,0.194,9.1,Dependiente,12,5053000.0,248,4,1,0,0.0,0.0,0.0,10682000.0,0.172,No aplica,0.0,1,14.9,1,Poor
27,Dependiente,Formal,76,4601000.0,0.093,6.3,Dependiente,8,4754000.0,59,3,1,1,6228000.0,1236000.0,0.198,12669000.0,0.229,Pago total,1107000.0,0,0.0,2,Good
26,Independiente,Formal,28,7336000.0,0.41,2.3,Independiente,3,2356000.0,37,2,1,1,6362000.0,5906000.0,0.928,8264000.0,0.094,Pago mínimo,354000.0,0,0.0,2,Good
32,Cuenta propia,Informal,71,1910000.0,0.268,5.9,Sin cotizacion,0,0.0,144,1,1,0,0.0,0.0,0.0,2490000.0,0.109,No aplica,0.0,1,9.1,1,Standard
27,Cuenta propia,Informal,40,2577000.0,0.501,3.3,Sin cotizacion,0,0.0,36,3,1,0,0.0,0.0,0.0,9705000.0,0.314,No aplica,0.0,0,0.0,2,Poor
51,Dependiente,Formal,99,5694000.0,0.257,8.2,Dependiente,9,5872000.0,153,2,1,1,4183000.0,2166000.0,0.518,16284000.0,0.238,Pago mínimo,253000.0,0,0.0,1,Standard
47,Independiente,Informal,32,3338000.0,0.343,2.7,Sin cotizacion,0,0.0,250,1,0,0,0.0,0.0,0.0,0.0,0.0,No aplica,0.0,0,0.0,0,Standard
49,Dependiente,Formal,43,7225000.0,0.114,3.6,Dependiente,6,7377000.0,211,3,1,1,10879000.0,3810000.0,0.35,13210000.0,0.152,Pago superior al mínimo,891000.0,1,6.3,1,Poor
37,Dependiente,Formal,73,4789000.0,0.137,6.1,Dependiente,7,4687000.0,114,2,0,0,0.0,0.0,0.0,0.0,0.0,No aplica,0.0,0,0.0,2,Good
60,Pensionado,No aplica,276,5833000.0,0.088,23.0,Pensionado,12,5837000.0,450,2,1,1,7268000.0,2955000.0,0.407,13765000.0,0.197,Pago total,2399000.0,0,0.0,0,Standard
48,Dependiente,Formal,56,6030000.0,0.093,4.7,Dependiente,12,6074000.0,331,5,1,0,0.0,0.0,0.0,43648000.0,0.603,No aplica,0.0,1,6.9,1,Poor
58,Dependiente,Formal,38,1677000.0,0.031,3.2,Dependiente,12,1693000.0,171,2,1,1,2654000.0,1761000.0,0.664,4639000.0,0.231,Pago mínimo,219000.0,5,31.8,0,Poor
28,Dependiente,Formal,120,2700000.0,0.33,10.0,Dependiente,11,2775000.0,22,2,0,0,0.0,0.0,0.0,0.0,0.0,No aplica,0.0,0,0.0,0,Good
47,Dependiente,Formal,72,1908000.0,0.179,6.0,Dependiente,12,1846000.0,178,3,1,0,0.0,0.0,0.0,4128000.0,0.18,No aplica,0.0,2,6.3,2,Good
51,Dependiente,Formal,72,2993000.0,0.182,6.0,Dependiente,8,3292000.0,291,4,0,1,2782000.0,1294000.0,0.465,1294000.0,0.036,Pago superior al mínimo,442000.0,2,4.2,1,Standard
32,Independiente,Formal,58,2936000.0,0.379,4.8,Independiente,10,1150000.0,113,3,0,1,5147000.0,4182000.0,0.813,4182000.0,0.119,Pago mínimo,220000.0,3,20.4,1,Poor
25,Dependiente,Formal,78,4607000.0,0.385,6.5,Dependiente,8,4583000.0,10,5,2,1,10176000.0,3227000.0,0.317,21576000.0,0.39,Pago superior al mínimo,1142000.0,0,0.0,2,Standard
37,Cuenta propia,Informal,1,1520000.0,0.124,0.1,Sin cotizacion,0,0.0,154,2,1,1,2167000.0,775000.0,0.358,4255000.0,0.233,Pago superior al mínimo,363000.0,0,0.0,0,Good
49,Cuenta propia,Informal,50,6130000.0,0.236,4.2,Sin cotizacion,0,0.0,349,4,1,0,0.0,0.0,0.0,26815000.0,0.365,No aplica,0.0,1,0.4,0,Standard
39,Dependiente,Formal,88,2700000.0,0.22,7.3,Dependiente,10,2910000.0,78,4,1,0,0.0,0.0,0.0,27108000.0,0.837,No aplica,0.0,3,7.4,1,Poor
52,Dependiente,Formal,111,3504000.0,0.315,9.2,Dependiente,10,3248000.0,406,1,0,0,0.0,0.0,0.0,0.0,0.0,No aplica,0.0,0,0.0,0,Standard
54,Dependiente,Formal,73,2284000.0,0.112,6.1,Dependiente,11,2461000.0,234,2,1,1,4649000.0,1027000.0,0.221,12955000.0,0.473,Pago total,841000.0,0,0.0,0,Good
40,Independiente,Informal,25,8025000.0,0.652,2.1,Sin cotizacion,0,0.0,136,5,2,1,11934000.0,4735000.0,0.397,42093000.0,0.437,Pago superior al mínimo,1440000.0,1,14.0,0,Poor
19,Dependiente,Formal,12,5876000.0,0.169,1.0,Dependiente,7,5898000.0,5,3,1,1,8428000.0,7100000.0,0.842,32616000.0,0.463,Pago mínimo,945000.0,1,6.4,1,Standard
47,Independiente,Formal,122,4009000.0,0.749,10.2,Independiente,4,1519000.0,258,2,2,0,0.0,0.0,0.0,6071000.0,0.126,No aplica,0.0,1,14.1,1,Good
44,Dependiente,Formal,56,1971000.0,0.199,4.7,Dependiente,11,1883000.0,274,3,1,0,0.0,0.0,0.0,3896000.0,0.165,No aplica,0.0,1,3.4,1,Good
29,Independiente,Informal,14,2060000.0,0.422,1.2,Sin cotizacion,0,0.0,114,1,1,1,2132000.0,867000.0,0.407,3481000.0,0.141,Pago total,738000.0,0,0.0,0,Standard
50,Dependiente,Formal,65,4429000.0,0.113,5.4,Dependiente,11,4204000.0,156,3,0,0,0.0,0.0,0.0,0.0,0.0,No aplica,0.0,0,0.0,0,Good
32,Dependiente,Formal,40,2542000.0,0.206,3.3,Dependiente,10,2507000.0,34,4,0,1,5690000.0,3219000.0,0.566,3219000.0,0.106,Pago superior al mínimo,749000.0,2,19.1,0,Poor
48,Cuenta propia,Formal,62,11975000.0,0.374,5.2,Independiente,5,4923000.0,97,3,1,1,11929000.0,7211000.0,0.604,23752000.0,0.165,Pago superior al mínimo,2402000.0,0,0.0,1,Good
37,Independiente,Formal,81,12932000.0,0.261,6.8,Independiente,12,5495000.0,111,6,0,1,18620000.0,3042000.0,0.163,3042000.0,0.02,Pago total,2960000.0,0,0.0,1,Good
43,Dependiente,Formal,37,1730000.0,0.115,3.1,Dependiente,6,1748000.0,61,2,1,1,1457000.0,83000.0,0.057,6544000.0,0.315,Pago total,72000.0,0,0.0,2,Good
21,Desempleado,No aplica,0,0.0,0.878,0.0,Sin cotizacion,0,0.0,11,3,0,0,0.0,0.0,0.0,0.0,0.0,No aplica,0.0,0,0.0,0,Poor
26,Dependiente,Formal,64,3429000.0,0.188,5.3,Dependiente,12,3359000.0,65,3,1,0,0.0,0.0,0.0,16671000.0,0.405,No aplica,0.0,0,0.0,0,Standard
31,Cuenta propia,Informal,31,3022000.0,0.586,2.6,Sin cotizacion,0,0.0,123,2,2,1,5734000.0,1840000.0,0.321,6930000.0,0.191,Pago superior al mínimo,830000.0,1,1.7,1,Good
46,Cuenta propia,Informal,52,2714000.0,0.577,4.3,Sin cotizacion,0,0.0,322,4,1,1,3236000.0,1972000.0,0.609,6813000.0,0.209,Pago superior al mínimo,462000.0,1,14.6,0,Poor
37,Dependiente,Formal,125,1989000.0,0.252,10.4,Dependiente,8,2096000.0,130,3,0,0,0.0,0.0,0.0,0.0,0.0,No aplica,0.0,0,0.0,0,Standard
40,Dependiente,Formal,56,7069000.0,0.171,4.7,Dependiente,11,7776000.0,242,3,1,1,11585000.0,4707000.0,0.406,13964000.0,0.165,Pago superior al mínimo,1516000.0,0,0.0,4,Good
34,Dependiente,Formal,161,6129000.0,0.184,13.4,Dependiente,11,6495000.0,108,3,1,1,4510000.0,1720000.0,0.381,20641000.0,0.281,Pago superior al mínimo,596000.0,0,0.0,0,Standard
37,Dependiente,Informal,47,1223000.0,0.277,3.9,Sin cotizacion,0,0.0,198,1,0,0,0.0,0.0,0.0,0.0,0.0,No aplica,0.0,0,0.0,2,Standard
43,Independiente,Informal,23,3594000.0,0.555,1.9,Sin cotizacion,0,0.0,214,3,1,1,3045000.0,645000.0,0.212,15450000.0,0.358,Pago total,567000.0,0,0.0,1,Good
29,Dependiente,Formal,55,2500000.0,0.114,4.6,Dependiente,12,2464000.0,69,2,1,0,0.0,0.0,0.0,21813000.0,0.727,No aplica,0.0,0,0.0,0,Good
36,Dependiente,Formal,52,3762000.0,0.073,4.3,Dependiente,10,3838000.0,136,2,1,1,3463000.0,1523000.0,0.44,17907000.0,0.397,Pago total,1489000.0,0,0.0,1,Standard
44,Cuenta propia,Informal,21,4645000.0,0.218,1.8,Sin cotizacion,0,0.0,169,4,3,0,0.0,0.0,0.0,58686000.0,1.053,No aplica,0.0,1,5.4,3,Standard
51,Desempleado,No aplica,0,2904000.0,0.549,0.0,Sin cotizacion,0,0.0,329,2,0,0,0.0,0.0,0.0,0.0,0.0,No aplica,0.0,0,0.0,1,Standard
36,Dependiente,Formal,116,4236000.0,0.083,9.7,Dependiente,5,4332000.0,140,3,1,0,0.0,0.0,0.0,4419000.0,0.087,No aplica,0.0,0,0.0,2,Standard
46,Dependiente,Formal,97,5243000.0,0.129,8.1,Dependiente,12,5579000.0,160,3,0,1,7642000.0,4621000.0,0.605,4621000.0,0.073,Pago superior al mínimo,1358000.0,0,0.0,3,Good
24,Dependiente,Formal,58,3025000.0,0.037,4.8,Dependiente,10,2984000.0,19,2,1,0,0.0,0.0,0.0,3900000.0,0.107,No aplica,0.0,1,16.8,1,Poor
40,Dependiente,Formal,45,6475000.0,0.103,3.8,Dependiente,12,6225000.0,48,3,2,1,8913000.0,1888000.0,0.212,28745000.0,0.37,Pago total,1837000.0,0,0.0,4,Poor
34,Cuenta propia,Informal,58,1342000.0,0.7,4.8,Sin cotizacion,0,0.0,38,2,0,1,1532000.0,877000.0,0.572,877000.0,0.054,Pago superior al mínimo,395000.0,0,0.0,2,Standard
37,Dependiente,Formal,71,5502000.0,0.058,5.9,Dependiente,12,5752000.0,104,4,0,1,5168000.0,2585000.0,0.5,2585000.0,0.039,Pago superior al mínimo,1121000.0,0,0.0,2,Standard
28,Independiente,Formal,34,10048000.0,0.194,2.8,Independiente,9,4183000.0,15,3,2,1,7242000.0,4499000.0,0.621,150000000.0,1.244,Pago mínimo,340000.0,2,9.1,2,Poor
28,Dependiente,Formal,16,2239000.0,0.223,1.3,Dependiente,12,2140000.0,53,1,1,1,3868000.0,2832000.0,0.732,7538000.0,0.281,Pago irregular,83000.0,4,14.6,2,Poor
38,Independiente,Informal,26,3427000.0,0.384,2.2,Sin cotizacion,0,0.0,150,2,2,1,2817000.0,1025000.0,0.364,35782000.0,0.87,Pago total,935000.0,0,0.0,0,Poor
43,Independiente,Formal,75,5506000.0,0.13,6.2,Independiente,9,2358000.0,163,3,2,1,8603000.0,4241000.0,0.493,21015000.0,0.318,Pago superior al mínimo,1038000.0,0,0.0,2,Good
51,Cuenta propia,Informal,41,1089000.0,0.578,3.4,Sin cotizacion,0,0.0,165,3,1,0,0.0,0.0,0.0,2145000.0,0.164,No aplica,0.0,0,0.0,2,Poor
55,Dependiente,Formal,130,2155000.0,0.189,10.8,Dependiente,11,2313000.0,230,2,2,1,1423000.0,1015000.0,0.713,9517000.0,0.368,Pago superior al mínimo,336000.0,0,0.0,3,Standard
46,Dependiente,Formal,26,2592000.0,0.063,2.2,Dependiente,11,2520000.0,287,3,2,1,3462000.0,2588000.0,0.748,10113000.0,0.325,Pago mínimo,131000.0,1,12.2,1,Standard
34,Dependiente,Formal,72,3378000.0,0.031,6.0,Dependiente,11,3258000.0,88,3,0,0,0.0,0.0,0.0,0.0,0.0,No aplica,0.0,0,0.0,1,Good
36,Cuenta propia,Informal,29,2743000.0,0.582,2.4,Sin cotizacion,0,0.0,204,2,1,1,6234000.0,3683000.0,0.591,12259000.0,0.372,Pago superior al mínimo,978000.0,1,10.6,2,Standard
42,Cuenta propia,Informal,14,1681000.0,0.296,1.2,Sin cotizacion,0,0.0,121,3,1,1,2642000.0,868000.0,0.329,2318000.0,0.115,Pago superior al mínimo,400000.0,2,18.7,3,Standard
46,Independiente,Informal,53,12270000.0,0.283,4.4,Sin cotizacion,0,0.0,140,6,0,1,16568000.0,6818000.0,0.412,6818000.0,0.046,Pago superior al mínimo,1385000.0,0,0.0,0,Standard
38,Independiente,Informal,25,5743000.0,0.323,2.1,Sin cotizacion,0,0.0,128,4,2,0,0.0,0.0,0.0,7002000.0,0.102,No aplica,0.0,1,9.8,2,Good
44,Independiente,Formal,64,5693000.0,0.49,5.3,Independiente,10,2284000.0,157,2,1,0,0.0,0.0,0.0,9602000.0,0.141,No aplica,0.0,0,0.0,0,Poor
33,Dependiente,Formal,43,2818000.0,0.217,3.6,Dependiente,12,2895000.0,143,1,1,1,5820000.0,1456000.0,0.25,9516000.0,0.281,Pago total,1273000.0,0,0.0,0,Good
28,Cuenta propia,Informal,33,1964000.0,0.433,2.8,Sin cotizacion,0,0.0,62,2,1,1,1927000.0,931000.0,0.483,3328000.0,0.141,Pago superior al mínimo,446000.0,0,0.0,1,Poor
36,Dependiente,Formal,86,5802000.0,0.077,7.2,Dependiente,11,5785000.0,188,3,2,1,5500000.0,3600000.0,0.655,108850000.0,1.563,Pago mínimo,464000.0,2,12.3,0,Poor
22,Dependiente,Formal,48,4542000.0,0.083,4.0,Dependiente,10,4748000.0,39,4,0,1,6877000.0,706000.0,0.103,706000.0,0.013,Pago total,586000.0,0,0.0,1,Standard
35,Dependiente,Formal,96,5263000.0,0.178,8.0,Dependiente,11,5318000.0,162,4,2,1,5691000.0,1309000.0,0.23,22330000.0,0.354,Pago total,1128000.0,0,0.0,1,Good
35,Dependiente,Formal,52,3049000.0,0.001,4.3,Dependiente,5,3172000.0,175,2,1,1,2860000.0,955000.0,0.334,7367000.0,0.201,Pago total,903000.0,1,6.2,1,Good
57,Dependiente,Formal,89,3153000.0,0.016,7.4,Dependiente,7,3062000.0,195,2,1,1,2255000.0,995000.0,0.441,4283000.0,0.113,Pago superior al mínimo,363000.0,0,0.0,1,Standard
33,Independiente,Formal,91,1495000.0,0.543,7.6,Independiente,5,525000.0,83,1,0,0,0.0,0.0,0.0,0.0,0.0,No aplica,0.0,0,0.0,0,Good
51,Dependiente,Informal,42,3651000.0,0.435,3.5,Sin cotizacion,0,0.0,249,2,1,1,2948000.0,2651000.0,0.899,13641000.0,0.311,Pago irregular,169000.0,0,0.0,1,Poor
36,Independiente,Formal,102,1456000.0,0.409,8.5,Independiente,8,563000.0,140,1,0,0,0.0,0.0,0.0,0.0,0.0,No aplica,0.0,0,0.0,0,Good
52,Dependiente,Formal,52,3962000.0,0.04,4.3,Dependiente,12,3749000.0,233,2,1,0,0.0,0.0,0.0,15432000.0,0.325,No aplica,0.0,1,8.8,1,Good
55,Dependiente,Formal,48,3302000.0,0.042,4.0,Dependiente,11,3356000.0,325,2,1,0,0.0,0.0,0.0,7514000.0,0.19,No aplica,0.0,2,7.3,1,Standard
21,Dependiente,Informal,18,2292000.0,0.326,1.5,Sin cotizacion,0,0.0,28,1,0,0,0.0,0.0,0.0,0.0,0.0,No aplica,0.0,0,0.0,0,Poor
41,Dependiente,Formal,36,6292000.0,0.133,3.0,Dependiente,12,5784000.0,91,3,2,1,12005000.0,9730000.0,0.81,40590000.0,0.538,Pago mínimo,648000.0,2,13.3,0,Standard
53,Independiente,Formal,48,10631000.0,0.16,4.0,Independiente,3,4060000.0,278,4,2,1,20014000.0,5831000.0,0.291,55631000.0,0.436,Pago superior al mínimo,1811000.0,4,20.3,3,Standard
48,Dependiente,Formal,51,5473000.0,0.217,4.2,Dependiente,12,5410000.0,155,3,1,1,22466000.0,20959000.0,0.933,27047000.0,0.412,Pago superior al mínimo,8950000.0,1,3.1,3,Poor
36,Independiente,Informal,18,1468000.0,0.358,1.5,Sin cotizacion,0,0.0,68,1,1,0,0.0,0.0,0.0,7493000.0,0.425,No aplica,0.0,1,8.3,1,Good
42,Dependiente,Formal,64,3724000.0,0.112,5.3,Dependiente,9,3568000.0,174,3,0,0,0.0,0.0,0.0,0.0,0.0,No aplica,0.0,0,0.0,1,Standard
33,Independiente,Formal,30,2142000.0,0.213,2.5,Independiente,2,831000.0,121,2,1,1,4538000.0,1593000.0,0.351,5091000.0,0.198,Pago total,1406000.0,0,0.0,0,Poor
41,Cuenta propia,Informal,52,1364000.0,0.276,4.3,Sin cotizacion,0,0.0,238,2,2,1,2082000.0,427000.0,0.205,17192000.0,1.05,Pago total,398000.0,0,0.0,0,Good
37,Independiente,Formal,61,5402000.0,0.535,5.1,Independiente,11,2162000.0,148,5,0,1,10649000.0,5279000.0,0.496,5279000.0,0.081,Pago superior al mínimo,1366000.0,0,0.0,2,Good
37,Dependiente,Informal,35,1430000.0,0.269,2.9,Sin cotizacion,0,0.0,153,1,0,0,0.0,0.0,0.0,0.0,0.0,No aplica,0.0,0,0.0,0,Standard
50,Dependiente,Formal,37,3252000.0,0.118,3.1,Dependiente,8,3417000.0,227,2,0,1,2615000.0,729000.0,0.279,729000.0,0.019,Pago superior al mínimo,288000.0,2,7.3,0,Standard
47,Dependiente,Informal,30,1501000.0,0.212,2.5,Sin cotizacion,0,0.0,104,3,2,0,0.0,0.0,0.0,2740000.0,0.152,No aplica,0.0,1,5.2,0,Standard
57,Independiente,Formal,83,6765000.0,0.421,6.9,Independiente,6,2424000.0,171,5,1,1,11212000.0,4564000.0,0.407,28957000.0,0.357,Pago mínimo,307000.0,4,26.5,0,Poor
21,Dependiente,Formal,36,2520000.0,0.052,3.0,Dependiente,10,2556000.0,16,2,1,0,0.0,0.0,0.0,5689000.0,0.188,No aplica,0.0,1,6.4,0,Standard
35,Dependiente,Formal,109,1290000.0,0.262,9.1,Dependiente,12,1319000.0,174,1,0,1,1579000.0,657000.0,0.416,657000.0,0.042,Pago superior al mínimo,282000.0,0,0.0,0,Standard
41,Independiente,Formal,76,11902000.0,0.375,6.3,Independiente,10,4751000.0,170,6,1,1,40000000.0,27752000.0,0.694,53021000.0,0.371,Pago mínimo,2892000.0,1,2.6,3,Good
32,Dependiente,Formal,29,5336000.0,0.156,2.4,Dependiente,9,5230000.0,42,3,1,1,12082000.0,5929000.0,0.491,13196000.0,0.206,Pago superior al mínimo,1951000.0,2,4.5,3,Poor
33,Cuenta propia,Formal,52,483000.0,0.687,4.3,Independiente,6,300000.0,41,1,1,0,0.0,0.0,0.0,1493000.0,0.258,No aplica,0.0,2,7.5,0,Standard
33,Dependiente,Formal,35,4760000.0,0.085,2.9,Dependiente,7,5121000.0,133,3,0,1,9283000.0,766000.0,0.083,766000.0,0.013,Pago total,624000.0,0,0.0,0,Good
31,Dependiente,Formal,99,6635000.0,0.124,8.2,Dependiente,8,6654000.0,41,3,0,1,5696000.0,1963000.0,0.345,1963000.0,0.025,Pago total,1832000.0,0,0.0,2,Good
46,Independiente,Informal,29,2508000.0,0.222,2.4,Sin cotizacion,0,0.0,131,3,0,1,14850000.0,3104000.0,0.209,3104000.0,0.103,Pago superior al mínimo,798000.0,2,14.2,0,Good
30,Dependiente,Formal,112,3535000.0,0.188,9.3,Dependiente,12,3490000.0,115,3,1,0,0.0,0.0,0.0,10017000.0,0.236,No aplica,0.0,0,0.0,0,Standard
27,Independiente,Formal,30,2868000.0,0.32,2.5,Independiente,12,1377000.0,76,4,1,0,0.0,0.0,0.0,18321000.0,0.532,No aplica,0.0,1,15.9,3,Good
29,Dependiente,Formal,53,4129000.0,0.104,4.4,Dependiente,12,4166000.0,23,3,1,1,4921000.0,1475000.0,0.3,14235000.0,0.287,Pago superior al mínimo,349000.0,0,0.0,0,Poor
50,Dependiente,Informal,37,4819000.0,0.119,3.1,Sin cotizacion,0,0.0,90,4,2,0,0.0,0.0,0.0,14783000.0,0.256,No aplica,0.0,2,3.0,2,Standard
29,Cuenta propia,Informal,19,822000.0,0.354,1.6,Sin cotizacion,0,0.0,90,1,0,1,812000.0,565000.0,0.696,565000.0,0.057,Pago mínimo,37000.0,2,20.5,0,Good
50,Cuenta propia,Informal,10,1409000.0,0.589,0.8,Sin cotizacion,0,0.0,298,2,1,0,0.0,0.0,0.0,2130000.0,0.126,No aplica,0.0,3,19.8,1,Good
44,Independiente,Formal,124,4532000.0,0.204,10.3,Independiente,12,2175000.0,117,2,1,1,8961000.0,1846000.0,0.206,13034000.0,0.24,Pago total,1545000.0,0,0.0,0,Good
51,Dependiente,Formal,102,4588000.0,0.173,8.5,Dependiente,12,4328000.0,292,4,2,1,3078000.0,1705000.0,0.554,49913000.0,0.907,Pago superior al mínimo,691000.0,2,5.7,2,Standard
62,Pensionado,No aplica,147,3003000.0,0.043,12.2,Pensionado,12,2982000.0,194,3,1,1,2581000.0,1986000.0,0.769,9712000.0,0.27,Pago superior al mínimo,687000.0,1,17.6,1,Poor
52,Dependiente,Informal,32,2456000.0,0.016,2.7,Sin cotizacion,0,0.0,356,3,1,1,2258000.0,1382000.0,0.612,10932000.0,0.371,Pago total,1235000.0,1,7.5,1,Poor
43,Dependiente,Formal,37,2555000.0,0.169,3.1,Dependiente,12,2415000.0,116,3,1,0,0.0,0.0,0.0,6194000.0,0.202,No aplica,0.0,2,6.9,1,Good
39,Cuenta propia,Informal,21,4209000.0,0.591,1.8,Sin cotizacion,0,0.0,139,4,3,1,6217000.0,1906000.0,0.307,9357000.0,0.185,Pago superior al mínimo,646000.0,1,9.8,2,Good
45,Dependiente,Formal,29,2237000.0,0.047,2.4,Dependiente,12,2226000.0,164,3,1,1,3331000.0,2023000.0,0.607,8035000.0,0.299,Pago superior al mínimo,654000.0,0,0.0,1,Poor
33,Desempleado,No aplica,0,687000.0,0.911,0.0,Sin cotizacion,0,0.0,170,2,0,0,0.0,0.0,0.0,0.0,0.0,No aplica,0.0,0,0.0,0,Poor
35,Dependiente,Formal,158,5391000.0,0.103,13.2,Dependiente,12,5364000.0,127,2,2,0,0.0,0.0,0.0,19025000.0,0.294,No aplica,0.0,0,0.0,0,Standard
39,Dependiente,Informal,32,2554000.0,0.03,2.7,Sin cotizacion,0,0.0,185,1,0,0,0.0,0.0,0.0,0.0,0.0,No aplica,0.0,0,0.0,0,Standard
26,Dependiente,Formal,52,4744000.0,0.257,4.3,Dependiente,10,4657000.0,45,3,1,1,4686000.0,1579000.0,0.337,22670000.0,0.398,Pago total,1426000.0,0,0.0,0,Standard
51,Cuenta propia,Informal,8,1763000.0,0.226,0.7,Sin cotizacion,0,0.0,246,3,2,0,0.0,0.0,0.0,20638000.0,0.976,No aplica,0.0,0,0.0,2,Poor
21,Desempleado,No aplica,0,0.0,0.759,0.0,Sin cotizacion,0,0.0,10,1,0,0,0.0,0.0,0.0,0.0,0.0,No aplica,0.0,0,0.0,1,Standard
37,Cuenta propia,Informal,24,4964000.0,0.278,2.0,Sin cotizacion,0,0.0,105,4,2,1,5760000.0,247000.0,0.043,64371000.0,1.081,Pago total,206000.0,0,0.0,1,Poor
45,Independiente,Informal,22,1790000.0,0.615,1.8,Sin cotizacion,0,0.0,202,2,0,0,0.0,0.0,0.0,0.0,0.0,No aplica,0.0,0,0.0,1,Poor
39,Independiente,Informal,17,3606000.0,0.429,1.4,Sin cotizacion,0,0.0,120,2,0,1,1190000.0,737000.0,0.619,737000.0,0.017,Pago mínimo,58000.0,2,8.0,1,Poor
45,Cuenta propia,Informal,23,2666000.0,0.244,1.9,Sin cotizacion,0,0.0,229,2,1,1,3239000.0,2201000.0,0.68,6969000.0,0.218,Pago superior al mínimo,506000.0,1,5.9,1,Standard
54,Dependiente,Formal,33,3422000.0,0.094,2.8,Dependiente,9,3429000.0,326,1,0,1,4730000.0,1999000.0,0.423,1999000.0,0.049,Pago total,1934000.0,1,3.6,0,Good
49,Dependiente,Formal,108,1692000.0,0.126,9.0,Dependiente,11,1664000.0,244,2,1,1,3568000.0,1979000.0,0.555,4469000.0,0.22,Pago superior al mínimo,989000.0,1,0.6,0,Standard
33,Dependiente,Formal,101,4011000.0,0.149,8.4,Dependiente,11,3993000.0,111,5,1,1,5153000.0,891000.0,0.173,7407000.0,0.154,Pago superior al mínimo,366000.0,0,0.0,3,Good
31,Desempleado,No aplica,0,0.0,0.701,0.0,Sin cotizacion,0,0.0,29,1,1,0,0.0,0.0,0.0,0.0,0.0,No aplica,0.0,1,12.4,2,Poor
40,Cuenta propia,Informal,63,2953000.0,0.831,5.2,Sin cotizacion,0,0.0,213,1,1,0,0.0,0.0,0.0,6577000.0,0.186,No aplica,0.0,2,2.9,0,Good
20,Dependiente,Formal,23,2180000.0,0.071,1.9,Dependiente,11,2114000.0,11,3,1,0,0.0,0.0,0.0,2395000.0,0.092,No aplica,0.0,0,0.0,0,Good
39,Independiente,Informal,87,4310000.0,0.299,7.2,Sin cotizacion,0,0.0,118,3,1,1,7660000.0,3230000.0,0.422,11969000.0,0.231,Pago total,2615000.0,0,0.0,1,Standard
20,Desempleado,No aplica,0,0.0,0.582,0.0,Sin cotizacion,0,0.0,5,2,1,1,1357000.0,590000.0,0.435,590000.0,2.0,Pago mínimo,57000.0,3,26.5,1,Poor
42,Dependiente,Formal,61,976000.0,0.211,5.1,Dependiente,11,1032000.0,254,2,1,1,3221000.0,1194000.0,0.371,9097000.0,0.777,Pago superior al mínimo,241000.0,2,22.2,3,Poor
44,Independiente,Informal,10,2088000.0,0.237,0.8,Sin cotizacion,0,0.0,254,3,1,1,2823000.0,675000.0,0.239,4270000.0,0.17,Pago total,577000.0,0,0.0,1,Good
34,Cuenta propia,Informal,12,13883000.0,0.182,1.0,Sin cotizacion,0,0.0,44,5,1,1,18568000.0,11659000.0,0.628,32712000.0,0.196,Pago superior al mínimo,2613000.0,1,2.9,2,Poor
38,Dependiente,Formal,63,6396000.0,0.138,5.2,Dependiente,11,6112000.0,201,3,0,1,5515000.0,2375000.0,0.431,2375000.0,0.031,Pago total,2100000.0,0,0.0,0,Good
50,Independiente,Formal,78,2314000.0,0.307,6.5,Independiente,4,945000.0,91,3,1,1,4584000.0,2317000.0,0.505,8913000.0,0.321,Pago superior al mínimo,763000.0,0,0.0,1,Poor
51,Dependiente,Formal,47,3165000.0,0.115,3.9,Dependiente,9,3014000.0,69,4,2,1,4976000.0,1474000.0,0.296,23310000.0,0.614,Pago superior al mínimo,373000.0,1,14.9,0,Poor
39,Cuenta propia,Informal,21,1467000.0,0.278,1.8,Sin cotizacion,0,0.0,36,2,0,0,0.0,0.0,0.0,0.0,0.0,No aplica,0.0,0,0.0,1,Good
53,Desempleado,No aplica,0,1942000.0,0.828,0.0,Sin cotizacion,0,0.0,271,3,1,0,0.0,0.0,0.0,1038000.0,0.045,No aplica,0.0,1,6.4,3,Poor
38,Cuenta propia,Informal,19,3428000.0,0.362,1.6,Sin cotizacion,0,0.0,218,1,0,1,7599000.0,1911000.0,0.251,1911000.0,0.046,Pago superior al mínimo,858000.0,1,8.0,0,Standard
28,Dependiente,Formal,93,3614000.0,0.098,7.8,Dependiente,12,3493000.0,82,4,1,1,3833000.0,1252000.0,0.327,5879000.0,0.136,Pago total,1194000.0,1,7.3,0,Good
27,Cuenta propia,Informal,16,1790000.0,0.295,1.3,Sin cotizacion,0,0.0,53,2,0,0,0.0,0.0,0.0,0.0,0.0,No aplica,0.0,0,0.0,0,Standard
55,Desempleado,No aplica,0,910000.0,0.718,0.0,Sin cotizacion,0,0.0,257,1,1,0,0.0,0.0,0.0,4586000.0,0.42,No aplica,0.0,1,9.2,0,Good
29,Dependiente,Informal,16,2217000.0,0.238,1.3,Sin cotizacion,0,0.0,67,1,0,1,3141000.0,1988000.0,0.633,1988000.0,0.075,Pago superior al mínimo,891000.0,2,1.5,0,Poor
41,Cuenta propia,Informal,89,2626000.0,0.312,7.4,Sin cotizacion,0,0.0,152,1,0,0,0.0,0.0,0.0,0.0,0.0,No aplica,0.0,0,0.0,0,Good
29,Dependiente,Formal,37,3340000.0,0.131,3.1,Dependiente,11,3243000.0,122,3,0,1,8561000.0,5292000.0,0.618,5292000.0,0.132,Pago superior al mínimo,1926000.0,0,0.0,0,Good
34,Independiente,Formal,31,5215000.0,0.433,2.6,Independiente,8,2059000.0,167,2,1,1,16818000.0,7462000.0,0.444,25875000.0,0.413,Pago superior al mínimo,1511000.0,1,5.3,0,Poor
25,Dependiente,Formal,64,1266000.0,0.05,5.3,Dependiente,12,1275000.0,30,1,0,0,0.0,0.0,0.0,0.0,0.0,No aplica,0.0,0,0.0,0,Good
19,Dependiente,Formal,12,2328000.0,0.361,1.0,Dependiente,9,2225000.0,4,1,0,1,5109000.0,2923000.0,0.572,2923000.0,0.105,Pago superior al mínimo,1395000.0,3,32.1,0,Poor
36,Dependiente,Formal,68,2075000.0,0.069,5.7,Dependiente,10,2041000.0,129,2,0,1,3684000.0,3576000.0,0.971,3576000.0,0.144,Pago mínimo,507000.0,4,6.4,1,Poor
43,Independiente,Formal,98,6577000.0,0.518,8.2,Independiente,7,2370000.0,121,4,2,1,5178000.0,2475000.0,0.478,14762000.0,0.187,Pago mínimo,258000.0,1,5.3,2,Poor
43,Dependiente,Formal,59,2668000.0,0.073,4.9,Dependiente,12,2558000.0,271,3,1,0,0.0,0.0,0.0,11540000.0,0.36,No aplica,0.0,1,4.9,0,Standard
24,Independiente,Informal,33,701000.0,0.442,2.8,Sin cotizacion,0,0.0,40,2,1,0,0.0,0.0,0.0,2293000.0,0.273,No aplica,0.0,1,16.3,1,Poor
41,Dependiente,Formal,103,1665000.0,0.126,8.6,Dependiente,12,1740000.0,263,3,2,0,0.0,0.0,0.0,3937000.0,0.197,No aplica,0.0,0,0.0,2,Good
21,Dependiente,Formal,36,3628000.0,0.048,3.0,Dependiente,10,3426000.0,2,1,1,0,0.0,0.0,0.0,7234000.0,0.166,No aplica,0.0,0,0.0,2,Good
47,Dependiente,Formal,48,2602000.0,0.153,4.0,Dependiente,12,2610000.0,229,3,0,1,2945000.0,1489000.0,0.506,1489000.0,0.048,Pago total,1460000.0,2,0.1,1,Poor
25,Cuenta propia,Informal,54,1638000.0,0.288,4.5,Sin cotizacion,0,0.0,58,3,2,0,0.0,0.0,0.0,2169000.0,0.11,No aplica,0.0,0,0.0,1,Good
43,Dependiente,Formal,80,7747000.0,0.067,6.7,Dependiente,12,8273000.0,173,2,0,1,3899000.0,1402000.0,0.36,1402000.0,0.015,Pago superior al mínimo,393000.0,0,0.0,0,Good
52,Independiente,Informal,74,3895000.0,0.415,6.2,Sin cotizacion,0,0.0,368,2,0,1,6589000.0,1360000.0,0.206,1360000.0,0.029,Pago total,1229000.0,1,10.4,1,Good
38,Cuenta propia,Informal,61,1462000.0,0.403,5.1,Sin cotizacion,0,0.0,126,1,0,0,0.0,0.0,0.0,0.0,0.0,No aplica,0.0,0,0.0,1,Poor
56,Independiente,Informal,19,1218000.0,0.415,1.6,Sin cotizacion,0,0.0,227,1,0,1,1482000.0,753000.0,0.508,753000.0,0.052,Pago superior al mínimo,306000.0,0,0.0,0,Good
21,Dependiente,Formal,36,3605000.0,0.058,3.0,Dependiente,11,3779000.0,10,2,1,0,0.0,0.0,0.0,12217000.0,0.282,No aplica,0.0,3,32.8,0,Standard
39,Dependiente,Formal,60,3442000.0,0.062,5.0,Dependiente,12,3501000.0,119,1,1,0,0.0,0.0,0.0,18742000.0,0.454,No aplica,0.0,1,8.1,1,Good
29,Cuenta propia,Informal,7,2837000.0,0.25,0.6,Sin cotizacion,0,0.0,114,1,0,1,4978000.0,3411000.0,0.685,3411000.0,0.1,Pago superior al mínimo,1197000.0,1,4.3,0,Poor
31,Dependiente,Formal,37,1144000.0,0.06,3.1,Dependiente,12,1143000.0,42,1,0,0,0.0,0.0,0.0,0.0,0.0,No aplica,0.0,0,0.0,1,Standard
50,Cuenta propia,Informal,89,5122000.0,0.455,7.4,Sin cotizacion,0,0.0,239,2,1,0,0.0,0.0,0.0,8211000.0,0.134,No aplica,0.0,0,0.0,1,Good
44,Dependiente,Formal,36,1776000.0,0.07,3.0,Dependiente,11,1828000.0,122,1,0,1,2074000.0,786000.0,0.379,786000.0,0.037,Pago total,762000.0,0,0.0,0,Good
49,Cuenta propia,Informal,20,1646000.0,0.511,1.7,Sin cotizacion,0,0.0,326,3,0,0,0.0,0.0,0.0,0.0,0.0,No aplica,0.0,0,0.0,0,Standard
47,Cuenta propia,Informal,21,6054000.0,0.183,1.8,Sin cotizacion,0,0.0,225,2,2,1,5503000.0,2047000.0,0.372,26172000.0,0.36,Pago total,1859000.0,2,6.3,3,Poor
22,Desempleado,No aplica,0,707000.0,0.575,0.0,Sin cotizacion,0,0.0,23,2,1,0,0.0,0.0,0.0,1861000.0,0.219,No aplica,0.0,0,0.0,1,Good
41,Dependiente,Formal,56,8332000.0,0.061,4.7,Dependiente,10,8455000.0,187,6,1,1,8784000.0,1300000.0,0.148,15680000.0,0.157,Pago total,1083000.0,1,7.7,0,Good
28,Independiente,Formal,51,3600000.0,0.559,4.2,Independiente,7,1645000.0,90,3,1,0,0.0,0.0,0.0,1879000.0,0.043,No aplica,0.0,0,0.0,1,Good
54,Dependiente,Formal,140,3475000.0,0.145,11.7,Dependiente,6,3456000.0,332,1,0,1,9055000.0,2903000.0,0.321,2903000.0,0.07,Pago total,2804000.0,0,0.0,1,Good
40,Dependiente,Formal,38,3714000.0,0.081,3.2,Dependiente,12,3863000.0,228,3,1,1,8742000.0,3154000.0,0.361,18123000.0,0.407,Pago superior al mínimo,1300000.0,0,0.0,2,Poor
50,Independiente,Formal,16,5554000.0,0.489,1.3,Independiente,5,2149000.0,218,3,1,0,0.0,0.0,0.0,24326000.0,0.365,No aplica,0.0,0,0.0,2,Good
38,Cuenta propia,Informal,30,3315000.0,0.575,2.5,Sin cotizacion,0,0.0,170,1,0,1,4255000.0,2387000.0,0.561,2387000.0,0.06,Pago superior al mínimo,844000.0,1,5.2,0,Standard
34,Desempleado,No aplica,0,794000.0,0.753,0.0,Sin cotizacion,0,0.0,97,2,1,1,2084000.0,621000.0,0.298,3101000.0,0.325,Pago total,559000.0,2,5.7,3,Standard
35,Independiente,Formal,77,14993000.0,0.526,6.4,Independiente,8,7133000.0,121,4,1,1,31585000.0,12707000.0,0.402,87049000.0,0.484,Pago total,11922000.0,0,0.0,2,Good
22,Independiente,Formal,48,7914000.0,0.365,4.0,Independiente,6,3114000.0,34,3,1,0,0.0,0.0,0.0,14529000.0,0.153,No aplica,0.0,0,0.0,1,Poor
40,Dependiente,Formal,142,8388000.0,0.152,11.8,Dependiente,10,7845000.0,203,5,1,1,8835000.0,7373000.0,0.835,29748000.0,0.296,Pago mínimo,858000.0,1,11.2,1,Poor
32,Independiente,Informal,18,3226000.0,0.415,1.5,Sin cotizacion,0,0.0,92,1,0,1,3125000.0,975000.0,0.312,975000.0,0.025,Pago total,831000.0,0,0.0,0,Standard
49,Dependiente,Formal,10,8910000.0,0.171,0.8,Dependiente,8,8938000.0,185,3,0,1,7655000.0,2074000.0,0.271,2074000.0,0.019,Pago total,1970000.0,0,0.0,0,Good
35,Dependiente,Formal,41,2378000.0,0.417,3.4,Dependiente,12,2451000.0,59,4,1,0,0.0,0.0,0.0,3017000.0,0.106,No aplica,0.0,2,2.7,4,Good
41,Dependiente,Informal,10,2091000.0,0.306,0.8,Sin cotizacion,0,0.0,77,3,2,1,2474000.0,541000.0,0.219,5276000.0,0.21,Pago superior al mínimo,247000.0,1,7.0,1,Poor
35,Dependiente,Formal,82,2693000.0,0.128,6.8,Dependiente,12,2868000.0,108,2,1,1,4990000.0,1579000.0,0.316,3889000.0,0.12,Pago total,1338000.0,2,3.8,1,Standard
51,Dependiente,Formal,78,3192000.0,0.291,6.5,Dependiente,12,3065000.0,257,2,0,0,0.0,0.0,0.0,0.0,0.0,No aplica,0.0,0,0.0,0,Standard
30,Dependiente,Formal,79,3368000.0,0.234,6.6,Dependiente,11,3133000.0,110,1,0,1,3462000.0,1814000.0,0.524,1814000.0,0.045,Pago superior al mínimo,608000.0,0,0.0,1,Good
44,Dependiente,Formal,65,4207000.0,0.044,5.4,Dependiente,12,4291000.0,219,5,1,1,3575000.0,1244000.0,0.348,11771000.0,0.233,Pago superior al mínimo,362000.0,0,0.0,1,Good
27,Dependiente,Informal,22,2768000.0,0.225,1.8,Sin cotizacion,0,0.0,90,2,2,1,7236000.0,3222000.0,0.445,14945000.0,0.45,Pago total,2692000.0,1,5.1,0,Poor
42,Desempleado,No aplica,0,420000.0,0.627,0.0,Sin cotizacion,0,0.0,231,2,2,1,692000.0,399000.0,0.577,3830000.0,0.76,Pago mínimo,24000.0,1,3.7,1,Poor
30,Dependiente,Formal,42,7914000.0,0.241,3.5,Dependiente,10,8061000.0,100,5,0,1,10060000.0,4129000.0,0.41,4129000.0,0.043,Pago total,3988000.0,0,0.0,0,Standard
33,Dependiente,Formal,70,5367000.0,0.097,5.8,Dependiente,11,5064000.0,124,5,2,0,0.0,0.0,0.0,6924000.0,0.108,No aplica,0.0,1,6.2,1,Good
36,Independiente,Formal,86,3685000.0,0.307,7.2,Independiente,7,1425000.0,89,1,0,1,1802000.0,708000.0,0.393,708000.0,0.016,Pago total,598000.0,0,0.0,0,Good
53,Dependiente,Formal,48,3329000.0,0.256,4.0,Dependiente,12,3291000.0,85,4,2,0,0.0,0.0,0.0,15805000.0,0.396,No aplica,0.0,0,0.0,0,Standard
46,Cuenta propia,Informal,15,1589000.0,0.216,1.2,Sin cotizacion,0,0.0,255,2,2,1,2968000.0,1047000.0,0.353,20567000.0,1.079,Pago total,969000.0,0,0.0,3,Good
55,Cuenta propia,Informal,29,2101000.0,0.583,2.4,Sin cotizacion,0,0.0,279,2,0,0,0.0,0.0,0.0,0.0,0.0,No aplica,0.0,0,0.0,1,Good
35,Dependiente,Formal,50,3421000.0,0.297,4.2,Dependiente,8,3534000.0,145,1,0,1,2553000.0,1464000.0,0.573,1464000.0,0.036,Pago total,1299000.0,0,0.0,0,Good
42,Dependiente,Formal,106,6618000.0,0.121,8.8,Dependiente,11,6508000.0,157,4,0,1,9379000.0,7883000.0,0.84,7883000.0,0.099,Pago superior al mínimo,2770000.0,1,21.1,2,Standard
44,Cuenta propia,Informal,52,8815000.0,0.301,4.3,Sin cotizacion,0,0.0,172,5,1,1,16485000.0,6961000.0,0.422,25997000.0,0.246,Pago superior al mínimo,2510000.0,1,5.9,4,Poor
36,Cuenta propia,Informal,42,2352000.0,0.267,3.5,Sin cotizacion,0,0.0,35,3,0,1,5074000.0,2924000.0,0.576,2924000.0,0.104,Pago superior al mínimo,1127000.0,0,0.0,1,Standard
37,Dependiente,Formal,66,2441000.0,0.144,5.5,Dependiente,12,2398000.0,110,4,1,1,2070000.0,518000.0,0.25,9286000.0,0.317,Pago superior al mínimo,227000.0,4,3.3,6,Standard
30,Independiente,Formal,89,2563000.0,0.338,7.4,Independiente,10,1037000.0,120,2,1,1,5407000.0,1220000.0,0.226,24735000.0,0.804,Pago total,1019000.0,1,4.8,0,Poor
35,Dependiente,Formal,51,3220000.0,0.016,4.2,Dependiente,7,3042000.0,95,2,1,0,0.0,0.0,0.0,15638000.0,0.405,No aplica,0.0,2,3.0,0,Standard
35,Desempleado,No aplica,0,0.0,0.79,0.0,Sin cotizacion,0,0.0,3,2,1,0,0.0,0.0,0.0,0.0,0.0,No aplica,0.0,1,6.2,1,Standard
49,Dependiente,Formal,99,4488000.0,0.148,8.2,Dependiente,11,4829000.0,321,4,3,1,6182000.0,4997000.0,0.808,26984000.0,0.501,Pago superior al mínimo,1470000.0,0,0.0,0,Standard
48,Cuenta propia,Informal,57,567000.0,0.36,4.8,Sin cotizacion,0,0.0,99,1,0,0,0.0,0.0,0.0,0.0,0.0,No aplica,0.0,0,0.0,0,Standard
24,Independiente,Informal,27,5635000.0,0.511,2.2,Sin cotizacion,0,0.0,33,5,2,1,8862000.0,3973000.0,0.448,32456000.0,0.48,Pago irregular,36000.0,5,5.8,1,Poor
45,Independiente,Formal,54,7135000.0,0.061,4.5,Independiente,11,3121000.0,97,2,1,1,5468000.0,2655000.0,0.486,16339000.0,0.191,Pago superior al mínimo,1086000.0,1,10.5,0,Good
33,Dependiente,Informal,35,1513000.0,0.254,2.9,Sin cotizacion,0,0.0,41,3,1,0,0.0,0.0,0.0,7105000.0,0.391,No aplica,0.0,0,0.0,1,Good
26,Dependiente,Formal,35,1896000.0,0.2,2.9,Dependiente,8,1843000.0,29,2,0,1,1208000.0,220000.0,0.182,220000.0,0.01,Pago total,190000.0,0,0.0,0,Standard
47,Dependiente,Formal,80,2509000.0,0.234,6.7,Dependiente,12,2397000.0,80,2,0,1,7719000.0,3037000.0,0.393,3037000.0,0.101,Pago total,2912000.0,1,0.3,0,Standard
40,Dependiente,Formal,63,1954000.0,0.132,5.2,Dependiente,12,1873000.0,141,3,1,0,0.0,0.0,0.0,3858000.0,0.165,No aplica,0.0,0,0.0,2,Standard
44,Dependiente,Formal,99,1789000.0,0.091,8.2,Dependiente,12,1831000.0,129,2,2,0,0.0,0.0,0.0,6836000.0,0.318,No aplica,0.0,0,0.0,0,Good
35,Cuenta propia,Informal,30,737000.0,0.493,2.5,Sin cotizacion,0,0.0,66,2,2,1,2027000.0,842000.0,0.415,6808000.0,0.77,Pago mínimo,103000.0,1,3.2,3,Poor
35,Dependiente,Formal,61,1062000.0,0.055,5.1,Dependiente,10,1019000.0,88,1,0,1,580000.0,72000.0,0.124,72000.0,0.006,Pago total,58000.0,0,0.0,0,Good
46,Dependiente,Informal,7,2193000.0,0.133,0.6,Sin cotizacion,0,0.0,179,3,1,1,4173000.0,1562000.0,0.374,3318000.0,0.126,Pago total,1281000.0,1,2.6,0,Standard
33,Desempleado,No aplica,0,325000.0,0.757,0.0,Sin cotizacion,0,0.0,141,2,0,1,500000.0,150000.0,0.3,150000.0,0.038,Pago superior al mínimo,57000.0,1,4.2,1,Standard
38,Cuenta propia,Informal,45,1674000.0,0.54,3.8,Sin cotizacion,0,0.0,123,2,1,1,3451000.0,1199000.0,0.347,5798000.0,0.289,Pago superior al mínimo,492000.0,2,2.0,1,Standard
47,Cuenta propia,Informal,38,3295000.0,0.147,3.2,Sin cotizacion,0,0.0,306,4,1,1,2143000.0,1041000.0,0.486,5412000.0,0.137,Pago total,910000.0,0,0.0,1,Standard
30,Desempleado,No aplica,0,1124000.0,0.704,0.0,Sin cotizacion,0,0.0,63,1,0,0,0.0,0.0,0.0,0.0,0.0,No aplica,0.0,0,0.0,1,Poor
56,Dependiente,Formal,60,3261000.0,0.052,5.0,Dependiente,5,3228000.0,173,2,0,0,0.0,0.0,0.0,0.0,0.0,No aplica,0.0,0,0.0,0,Good
49,Dependiente,Formal,61,4308000.0,0.268,5.1,Dependiente,10,4017000.0,188,5,2,0,0.0,0.0,0.0,28529000.0,0.552,No aplica,0.0,0,0.0,0,Standard
31,Independiente,Formal,59,2493000.0,0.447,4.9,Independiente,10,1051000.0,71,1,0,1,2986000.0,100000.0,0.033,100000.0,0.003,Pago total,84000.0,0,0.0,0,Good
35,Independiente,Formal,61,3964000.0,0.162,5.1,Independiente,12,1677000.0,28,2,1,0,0.0,0.0,0.0,6251000.0,0.131,No aplica,0.0,1,5.6,1,Standard
42,Dependiente,Formal,95,3906000.0,0.158,7.9,Dependiente,12,3877000.0,235,2,1,1,6322000.0,1287000.0,0.204,12190000.0,0.26,Pago total,1070000.0,0,0.0,4,Good
52,Cuenta propia,Informal,48,1809000.0,0.591,4.0,Sin cotizacion,0,0.0,284,1,0,1,1051000.0,200000.0,0.19,200000.0,0.009,Pago superior al mínimo,54000.0,1,1.6,0,Poor
32,Dependiente,Formal,55,5464000.0,0.152,4.6,Dependiente,12,5506000.0,57,3,0,1,3864000.0,3185000.0,0.824,3185000.0,0.049,Pago mínimo,212000.0,0,0.0,1,Poor
34,Dependiente,Formal,45,2344000.0,0.076,3.8,Dependiente,11,2419000.0,57,4,2,0,0.0,0.0,0.0,6574000.0,0.234,No aplica,0.0,0,0.0,4,Poor
51,Dependiente,Formal,72,4203000.0,0.145,6.0,Dependiente,11,4231000.0,234,3,1,1,4697000.0,1437000.0,0.306,3758000.0,0.075,Pago superior al mínimo,426000.0,0,0.0,1,Good
65,Pensionado,No aplica,173,5578000.0,0.289,14.4,Pensionado,12,5709000.0,398,3,1,1,4116000.0,808000.0,0.196,14913000.0,0.223,Pago total,726000.0,0,0.0,3,Good
27,Independiente,Formal,44,4319000.0,0.786,3.7,Independiente,1,1526000.0,78,5,3,1,5372000.0,2453000.0,0.457,13593000.0,0.262,Pago superior al mínimo,989000.0,1,13.2,4,Poor
48,Dependiente,Formal,64,2788000.0,0.225,5.3,Dependiente,10,2830000.0,132,2,1,1,3295000.0,1590000.0,0.483,16341000.0,0.488,Pago superior al mínimo,731000.0,2,3.4,0,Standard
41,Cuenta propia,Informal,39,2750000.0,0.556,3.2,Sin cotizacion,0,0.0,100,3,1,1,4439000.0,1748000.0,0.394,9682000.0,0.293,Pago superior al mínimo,730000.0,2,5.5,1,Poor
40,Dependiente,Formal,23,11012000.0,0.156,1.9,Dependiente,12,11097000.0,154,4,1,0,0.0,0.0,0.0,35293000.0,0.267,No aplica,0.0,1,1.0,2,Standard
36,Dependiente,Formal,167,3597000.0,0.05,13.9,Dependiente,11,3770000.0,167,3,1,1,6060000.0,2094000.0,0.346,8080000.0,0.187,Pago total,1948000.0,0,0.0,1,Poor
36,Cuenta propia,Formal,116,3566000.0,0.518,9.7,Independiente,9,1431000.0,116,1,0,0,0.0,0.0,0.0,0.0,0.0,No aplica,0.0,0,0.0,1,Standard
46,Desempleado,No aplica,0,512000.0,0.711,0.0,Sin cotizacion,0,0.0,253,2,2,0,0.0,0.0,0.0,2023000.0,0.329,No aplica,0.0,2,5.1,0,Standard
31,Cuenta propia,Informal,17,1970000.0,0.649,1.4,Sin cotizacion,0,0.0,123,4,1,1,2010000.0,1069000.0,0.532,1915000.0,0.081,Pago superior al mínimo,466000.0,0,0.0,1,Poor
33,Cuenta propia,Informal,8,778000.0,0.321,0.7,Sin cotizacion,0,0.0,92,1,0,1,1498000.0,601000.0,0.401,601000.0,0.064,Pago superior al mínimo,283000.0,1,4.8,0,Poor
58,Cuenta propia,Informal,36,2118000.0,0.539,3.0,Sin cotizacion,0,0.0,216,2,1,1,1600000.0,654000.0,0.409,6123000.0,0.241,Pago superior al mínimo,176000.0,1,7.5,1,Standard
38,Independiente,Formal,85,11557000.0,0.614,7.1,Independiente,4,4578000.0,120,6,1,1,9746000.0,5287000.0,0.542,16292000.0,0.117,Pago superior al mínimo,2045000.0,0,0.0,3,Good
53,Dependiente,Formal,31,5778000.0,0.127,2.6,Dependiente,9,5649000.0,348,3,0,1,2440000.0,966000.0,0.396,966000.0,0.014,Pago total,780000.0,0,0.0,1,Standard
58,Independiente,Formal,144,2420000.0,0.529,12.0,Independiente,10,1112000.0,236,1,1,1,2872000.0,1756000.0,0.611,7700000.0,0.265,Pago superior al mínimo,874000.0,1,15.6,0,Standard
45,Dependiente,Formal,54,3752000.0,0.183,4.5,Dependiente,12,3398000.0,160,1,0,1,8995000.0,2968000.0,0.33,2968000.0,0.066,Pago superior al mínimo,1357000.0,0,0.0,0,Standard
29,Dependiente,Formal,50,2245000.0,0.402,4.2,Dependiente,7,2291000.0,55,2,0,1,2933000.0,2157000.0,0.735,2157000.0,0.08,Pago superior al mínimo,670000.0,1,5.7,1,Good
43,Independiente,Formal,43,4033000.0,0.338,3.6,Independiente,5,1610000.0,275,3,0,1,3394000.0,1701000.0,0.501,1701000.0,0.035,Pago superior al mínimo,654000.0,2,10.0,0,Standard
43,Dependiente,Formal,97,6071000.0,0.036,8.1,Dependiente,11,6026000.0,267,3,1,1,2998000.0,1133000.0,0.378,7088000.0,0.097,Pago total,1030000.0,1,7.9,1,Standard
21,Dependiente,Formal,36,3976000.0,0.052,3.0,Dependiente,9,3924000.0,12,2,2,1,2236000.0,274000.0,0.123,23995000.0,0.503,Pago total,265000.0,2,12.0,3,Standard
45,Dependiente,Formal,36,11854000.0,0.037,3.0,Dependiente,8,11828000.0,138,5,3,1,12576000.0,2358000.0,0.188,82411000.0,0.579,Pago total,2112000.0,0,0.0,2,Good
40,Independiente,Formal,60,8844000.0,0.288,5.0,Independiente,6,3707000.0,157,5,2,1,9547000.0,4385000.0,0.459,19436000.0,0.183,Pago superior al mínimo,1050000.0,1,8.4,6,Standard
43,Dependiente,Formal,79,4165000.0,0.137,6.6,Dependiente,10,4033000.0,255,3,1,1,6963000.0,1253000.0,0.18,21299000.0,0.426,Pago superior al mínimo,431000.0,2,8.4,2,Standard
51,Cuenta propia,Informal,68,3711000.0,0.477,5.7,Sin cotizacion,0,0.0,226,2,1,0,0.0,0.0,0.0,6533000.0,0.147,No aplica,0.0,2,17.1,0,Good
40,Dependiente,Formal,42,3365000.0,0.166,3.5,Dependiente,11,3383000.0,191,4,2,0,0.0,0.0,0.0,7588000.0,0.188,No aplica,0.0,4,37.9,1,Standard
33,Dependiente,Formal,53,2059000.0,0.128,4.4,Dependiente,12,2088000.0,172,4,2,0,0.0,0.0,0.0,16150000.0,0.654,No aplica,0.0,1,4.1,2,Poor
33,Independiente,Formal,18,8833000.0,0.766,1.5,Independiente,9,3196000.0,100,6,1,1,20646000.0,13635000.0,0.66,25991000.0,0.245,Pago mínimo,843000.0,4,27.1,1,Poor
30,Cuenta propia,Informal,28,3879000.0,0.531,2.3,Sin cotizacion,0,0.0,43,4,1,0,0.0,0.0,0.0,6948000.0,0.149,No aplica,0.0,2,3.3,2,Poor
35,Dependiente,Informal,41,2095000.0,0.307,3.4,Sin cotizacion,0,0.0,67,3,0,1,3196000.0,2338000.0,0.732,2338000.0,0.093,Pago superior al mínimo,1034000.0,0,0.0,0,Good
41,Independiente,Formal,52,4918000.0,0.333,4.3,Independiente,11,2066000.0,169,3,0,1,4954000.0,1875000.0,0.378,1875000.0,0.032,Pago superior al mínimo,469000.0,2,12.0,1,Poor
55,Independiente,Informal,31,7457000.0,0.441,2.6,Sin cotizacion,0,0.0,319,5,3,0,0.0,0.0,0.0,121004000.0,1.352,No aplica,0.0,1,6.6,5,Poor
21,Dependiente,Formal,36,4338000.0,0.048,3.0,Dependiente,8,4400000.0,13,4,2,0,0.0,0.0,0.0,22473000.0,0.432,No aplica,0.0,0,0.0,2,Poor
30,Cuenta propia,Informal,33,687000.0,0.215,2.8,Sin cotizacion,0,0.0,54,2,0,1,1177000.0,612000.0,0.52,612000.0,0.074,Pago superior al mínimo,190000.0,3,12.5,0,Poor
28,Cuenta propia,Informal,52,2218000.0,0.454,4.3,Sin cotizacion,0,0.0,3,3,0,0,0.0,0.0,0.0,0.0,0.0,No aplica,0.0,0,0.0,0,Poor
26,Independiente,Formal,27,3126000.0,0.295,2.2,Independiente,11,1150000.0,67,2,2,1,5167000.0,240000.0,0.046,18927000.0,0.505,Pago superior al mínimo,56000.0,4,18.5,2,Poor
34,Cuenta propia,Informal,6,4363000.0,0.44,0.5,Sin cotizacion,0,0.0,129,4,2,1,9260000.0,1736000.0,0.187,17959000.0,0.343,Pago superior al mínimo,544000.0,0,0.0,2,Standard
37,Cuenta propia,Informal,38,4256000.0,0.382,3.2,Sin cotizacion,0,0.0,137,3,1,1,3699000.0,1302000.0,0.352,6835000.0,0.134,Pago total,1292000.0,0,0.0,1,Standard
44,Independiente,Informal,38,7603000.0,0.194,3.2,Sin cotizacion,0,0.0,217,2,0,1,12535000.0,8668000.0,0.692,8668000.0,0.095,Pago superior al mínimo,4151000.0,2,4.9,1,Good
35,Cuenta propia,Informal,57,925000.0,0.311,4.8,Sin cotizacion,0,0.0,94,1,0,0,0.0,0.0,0.0,0.0,0.0,No aplica,0.0,0,0.0,0,Standard
40,Independiente,Formal,79,2447000.0,0.191,6.6,Independiente,10,863000.0,36,2,1,1,4172000.0,2402000.0,0.576,6351000.0,0.216,Pago superior al mínimo,886000.0,0,0.0,2,Good
41,Independiente,Formal,87,8491000.0,0.317,7.2,Independiente,6,3121000.0,153,6,2,1,9987000.0,4301000.0,0.431,11608000.0,0.114,Pago superior al mínimo,1684000.0,4,10.5,2,Good
28,Independiente,Formal,46,2430000.0,0.043,3.8,Independiente,10,985000.0,52,2,0,0,0.0,0.0,0.0,0.0,0.0,No aplica,0.0,0,0.0,1,Standard
41,Independiente,Informal,54,877000.0,0.266,4.5,Sin cotizacion,0,0.0,216,2,0,0,0.0,0.0,0.0,0.0,0.0,No aplica,0.0,0,0.0,0,Good
48,Dependiente,Formal,46,5071000.0,0.125,3.8,Dependiente,8,5056000.0,178,3,1,0,0.0,0.0,0.0,15693000.0,0.258,No aplica,0.0,2,4.6,3,Poor
31,Cuenta propia,Informal,6,1320000.0,0.531,0.5,Sin cotizacion,0,0.0,83,3,1,1,934000.0,376000.0,0.403,4255000.0,0.269,Pago superior al mínimo,115000.0,2,3.6,0,Poor
40,Cuenta propia,Informal,14,7470000.0,0.463,1.2,Sin cotizacion,0,0.0,69,2,2,0,0.0,0.0,0.0,11368000.0,0.127,No aplica,0.0,0,0.0,0,Standard
42,Dependiente,Formal,102,4298000.0,0.136,8.5,Dependiente,11,4538000.0,163,3,2,1,5701000.0,3259000.0,0.572,25253000.0,0.49,Pago superior al mínimo,858000.0,0,0.0,0,Good
70,Pensionado,No aplica,180,2687000.0,0.192,15.0,Pensionado,12,2657000.0,271,2,1,0,0.0,0.0,0.0,769000.0,0.024,No aplica,0.0,3,63.7,0,Standard
38,Dependiente,Formal,41,3057000.0,0.168,3.4,Dependiente,11,2948000.0,156,2,1,1,2823000.0,663000.0,0.235,25164000.0,0.686,Pago total,567000.0,0,0.0,1,Poor
34,Dependiente,Formal,44,7075000.0,0.027,3.7,Dependiente,11,7261000.0,149,2,1,1,13787000.0,8538000.0,0.619,18296000.0,0.216,Pago mínimo,495000.0,1,3.3,2,Poor
35,Independiente,Informal,63,3371000.0,0.295,5.2,Sin cotizacion,0,0.0,129,3,0,0,0.0,0.0,0.0,0.0,0.0,No aplica,0.0,0,0.0,0,Standard
36,Dependiente,Formal,59,2941000.0,0.149,4.9,Dependiente,12,2826000.0,185,2,0,1,3608000.0,465000.0,0.129,465000.0,0.013,Pago total,413000.0,0,0.0,1,Good
23,Cuenta propia,Formal,60,1010000.0,0.393,5.0,Independiente,12,372000.0,51,3,0,1,1327000.0,650000.0,0.49,650000.0,0.054,Pago mínimo,38000.0,2,8.9,2,Poor
43,Cuenta propia,Informal,105,2090000.0,0.254,8.8,Sin cotizacion,0,0.0,154,3,2,1,2297000.0,1759000.0,0.766,7741000.0,0.309,Pago irregular,52000.0,5,28.4,0,Poor
36,Dependiente,Formal,43,2276000.0,0.126,3.6,Dependiente,12,2205000.0,84,2,2,1,2625000.0,816000.0,0.311,15592000.0,0.571,Pago total,792000.0,2,17.6,1,Poor
36,Dependiente,Formal,117,5615000.0,0.203,9.8,Dependiente,12,5054000.0,174,4,0,0,0.0,0.0,0.0,0.0,0.0,No aplica,0.0,0,0.0,1,Good
25,Dependiente,Formal,44,1381000.0,0.477,3.7,Dependiente,5,1412000.0,12,1,0,1,3887000.0,2787000.0,0.717,2787000.0,0.168,Pago superior al mínimo,884000.0,3,10.3,1,Poor
32,Independiente,Formal,77,3414000.0,0.561,6.4,Independiente,8,1494000.0,92,2,1,1,5766000.0,5423000.0,0.941,14671000.0,0.358,Pago mínimo,507000.0,1,5.6,4,Poor
34,Desempleado,No aplica,0,1619000.0,0.785,0.0,Sin cotizacion,0,0.0,79,3,1,0,0.0,0.0,0.0,1197000.0,0.062,No aplica,0.0,2,6.9,3,Good
60,Cuenta propia,Informal,58,3909000.0,0.472,4.8,Sin cotizacion,0,0.0,386,1,0,0,0.0,0.0,0.0,0.0,0.0,No aplica,0.0,0,0.0,1,Good
30,Dependiente,Formal,62,3228000.0,0.216,5.2,Dependiente,6,3346000.0,115,3,0,1,2248000.0,420000.0,0.187,420000.0,0.011,Pago total,380000.0,1,10.4,1,Standard
45,Independiente,Formal,30,1643000.0,0.382,2.5,Independiente,6,781000.0,175,2,1,1,2094000.0,443000.0,0.212,3830000.0,0.194,Pago total,382000.0,0,0.0,0,Standard
36,Dependiente,Informal,22,2718000.0,0.334,1.8,Sin cotizacion,0,0.0,104,2,2,0,0.0,0.0,0.0,14351000.0,0.44,No aplica,0.0,1,9.2,4,Poor
27,Cuenta propia,Informal,8,1442000.0,0.322,0.7,Sin cotizacion,0,0.0,42,2,0,0,0.0,0.0,0.0,0.0,0.0,No aplica,0.0,0,0.0,1,Good
22,Dependiente,Formal,48,3853000.0,0.054,4.0,Dependiente,10,4085000.0,23,2,0,1,2656000.0,1376000.0,0.518,1376000.0,0.03,Pago superior al mínimo,309000.0,0,0.0,0,Poor
39,Independiente,Formal,142,6138000.0,0.354,11.8,Independiente,12,2373000.0,142,3,1,1,17055000.0,12414000.0,0.728,19545000.0,0.265,Pago mínimo,1566000.0,3,6.0,1,Poor
59,Independiente,Formal,59,10394000.0,0.139,4.9,Independiente,9,4619000.0,352,3,1,1,24550000.0,4793000.0,0.195,39521000.0,0.317,Pago superior al mínimo,1305000.0,3,56.8,2,Good
20,Desempleado,No aplica,0,0.0,0.513,0.0,Sin cotizacion,0,0.0,5,2,0,0,0.0,0.0,0.0,0.0,0.0,No aplica,0.0,0,0.0,1,Standard
31,Dependiente,Formal,44,2074000.0,0.112,3.7,Dependiente,11,2066000.0,37,1,0,1,5769000.0,3271000.0,0.567,3271000.0,0.131,Pago superior al mínimo,797000.0,0,0.0,0,Good
50,Independiente,Formal,97,4666000.0,0.393,8.1,Independiente,8,1787000.0,133,4,2,1,2735000.0,1624000.0,0.594,9779000.0,0.175,Pago superior al mínimo,367000.0,0,0.0,0,Standard
37,Cuenta propia,Informal,99,3479000.0,0.434,8.2,Sin cotizacion,0,0.0,107,2,0,1,2742000.0,288000.0,0.105,288000.0,0.007,Pago total,270000.0,0,0.0,1,Standard
28,Dependiente,Formal,107,6427000.0,0.012,8.9,Dependiente,11,6233000.0,33,4,0,1,5710000.0,4137000.0,0.725,4137000.0,0.054,Pago superior al mínimo,849000.0,1,2.8,0,Standard
50,Cuenta propia,Informal,37,5051000.0,0.429,3.1,Sin cotizacion,0,0.0,134,3,2,0,0.0,0.0,0.0,29859000.0,0.493,No aplica,0.0,1,10.6,1,Poor
28,Independiente,Informal,9,5513000.0,0.655,0.8,Sin cotizacion,0,0.0,71,3,1,1,4526000.0,794000.0,0.175,4969000.0,0.075,Pago superior al mínimo,300000.0,4,50.0,1,Poor
43,Dependiente,Formal,28,4144000.0,0.152,2.3,Dependiente,12,4100000.0,102,4,2,1,3457000.0,1466000.0,0.424,14046000.0,0.282,Pago total,1275000.0,0,0.0,3,Standard
21,Dependiente,Formal,36,4237000.0,0.045,3.0,Dependiente,9,4293000.0,26,2,0,0,0.0,0.0,0.0,0.0,0.0,No aplica,0.0,0,0.0,2,Good
26,Independiente,Formal,68,4005000.0,0.723,5.7,Independiente,12,1855000.0,53,2,2,1,3490000.0,2235000.0,0.64,7791000.0,0.162,Pago mínimo,225000.0,4,19.5,1,Poor
48,Dependiente,Formal,55,2315000.0,0.117,4.6,Dependiente,9,2382000.0,177,2,0,1,2654000.0,1468000.0,0.553,1468000.0,0.053,Pago superior al mínimo,693000.0,1,4.1,0,Standard
36,Independiente,Formal,48,4755000.0,0.471,4.0,Independiente,12,1755000.0,111,3,0,1,7497000.0,3955000.0,0.528,3955000.0,0.069,Pago total,3165000.0,1,12.9,0,Poor
37,Dependiente,Formal,44,4009000.0,0.14,3.7,Dependiente,5,3842000.0,162,3,1,1,6779000.0,3062000.0,0.452,16558000.0,0.344,Pago total,2839000.0,0,0.0,3,Standard
43,Independiente,Formal,61,6138000.0,0.351,5.1,Independiente,9,2595000.0,234,5,3,1,12759000.0,10778000.0,0.845,93779000.0,1.273,Pago irregular,771000.0,3,13.9,4,Poor
51,Dependiente,Formal,73,3767000.0,0.065,6.1,Dependiente,12,3903000.0,166,1,1,0,0.0,0.0,0.0,22837000.0,0.505,No aplica,0.0,2,25.2,0,Standard
28,Cuenta propia,Informal,112,1097000.0,0.231,9.3,Sin cotizacion,0,0.0,85,2,1,1,1657000.0,161000.0,0.097,1838000.0,0.14,Pago total,137000.0,0,0.0,0,Poor
52,Desempleado,No aplica,0,0.0,0.58,0.0,Sin cotizacion,0,0.0,104,1,1,0,0.0,0.0,0.0,0.0,0.0,No aplica,0.0,1,2.2,0,Standard
37,Desempleado,No aplica,0,2008000.0,0.593,0.0,Sin cotizacion,0,0.0,49,3,1,1,3035000.0,2409000.0,0.794,10173000.0,0.422,Pago irregular,22000.0,3,20.6,1,Poor
42,Independiente,Informal,7,2330000.0,0.29,0.6,Sin cotizacion,0,0.0,70,3,0,1,5404000.0,3271000.0,0.605,3271000.0,0.117,Pago superior al mínimo,1036000.0,0,0.0,1,Poor
28,Dependiente,Formal,97,3607000.0,0.086,8.1,Dependiente,11,3784000.0,104,1,0,0,0.0,0.0,0.0,0.0,0.0,No aplica,0.0,0,0.0,0,Good
32,Independiente,Informal,21,3789000.0,0.374,1.8,Sin cotizacion,0,0.0,103,3,0,1,7101000.0,3026000.0,0.426,3026000.0,0.067,Pago total,2996000.0,0,0.0,2,Good
61,Dependiente,Formal,41,5205000.0,0.1,3.4,Dependiente,11,5149000.0,367,3,1,1,7807000.0,1140000.0,0.146,11970000.0,0.192,Pago total,1045000.0,1,29.6,0,Standard
44,Dependiente,Formal,53,2036000.0,0.029,4.4,Dependiente,11,2074000.0,133,3,0,1,1142000.0,144000.0,0.126,144000.0,0.006,Pago total,142000.0,0,0.0,0,Good
41,Dependiente,Formal,76,5396000.0,0.057,6.3,Dependiente,9,5581000.0,147,5,0,1,13941000.0,3105000.0,0.223,3105000.0,0.048,Pago total,2652000.0,0,0.0,1,Good
27,Dependiente,Formal,20,3659000.0,0.055,1.7,Dependiente,6,3461000.0,95,1,0,1,2182000.0,995000.0,0.456,995000.0,0.023,Pago superior al mínimo,414000.0,0,0.0,1,Standard
59,Cuenta propia,Formal,106,1481000.0,0.324,8.8,Independiente,7,609000.0,488,1,0,1,1370000.0,874000.0,0.638,874000.0,0.049,Pago total,747000.0,0,0.0,2,Standard
38,Independiente,Informal,35,1516000.0,0.598,2.9,Sin cotizacion,0,0.0,184,2,1,1,685000.0,458000.0,0.669,2459000.0,0.135,Pago mínimo,47000.0,4,22.1,3,Standard
28,Dependiente,Informal,30,1839000.0,0.343,2.5,Sin cotizacion,0,0.0,37,2,0,1,5507000.0,1878000.0,0.341,1878000.0,0.085,Pago total,1842000.0,0,0.0,1,Standard
31,Dependiente,Formal,51,1864000.0,0.115,4.2,Dependiente,8,1931000.0,120,2,1,1,1826000.0,737000.0,0.404,3179000.0,0.142,Pago superior al mínimo,167000.0,1,22.4,0,Standard
54,Desempleado,No aplica,0,380000.0,0.791,0.0,Sin cotizacion,0,0.0,259,1,1,0,0.0,0.0,0.0,775000.0,0.17,No aplica,0.0,2,11.9,1,Good
33,Dependiente,Informal,1,3597000.0,0.052,0.1,Sin cotizacion,0,0.0,130,3,2,1,4830000.0,2289000.0,0.474,34116000.0,0.79,Pago total,1967000.0,0,0.0,2,Standard
35,Dependiente,Formal,48,2019000.0,0.196,4.0,Dependiente,12,2060000.0,74,1,0,0,0.0,0.0,0.0,0.0,0.0,No aplica,0.0,0,0.0,2,Good
56,Dependiente,Formal,58,1620000.0,0.07,4.8,Dependiente,12,1615000.0,303,2,1,0,0.0,0.0,0.0,1632000.0,0.084,No aplica,0.0,0,0.0,2,Good
60,Cuenta propia,Informal,72,4698000.0,0.259,6.0,Sin cotizacion,0,0.0,128,3,0,1,2816000.0,652000.0,0.232,652000.0,0.012,Pago superior al mínimo,200000.0,2,20.5,1,Standard
45,Independiente,Informal,28,7348000.0,0.405,2.3,Sin cotizacion,0,0.0,179,3,0,1,10472000.0,775000.0,0.074,775000.0,0.009,Pago total,629000.0,1,19.0,0,Standard
49,Dependiente,Informal,32,1330000.0,0.384,2.7,Sin cotizacion,0,0.0,177,2,1,0,0.0,0.0,0.0,6265000.0,0.393,No aplica,0.0,1,4.5,1,Standard
34,Dependiente,Formal,41,1542000.0,0.077,3.4,Dependiente,9,1696000.0,59,2,1,1,3309000.0,667000.0,0.202,3410000.0,0.184,Pago total,565000.0,2,4.6,1,Standard
46,Independiente,Informal,27,1156000.0,0.455,2.2,Sin cotizacion,0,0.0,53,1,0,0,0.0,0.0,0.0,0.0,0.0,No aplica,0.0,0,0.0,0,Poor
45,Independiente,Formal,27,2718000.0,0.39,2.2,Independiente,12,1297000.0,182,3,1,1,2385000.0,1442000.0,0.605,13428000.0,0.412,Pago superior al mínimo,316000.0,0,0.0,1,Standard
37,Dependiente,Formal,56,8452000.0,0.146,4.7,Dependiente,8,8455000.0,90,5,1,1,10905000.0,2369000.0,0.217,17145000.0,0.169,Pago total,2035000.0,1,10.0,2,Standard
46,Desempleado,No aplica,0,711000.0,0.563,0.0,Sin cotizacion,0,0.0,198,1,0,0,0.0,0.0,0.0,0.0,0.0,No aplica,0.0,0,0.0,1,Good
47,Dependiente,Formal,93,3051000.0,0.114,7.8,Dependiente,8,3028000.0,301,1,0,1,4602000.0,2497000.0,0.543,2497000.0,0.068,Pago total,2012000.0,0,0.0,1,Good
34,Dependiente,Informal,27,4783000.0,0.127,2.2,Sin cotizacion,0,0.0,124,3,1,0,0.0,0.0,0.0,16492000.0,0.287,No aplica,0.0,1,17.5,2,Poor
40,Cuenta propia,Informal,26,5886000.0,0.288,2.2,Sin cotizacion,0,0.0,130,4,1,1,4515000.0,1386000.0,0.307,8248000.0,0.117,Pago total,1120000.0,0,0.0,1,Good
35,Dependiente,Formal,92,3322000.0,0.085,7.7,Dependiente,12,3415000.0,40,2,0,0,0.0,0.0,0.0,0.0,0.0,No aplica,0.0,0,0.0,1,Standard
42,Independiente,Formal,93,3102000.0,0.385,7.8,Independiente,8,1234000.0,183,1,0,1,5755000.0,3524000.0,0.612,3524000.0,0.095,Pago superior al mínimo,953000.0,2,8.0,0,Poor
44,Dependiente,Formal,23,10610000.0,0.155,1.9,Dependiente,6,11150000.0,230,3,1,0,0.0,0.0,0.0,27943000.0,0.219,No aplica,0.0,1,0.8,4,Standard
26,Dependiente,Formal,96,4363000.0,0.066,8.0,Dependiente,12,4142000.0,32,5,2,1,3754000.0,2525000.0,0.673,29186000.0,0.557,Pago mínimo,222000.0,0,0.0,0,Poor
23,Desempleado,No aplica,0,1036000.0,0.674,0.0,Sin cotizacion,0,0.0,29,1,0,1,1424000.0,1184000.0,0.831,1184000.0,0.095,Pago mínimo,106000.0,4,8.5,0,Standard
44,Dependiente,Formal,129,5054000.0,0.151,10.8,Dependiente,12,5005000.0,250,3,1,1,6147000.0,2572000.0,0.418,5590000.0,0.092,Pago total,2238000.0,0,0.0,6,Poor
46,Cuenta propia,Informal,21,7528000.0,0.427,1.8,Sin cotizacion,0,0.0,228,4,2,1,16573000.0,3293000.0,0.199,90539000.0,1.002,Pago total,2973000.0,0,0.0,1,Good
23,Dependiente,Formal,52,2896000.0,0.15,4.3,Dependiente,11,2975000.0,52,3,0,1,4152000.0,2329000.0,0.561,2329000.0,0.067,Pago superior al mínimo,1104000.0,1,5.2,0,Good
19,Dependiente,Formal,12,2415000.0,0.03,1.0,Dependiente,9,2512000.0,8,2,1,1,1140000.0,522000.0,0.458,2400000.0,0.083,Pago superior al mínimo,176000.0,0,0.0,0,Poor
36,Dependiente,Formal,37,6565000.0,0.16,3.1,Dependiente,10,6176000.0,168,4,0,1,8876000.0,4261000.0,0.48,4261000.0,0.054,Pago superior al mínimo,980000.0,0,0.0,1,Standard
48,Independiente,Formal,117,5370000.0,0.125,9.8,Independiente,10,1943000.0,215,3,2,1,7402000.0,1080000.0,0.146,44517000.0,0.691,Pago total,1011000.0,1,7.8,3,Standard
50,Dependiente,Formal,140,5088000.0,0.067,11.7,Dependiente,11,4747000.0,278,4,1,1,8070000.0,3010000.0,0.373,10391000.0,0.17,Pago superior al mínimo,1465000.0,0,0.0,0,Good
57,Desempleado,No aplica,0,0.0,0.519,0.0,Sin cotizacion,0,0.0,61,2,0,0,0.0,0.0,0.0,0.0,0.0,No aplica,0.0,0,0.0,3,Standard
43,Dependiente,Formal,105,3678000.0,0.07,8.8,Dependiente,12,3550000.0,45,3,1,1,3695000.0,1837000.0,0.497,13960000.0,0.316,Pago superior al mínimo,475000.0,0,0.0,0,Standard
51,Desempleado,No aplica,0,699000.0,0.547,0.0,Sin cotizacion,0,0.0,320,1,0,0,0.0,0.0,0.0,0.0,0.0,No aplica,0.0,0,0.0,1,Standard
49,Dependiente,Informal,7,636000.0,0.297,0.6,Sin cotizacion,0,0.0,250,2,1,0,0.0,0.0,0.0,1677000.0,0.22,No aplica,0.0,0,0.0,1,Standard
35,Cuenta propia,Informal,18,1304000.0,0.138,1.5,Sin cotizacion,0,0.0,100,2,2,0,0.0,0.0,0.0,4166000.0,0.266,No aplica,0.0,2,5.5,0,Good
58,Cuenta propia,Informal,21,4434000.0,0.436,1.8,Sin cotizacion,0,0.0,412,4,1,1,2888000.0,1889000.0,0.654,6876000.0,0.129,Pago superior al mínimo,488000.0,0,0.0,1,Poor
52,Cuenta propia,Informal,25,2386000.0,0.244,2.1,Sin cotizacion,0,0.0,252,3,2,0,0.0,0.0,0.0,8136000.0,0.284,No aplica,0.0,2,9.2,2,Standard
37,Cuenta propia,Informal,33,1083000.0,0.67,2.8,Sin cotizacion,0,0.0,149,1,1,0,0.0,0.0,0.0,1585000.0,0.122,No aplica,0.0,2,4.6,2,Standard
30,Independiente,Formal,64,9253000.0,0.183,5.3,Independiente,12,3228000.0,105,2,2,1,5942000.0,4059000.0,0.683,51077000.0,0.46,Pago mínimo,305000.0,1,10.2,4,Poor
34,Independiente,Informal,29,2827000.0,0.28,2.4,Sin cotizacion,0,0.0,171,3,0,1,3285000.0,1300000.0,0.396,1300000.0,0.038,Pago superior al mínimo,279000.0,0,0.0,1,Standard
48,Dependiente,Formal,106,8550000.0,0.06,8.8,Dependiente,12,8734000.0,316,6,0,1,22768000.0,8247000.0,0.362,8247000.0,0.08,Pago total,7927000.0,0,0.0,1,Good
50,Dependiente,Formal,87,5867000.0,0.147,7.2,Dependiente,11,5921000.0,143,3,1,1,7356000.0,2180000.0,0.296,14586000.0,0.207,Pago superior al mínimo,685000.0,2,7.3,2,Poor
39,Cuenta propia,Informal,27,2409000.0,0.608,2.2,Sin cotizacion,0,0.0,155,2,0,0,0.0,0.0,0.0,0.0,0.0,No aplica,0.0,0,0.0,1,Poor
52,Independiente,Formal,95,14536000.0,0.36,7.9,Independiente,9,5725000.0,184,5,0,1,17777000.0,2805000.0,0.158,2805000.0,0.016,Pago total,2679000.0,0,0.0,0,Standard
27,Cuenta propia,Informal,35,1422000.0,0.202,2.9,Sin cotizacion,0,0.0,17,1,0,0,0.0,0.0,0.0,0.0,0.0,No aplica,0.0,0,0.0,0,Standard
49,Dependiente,Informal,49,1495000.0,0.482,4.1,Sin cotizacion,0,0.0,182,1,0,0,0.0,0.0,0.0,0.0,0.0,No aplica,0.0,0,0.0,0,Good
38,Dependiente,Formal,131,7414000.0,0.156,10.9,Dependiente,11,7422000.0,135,3,1,1,10584000.0,7705000.0,0.728,16545000.0,0.186,Pago superior al mínimo,2988000.0,2,3.3,0,Poor
30,Dependiente,Formal,113,4340000.0,0.157,9.4,Dependiente,11,4547000.0,28,4,3,0,0.0,0.0,0.0,11726000.0,0.225,No aplica,0.0,0,0.0,1,Standard
42,Independiente,Formal,33,10288000.0,0.417,2.8,Independiente,6,3686000.0,277,5,2,1,19990000.0,6556000.0,0.328,38013000.0,0.308,Pago superior al mínimo,1532000.0,1,8.4,1,Standard
54,Dependiente,Formal,63,5932000.0,0.069,5.2,Dependiente,11,5474000.0,346,2,1,1,6387000.0,2672000.0,0.418,13927000.0,0.196,Pago superior al mínimo,972000.0,0,0.0,1,Standard
44,Dependiente,Formal,82,8041000.0,0.017,6.8,Dependiente,8,8270000.0,280,6,2,1,14838000.0,7194000.0,0.485,26909000.0,0.279,Pago superior al mínimo,2985000.0,1,6.1,4,Poor
48,Dependiente,Formal,30,3170000.0,0.143,2.5,Dependiente,12,3120000.0,50,2,1,1,6542000.0,3177000.0,0.486,11292000.0,0.297,Pago superior al mínimo,682000.0,2,2.8,0,Standard
42,Dependiente,Formal,80,3456000.0,0.183,6.7,Dependiente,9,3315000.0,273,4,1,1,6101000.0,3291000.0,0.539,9277000.0,0.224,Pago superior al mínimo,1074000.0,0,0.0,1,Good
38,Independiente,Informal,40,2291000.0,0.439,3.3,Sin cotizacion,0,0.0,213,1,0,1,4831000.0,1501000.0,0.311,1501000.0,0.055,Pago total,1444000.0,0,0.0,3,Standard
37,Dependiente,Formal,32,3286000.0,0.07,2.7,Dependiente,12,3359000.0,129,2,2,0,0.0,0.0,0.0,24903000.0,0.632,No aplica,0.0,2,9.4,1,Good
46,Cuenta propia,Informal,27,757000.0,0.856,2.2,Sin cotizacion,0,0.0,272,1,0,0,0.0,0.0,0.0,0.0,0.0,No aplica,0.0,0,0.0,0,Standard
48,Dependiente,Formal,78,4295000.0,0.053,6.5,Dependiente,10,3957000.0,80,3,1,1,13009000.0,5075000.0,0.39,16030000.0,0.311,Pago total,5057000.0,0,0.0,0,Poor
38,Dependiente,Formal,130,5154000.0,0.033,10.8,Dependiente,12,4977000.0,169,5,1,0,0.0,0.0,0.0,15190000.0,0.246,No aplica,0.0,0,0.0,1,Standard
67,Dependiente,Formal,66,2937000.0,0.248,5.5,Dependiente,9,2656000.0,264,3,1,1,3655000.0,1173000.0,0.321,5224000.0,0.148,Pago total,1102000.0,1,2.5,0,Standard
35,Dependiente,Formal,33,2317000.0,0.244,2.8,Dependiente,12,2341000.0,47,3,0,1,2406000.0,323000.0,0.134,323000.0,0.012,Pago total,278000.0,0,0.0,0,Good
40,Dependiente,Formal,30,3467000.0,0.032,2.5,Dependiente,8,3685000.0,125,2,1,0,0.0,0.0,0.0,15967000.0,0.384,No aplica,0.0,3,12.0,0,Poor
40,Dependiente,Formal,53,5247000.0,0.147,4.4,Dependiente,10,5127000.0,146,3,0,1,3601000.0,2202000.0,0.611,2202000.0,0.035,Pago total,1885000.0,0,0.0,0,Standard
42,Independiente,Formal,79,2066000.0,0.413,6.6,Independiente,5,761000.0,100,2,0,1,3092000.0,496000.0,0.16,496000.0,0.02,Pago total,455000.0,0,0.0,0,Good
29,Dependiente,Informal,43,8078000.0,0.245,3.6,Sin cotizacion,0,0.0,69,5,1,1,10055000.0,8790000.0,0.874,27876000.0,0.288,Pago superior al mínimo,4219000.0,1,12.3,2,Poor
39,Independiente,Formal,35,1733000.0,0.563,2.9,Independiente,9,817000.0,235,2,1,1,3202000.0,1588000.0,0.496,9747000.0,0.469,Pago mínimo,116000.0,3,18.2,0,Poor
47,Cuenta propia,Formal,81,1534000.0,0.176,6.8,Independiente,11,652000.0,104,4,2,1,1801000.0,381000.0,0.212,11220000.0,0.61,Pago superior al mínimo,103000.0,1,19.1,1,Standard
39,Cuenta propia,Formal,18,4672000.0,0.428,1.5,Independiente,11,2243000.0,129,3,2,1,3784000.0,485000.0,0.128,16846000.0,0.3,Pago superior al mínimo,172000.0,1,20.1,1,Poor
46,Dependiente,Formal,49,6049000.0,0.056,4.1,Dependiente,6,6088000.0,208,2,2,1,7594000.0,3058000.0,0.403,19381000.0,0.267,Pago total,2798000.0,0,0.0,0,Good
29,Dependiente,Formal,80,4856000.0,0.126,6.7,Dependiente,10,4900000.0,49,5,1,1,2802000.0,1957000.0,0.698,12337000.0,0.212,Pago superior al mínimo,941000.0,1,15.1,1,Standard
21,Dependiente,Formal,36,2177000.0,0.081,3.0,Dependiente,12,2303000.0,23,3,1,1,2700000.0,1310000.0,0.485,4925000.0,0.189,Pago total,1133000.0,0,0.0,3,Good
31,Dependiente,Formal,27,2675000.0,0.171,2.2,Dependiente,11,2659000.0,139,2,1,1,2586000.0,628000.0,0.243,4012000.0,0.125,Pago total,556000.0,1,6.6,1,Standard
51,Desempleado,No aplica,0,562000.0,0.094,0.0,Sin cotizacion,0,0.0,272,2,0,0,0.0,0.0,0.0,0.0,0.0,No aplica,0.0,0,0.0,1,Good
27,Dependiente,Formal,76,2692000.0,0.028,6.3,Dependiente,6,2719000.0,81,4,3,0,0.0,0.0,0.0,8117000.0,0.251,No aplica,0.0,0,0.0,3,Standard
32,Dependiente,Formal,56,4869000.0,0.256,4.7,Dependiente,9,4397000.0,102,5,3,1,11042000.0,4843000.0,0.439,106911000.0,1.83,Pago mínimo,415000.0,3,14.9,1,Poor
23,Independiente,Formal,24,1402000.0,0.405,2.0,Independiente,10,658000.0,20,3,2,1,3299000.0,668000.0,0.202,2994000.0,0.178,Pago superior al mínimo,281000.0,1,1.2,0,Standard
40,Independiente,Formal,30,1012000.0,0.236,2.5,Independiente,6,421000.0,246,1,0,0,0.0,0.0,0.0,0.0,0.0,No aplica,0.0,0,0.0,0,Good
37,Independiente,Formal,74,2979000.0,0.266,6.2,Independiente,11,1179000.0,212,2,1,1,3866000.0,2212000.0,0.572,3917000.0,0.11,Pago total,1927000.0,0,0.0,3,Good
48,Dependiente,Formal,150,6066000.0,0.347,12.5,Dependiente,11,6286000.0,133,4,2,1,3346000.0,1800000.0,0.538,32975000.0,0.453,Pago superior al mínimo,595000.0,0,0.0,1,Poor
25,Dependiente,Formal,66,3496000.0,0.132,5.5,Dependiente,8,3331000.0,26,2,0,1,2766000.0,1839000.0,0.665,1839000.0,0.044,Pago superior al mínimo,569000.0,1,5.0,0,Poor
24,Dependiente,Formal,72,4527000.0,0.12,6.0,Dependiente,11,4427000.0,38,4,2,1,5861000.0,1851000.0,0.316,13176000.0,0.243,Pago total,1491000.0,0,0.0,1,Good
31,Dependiente,Informal,45,755000.0,0.375,3.8,Sin cotizacion,0,0.0,114,3,0,1,658000.0,174000.0,0.264,174000.0,0.019,Pago total,158000.0,0,0.0,1,Standard
54,Dependiente,Formal,43,4599000.0,0.054,3.6,Dependiente,12,4701000.0,294,3,1,1,5229000.0,1079000.0,0.206,8658000.0,0.157,Pago total,948000.0,1,6.3,1,Good
40,Dependiente,Formal,100,4947000.0,0.132,8.3,Dependiente,10,4956000.0,187,3,2,1,13543000.0,3860000.0,0.285,11982000.0,0.202,Pago superior al mínimo,922000.0,0,0.0,1,Poor
49,Dependiente,Formal,34,2173000.0,0.137,2.8,Dependiente,9,2212000.0,325,2,0,1,2288000.0,829000.0,0.362,829000.0,0.032,Pago superior al mínimo,315000.0,0,0.0,0,Poor
43,Dependiente,Formal,70,5601000.0,0.172,5.8,Dependiente,11,5657000.0,255,3,1,1,7420000.0,2735000.0,0.369,17330000.0,0.258,Pago total,2565000.0,1,5.7,2,Poor
53,Dependiente,Formal,71,3795000.0,0.363,5.9,Dependiente,6,3891000.0,207,2,2,1,5608000.0,2766000.0,0.493,21014000.0,0.461,Pago superior al mínimo,978000.0,2,7.3,1,Good
38,Independiente,Formal,70,29375000.0,0.109,5.8,Independiente,12,10198000.0,130,5,3,1,24731000.0,24424000.0,0.988,150000000.0,0.426,Pago mínimo,1828000.0,2,4.8,1,Poor
48,Independiente,Informal,11,574000.0,0.402,0.9,Sin cotizacion,0,0.0,135,3,1,0,0.0,0.0,0.0,1643000.0,0.239,No aplica,0.0,2,16.0,1,Poor
40,Cuenta propia,Informal,2,5564000.0,0.34,0.2,Sin cotizacion,0,0.0,91,4,3,0,0.0,0.0,0.0,27657000.0,0.414,No aplica,0.0,0,0.0,2,Poor
32,Dependiente,Formal,96,2832000.0,0.091,8.0,Dependiente,12,2977000.0,56,2,2,1,2734000.0,1398000.0,0.511,5371000.0,0.158,Pago superior al mínimo,503000.0,0,0.0,3,Standard
31,Dependiente,Informal,25,940000.0,0.402,2.1,Sin cotizacion,0,0.0,127,2,2,0,0.0,0.0,0.0,2239000.0,0.198,No aplica,0.0,1,24.7,0,Standard
54,Dependiente,Formal,79,3148000.0,0.16,6.6,Dependiente,12,3087000.0,276,4,1,0,0.0,0.0,0.0,3624000.0,0.096,No aplica,0.0,0,0.0,2,Good
39,Independiente,Formal,128,4829000.0,0.214,10.7,Independiente,9,1943000.0,100,2,0,0,0.0,0.0,0.0,0.0,0.0,No aplica,0.0,0,0.0,0,Good
19,Desempleado,No aplica,0,1592000.0,0.734,0.0,Sin cotizacion,0,0.0,8,3,1,1,1827000.0,552000.0,0.302,2107000.0,0.11,Pago superior al mínimo,156000.0,1,9.3,1,Poor
53,Dependiente,Formal,79,7857000.0,0.034,6.6,Dependiente,11,7668000.0,231,4,0,0,0.0,0.0,0.0,0.0,0.0,No aplica,0.0,0,0.0,1,Good
40,Cuenta propia,Informal,12,3639000.0,0.167,1.0,Sin cotizacion,0,0.0,127,3,1,1,4994000.0,1842000.0,0.369,18727000.0,0.429,Pago total,1529000.0,0,0.0,0,Standard
54,Dependiente,Formal,58,3522000.0,0.044,4.8,Dependiente,12,3482000.0,260,1,0,1,6798000.0,1490000.0,0.219,1490000.0,0.035,Pago total,1221000.0,0,0.0,2,Good
36,Dependiente,Formal,60,3923000.0,0.187,5.0,Dependiente,9,3959000.0,76,4,2,0,0.0,0.0,0.0,38745000.0,0.823,No aplica,0.0,1,2.3,2,Standard
40,Independiente,Informal,64,1987000.0,0.343,5.3,Sin cotizacion,0,0.0,222,1,0,0,0.0,0.0,0.0,0.0,0.0,No aplica,0.0,0,0.0,0,Standard
32,Cuenta propia,Informal,7,2286000.0,0.648,0.6,Sin cotizacion,0,0.0,30,2,1,0,0.0,0.0,0.0,3276000.0,0.119,No aplica,0.0,2,1.8,0,Poor
45,Independiente,Informal,39,1828000.0,0.337,3.2,Sin cotizacion,0,0.0,34,2,2,0,0.0,0.0,0.0,12371000.0,0.564,No aplica,0.0,0,0.0,0,Poor
20,Desempleado,No aplica,0,820000.0,0.933,0.0,Sin cotizacion,0,0.0,13,2,1,0,0.0,0.0,0.0,1941000.0,0.197,No aplica,0.0,5,39.8,1,Standard
42,Dependiente,Formal,36,2369000.0,0.049,3.0,Dependiente,5,2439000.0,116,3,1,0,0.0,0.0,0.0,3242000.0,0.114,No aplica,0.0,0,0.0,2,Good
32,Cuenta propia,Formal,49,2738000.0,0.609,4.1,Independiente,8,1194000.0,101,1,1,1,2162000.0,1390000.0,0.643,7216000.0,0.22,Pago superior al mínimo,348000.0,0,0.0,0,Standard
24,Dependiente,Informal,48,2976000.0,0.403,4.0,Sin cotizacion,0,0.0,51,1,0,1,3889000.0,936000.0,0.241,936000.0,0.026,Pago total,925000.0,0,0.0,0,Good
22,Desempleado,No aplica,0,812000.0,0.814,0.0,Sin cotizacion,0,0.0,30,1,0,1,500000.0,140000.0,0.28,140000.0,0.014,Pago total,120000.0,0,0.0,0,Standard
38,Dependiente,Formal,73,3839000.0,0.043,6.1,Dependiente,12,3905000.0,157,3,1,1,4839000.0,2936000.0,0.607,5079000.0,0.11,Pago superior al mínimo,1152000.0,1,8.9,1,Good
41,Cuenta propia,Informal,30,2076000.0,0.306,2.5,Sin cotizacion,0,0.0,120,4,1,1,3149000.0,1762000.0,0.56,3256000.0,0.131,Pago mínimo,223000.0,1,6.2,2,Standard
46,Dependiente,Formal,58,4740000.0,0.056,4.8,Dependiente,11,4627000.0,263,3,1,1,6603000.0,5435000.0,0.823,17914000.0,0.315,Pago superior al mínimo,2009000.0,3,8.0,0,Good
64,Pensionado,No aplica,236,2985000.0,0.214,19.7,Pensionado,12,3018000.0,411,2,2,1,9450000.0,4501000.0,0.476,26531000.0,0.741,Pago superior al mínimo,1585000.0,4,29.8,1,Poor
46,Dependiente,Formal,54,5376000.0,0.346,4.5,Dependiente,11,5428000.0,221,3,1,1,5211000.0,1504000.0,0.289,20868000.0,0.323,Pago total,1308000.0,0,0.0,3,Good
19,Desempleado,No aplica,0,0.0,0.391,0.0,Sin cotizacion,0,0.0,1,2,2,1,1304000.0,268000.0,0.206,268000.0,2.0,Pago superior al mínimo,70000.0,2,6.5,1,Poor
36,Dependiente,Formal,48,4913000.0,0.171,4.0,Dependiente,11,4925000.0,152,4,0,1,5791000.0,2378000.0,0.411,2378000.0,0.04,Pago superior al mínimo,1117000.0,0,0.0,3,Good
46,Dependiente,Formal,102,1259000.0,0.056,8.5,Dependiente,11,1286000.0,269,1,0,0,0.0,0.0,0.0,0.0,0.0,No aplica,0.0,0,0.0,0,Good
25,Dependiente,Formal,12,3140000.0,0.149,1.0,Dependiente,6,2980000.0,61,2,1,0,0.0,0.0,0.0,11141000.0,0.296,No aplica,0.0,0,0.0,0,Standard
25,Dependiente,Formal,36,1369000.0,0.14,3.0,Dependiente,11,1258000.0,47,2,0,0,0.0,0.0,0.0,0.0,0.0,No aplica,0.0,0,0.0,0,Standard
58,Desempleado,No aplica,0,0.0,0.887,0.0,Sin cotizacion,0,0.0,129,2,1,0,0.0,0.0,0.0,0.0,0.0,No aplica,0.0,0,0.0,1,Good
48,Dependiente,Formal,44,2303000.0,0.169,3.7,Dependiente,11,2413000.0,81,4,2,1,3770000.0,479000.0,0.127,12888000.0,0.466,Pago total,441000.0,0,0.0,0,Standard
55,Pensionado,No aplica,257,1591000.0,0.223,21.4,Pensionado,12,1585000.0,141,2,1,0,0.0,0.0,0.0,2904000.0,0.152,No aplica,0.0,2,4.1,1,Standard
38,Dependiente,Formal,71,2675000.0,0.249,5.9,Dependiente,11,2720000.0,222,1,0,1,7712000.0,3572000.0,0.463,3572000.0,0.111,Pago superior al mínimo,868000.0,1,7.3,0,Standard
40,Dependiente,Formal,34,4533000.0,0.208,2.8,Dependiente,12,4376000.0,254,4,1,1,9573000.0,2612000.0,0.273,9063000.0,0.167,Pago total,2479000.0,1,3.4,1,Good
24,Cuenta propia,Informal,12,842000.0,0.437,1.0,Sin cotizacion,0,0.0,63,2,1,1,872000.0,584000.0,0.67,3298000.0,0.326,Pago total,478000.0,0,0.0,1,Poor
45,Independiente,Formal,107,4334000.0,0.564,8.9,Independiente,9,1952000.0,224,5,2,0,0.0,0.0,0.0,29110000.0,0.56,No aplica,0.0,2,1.9,4,Good
33,Dependiente,Formal,33,4986000.0,0.238,2.8,Dependiente,12,5056000.0,76,2,0,1,3182000.0,2284000.0,0.718,2284000.0,0.038,Pago superior al mínimo,813000.0,0,0.0,0,Standard
59,Independiente,Informal,19,1578000.0,0.37,1.6,Sin cotizacion,0,0.0,357,3,1,1,3113000.0,1936000.0,0.622,4692000.0,0.248,Pago superior al mínimo,423000.0,0,0.0,1,Poor
54,Independiente,Informal,22,2033000.0,0.445,1.8,Sin cotizacion,0,0.0,361,2,0,0,0.0,0.0,0.0,0.0,0.0,No aplica,0.0,0,0.0,0,Standard
26,Dependiente,Formal,84,1741000.0,0.133,7.0,Dependiente,10,1728000.0,46,2,1,1,2477000.0,1279000.0,0.516,5879000.0,0.281,Pago mínimo,125000.0,0,0.0,2,Poor
31,Desempleado,No aplica,0,533000.0,0.853,0.0,Sin cotizacion,0,0.0,70,1,0,0,0.0,0.0,0.0,0.0,0.0,No aplica,0.0,0,0.0,1,Poor
27,Desempleado,No aplica,0,2936000.0,0.499,0.0,Sin cotizacion,0,0.0,42,3,0,1,5329000.0,3302000.0,0.62,3302000.0,0.094,Pago total,2999000.0,0,0.0,1,Poor
34,Independiente,Formal,50,2367000.0,0.249,4.2,Independiente,9,974000.0,89,2,0,1,1681000.0,496000.0,0.295,496000.0,0.017,Pago superior al mínimo,174000.0,1,12.9,0,Standard
62,Dependiente,Formal,30,7866000.0,0.113,2.5,Dependiente,12,7318000.0,304,4,2,1,7432000.0,774000.0,0.104,43310000.0,0.459,Pago total,687000.0,1,23.7,4,Poor
53,Independiente,Informal,44,1702000.0,0.543,3.7,Sin cotizacion,0,0.0,361,2,0,0,0.0,0.0,0.0,0.0,0.0,No aplica,0.0,0,0.0,1,Good
33,Dependiente,Formal,87,2729000.0,0.174,7.2,Dependiente,12,2770000.0,123,2,1,0,0.0,0.0,0.0,5104000.0,0.156,No aplica,0.0,1,16.2,1,Good
38,Dependiente,Informal,75,11040000.0,0.07,6.2,Sin cotizacion,0,0.0,196,5,1,1,9368000.0,4781000.0,0.51,18848000.0,0.142,Pago superior al mínimo,1306000.0,0,0.0,0,Standard
41,Dependiente,Formal,74,2557000.0,0.176,6.2,Dependiente,11,2709000.0,139,2,1,1,4640000.0,692000.0,0.149,6045000.0,0.197,Pago total,566000.0,1,1.3,1,Standard
44,Dependiente,Formal,32,7838000.0,0.08,2.7,Dependiente,7,7937000.0,304,4,1,0,0.0,0.0,0.0,27518000.0,0.293,No aplica,0.0,1,16.8,2,Standard
31,Cuenta propia,Informal,72,1893000.0,0.789,6.0,Sin cotizacion,0,0.0,113,2,2,0,0.0,0.0,0.0,4310000.0,0.19,No aplica,0.0,0,0.0,0,Poor
39,Independiente,Informal,22,1199000.0,0.131,1.8,Sin cotizacion,0,0.0,169,1,0,1,611000.0,418000.0,0.684,418000.0,0.029,Pago mínimo,47000.0,0,0.0,0,Good
46,Independiente,Informal,50,986000.0,0.234,4.2,Sin cotizacion,0,0.0,139,2,1,0,0.0,0.0,0.0,4187000.0,0.354,No aplica,0.0,3,9.6,1,Good
53,Dependiente,Formal,130,4183000.0,0.267,10.8,Dependiente,9,4214000.0,218,5,1,1,2918000.0,1349000.0,0.462,6535000.0,0.13,Pago superior al mínimo,332000.0,1,6.1,5,Standard
26,Dependiente,Formal,68,1902000.0,0.197,5.7,Dependiente,5,1878000.0,90,1,0,1,2776000.0,955000.0,0.344,955000.0,0.042,Pago total,837000.0,1,2.1,0,Poor
57,Dependiente,Formal,64,3493000.0,0.183,5.3,Dependiente,9,3644000.0,332,2,2,0,0.0,0.0,0.0,45545000.0,1.087,No aplica,0.0,2,5.3,2,Standard
50,Desempleado,No aplica,0,848000.0,0.86,0.0,Sin cotizacion,0,0.0,251,1,0,1,500000.0,242000.0,0.484,242000.0,0.024,Pago superior al mínimo,102000.0,0,0.0,0,Standard
23,Dependiente,Formal,60,1264000.0,0.186,5.0,Dependiente,11,1326000.0,37,2,1,0,0.0,0.0,0.0,4250000.0,0.28,No aplica,0.0,1,8.2,0,Standard
39,Cuenta propia,Informal,40,3254000.0,0.223,3.3,Sin cotizacion,0,0.0,171,4,1,0,0.0,0.0,0.0,4885000.0,0.125,No aplica,0.0,0,0.0,2,Good
26,Independiente,Informal,55,5813000.0,0.631,4.6,Sin cotizacion,0,0.0,56,3,1,1,8544000.0,2858000.0,0.335,7681000.0,0.11,Pago superior al mínimo,1092000.0,1,6.2,1,Poor
37,Dependiente,Formal,60,3005000.0,0.099,5.0,Dependiente,12,2953000.0,204,2,0,1,3031000.0,1540000.0,0.508,1540000.0,0.043,Pago total,1501000.0,0,0.0,1,Good
39,Independiente,Informal,31,2429000.0,0.044,2.6,Sin cotizacion,0,0.0,182,3,0,0,0.0,0.0,0.0,0.0,0.0,No aplica,0.0,0,0.0,3,Good
46,Dependiente,Formal,49,3637000.0,0.188,4.1,Dependiente,11,3689000.0,174,2,1,1,1424000.0,570000.0,0.4,5659000.0,0.13,Pago superior al mínimo,230000.0,0,0.0,1,Good
58,Desempleado,No aplica,0,994000.0,0.7,0.0,Sin cotizacion,0,0.0,449,1,0,1,2099000.0,532000.0,0.253,532000.0,0.045,Pago mínimo,77000.0,0,0.0,0,Poor
55,Pensionado,No aplica,151,967000.0,0.209,12.6,Pensionado,12,974000.0,261,1,1,1,514000.0,282000.0,0.549,1868000.0,0.161,Pago superior al mínimo,75000.0,3,38.4,2,Poor
51,Dependiente,Formal,40,3513000.0,0.196,3.3,Dependiente,6,3569000.0,313,3,1,1,5880000.0,843000.0,0.143,6512000.0,0.154,Pago superior al mínimo,179000.0,0,0.0,3,Poor
20,Dependiente,Formal,24,3764000.0,0.153,2.0,Dependiente,9,3648000.0,13,3,1,0,0.0,0.0,0.0,4864000.0,0.108,No aplica,0.0,0,0.0,2,Standard
27,Independiente,Informal,14,3078000.0,0.348,1.2,Sin cotizacion,0,0.0,40,2,0,1,6264000.0,2437000.0,0.389,2437000.0,0.066,Pago total,1988000.0,0,0.0,0,Poor
55,Pensionado,No aplica,247,1426000.0,0.16,20.6,Pensionado,12,1475000.0,269,1,0,0,0.0,0.0,0.0,0.0,0.0,No aplica,0.0,0,0.0,0,Standard
41,Dependiente,Formal,90,1702000.0,0.27,7.5,Dependiente,11,1740000.0,104,2,0,1,2541000.0,1819000.0,0.716,1819000.0,0.089,Pago superior al mínimo,475000.0,2,3.3,1,Poor
36,Independiente,Formal,62,6491000.0,0.398,5.2,Independiente,11,2909000.0,168,3,1,1,13090000.0,4614000.0,0.352,17884000.0,0.23,Pago total,3740000.0,1,3.9,0,Good
29,Independiente,Informal,35,2195000.0,0.315,2.9,Sin cotizacion,0,0.0,55,1,0,0,0.0,0.0,0.0,0.0,0.0,No aplica,0.0,0,0.0,0,Good
24,Independiente,Informal,16,1015000.0,0.179,1.3,Sin cotizacion,0,0.0,40,1,0,0,0.0,0.0,0.0,0.0,0.0,No aplica,0.0,0,0.0,0,Good
40,Dependiente,Formal,64,5326000.0,0.066,5.3,Dependiente,12,5088000.0,188,2,1,0,0.0,0.0,0.0,10046000.0,0.157,No aplica,0.0,1,1.2,1,Standard
54,Independiente,Formal,113,3059000.0,0.414,9.4,Independiente,12,1094000.0,392,4,0,1,2008000.0,523000.0,0.26,523000.0,0.014,Pago superior al mínimo,146000.0,3,3.2,1,Standard
41,Cuenta propia,Formal,111,1361000.0,0.617,9.2,Independiente,12,653000.0,100,1,0,1,1252000.0,146000.0,0.117,146000.0,0.009,Pago total,142000.0,2,17.9,0,Standard
19,Dependiente,Formal,12,1955000.0,0.1,1.0,Dependiente,10,2045000.0,1,3,1,0,0.0,0.0,0.0,2342000.0,0.1,No aplica,0.0,2,6.0,1,Good
37,Dependiente,Formal,100,2538000.0,0.283,8.3,Dependiente,12,2455000.0,166,2,0,1,5733000.0,3436000.0,0.599,3436000.0,0.113,Pago superior al mínimo,958000.0,0,0.0,1,Good
35,Desempleado,No aplica,0,778000.0,0.936,0.0,Sin cotizacion,0,0.0,152,2,0,0,0.0,0.0,0.0,0.0,0.0,No aplica,0.0,0,0.0,1,Standard
27,Dependiente,Formal,77,2124000.0,0.046,6.4,Dependiente,9,2198000.0,20,4,1,0,0.0,0.0,0.0,8446000.0,0.331,No aplica,0.0,0,0.0,1,Good
44,Cuenta propia,Informal,50,802000.0,0.504,4.2,Sin cotizacion,0,0.0,186,1,1,0,0.0,0.0,0.0,3328000.0,0.346,No aplica,0.0,2,4.1,0,Good
37,Dependiente,Formal,34,5284000.0,0.107,2.8,Dependiente,6,5186000.0,52,4,1,1,13405000.0,2498000.0,0.186,13167000.0,0.208,Pago total,2406000.0,0,0.0,0,Good
46,Dependiente,Formal,94,3098000.0,0.091,7.8,Dependiente,6,2887000.0,236,3,0,1,10517000.0,2382000.0,0.226,2382000.0,0.064,Pago total,2058000.0,0,0.0,1,Good
41,Cuenta propia,Informal,52,2460000.0,0.589,4.3,Sin cotizacion,0,0.0,157,4,3,0,0.0,0.0,0.0,27315000.0,0.925,No aplica,0.0,1,6.7,2,Poor
35,Dependiente,Formal,63,1774000.0,0.265,5.2,Dependiente,9,1625000.0,195,1,0,1,1796000.0,981000.0,0.546,981000.0,0.046,Pago total,871000.0,0,0.0,1,Good
43,Dependiente,Formal,67,2721000.0,0.116,5.6,Dependiente,6,2719000.0,159,2,0,0,0.0,0.0,0.0,0.0,0.0,No aplica,0.0,0,0.0,1,Poor
33,Dependiente,Formal,57,4806000.0,0.065,4.8,Dependiente,12,5106000.0,40,5,1,1,6198000.0,4482000.0,0.723,19065000.0,0.331,Pago superior al mínimo,2043000.0,1,0.8,1,Poor
64,Pensionado,No aplica,178,8009000.0,0.118,14.8,Pensionado,12,8375000.0,418,4,1,1,15498000.0,7942000.0,0.512,18774000.0,0.195,Pago total,7136000.0,0,0.0,0,Good
38,Dependiente,Formal,71,1484000.0,0.194,5.9,Dependiente,10,1559000.0,36,3,0,0,0.0,0.0,0.0,0.0,0.0,No aplica,0.0,0,0.0,0,Good
46,Dependiente,Informal,36,2398000.0,0.28,3.0,Sin cotizacion,0,0.0,156,3,1,1,2683000.0,1572000.0,0.586,7930000.0,0.276,Pago superior al mínimo,372000.0,3,9.2,1,Poor
29,Desempleado,No aplica,0,0.0,0.766,0.0,Sin cotizacion,0,0.0,43,1,0,0,0.0,0.0,0.0,0.0,0.0,No aplica,0.0,0,0.0,1,Standard
48,Dependiente,Formal,41,5096000.0,0.205,3.4,Dependiente,12,5265000.0,66,2,1,1,2528000.0,496000.0,0.196,6245000.0,0.102,Pago total,432000.0,0,0.0,1,Good
28,Independiente,Formal,45,4473000.0,0.483,3.8,Independiente,12,1846000.0,80,3,0,0,0.0,0.0,0.0,0.0,0.0,No aplica,0.0,0,0.0,0,Good
38,Dependiente,Informal,45,4019000.0,0.158,3.8,Sin cotizacion,0,0.0,90,2,1,1,7301000.0,1611000.0,0.221,5976000.0,0.124,Pago total,1551000.0,0,0.0,0,Good
38,Cuenta propia,Formal,79,4029000.0,0.618,6.6,Independiente,12,1797000.0,192,3,2,0,0.0,0.0,0.0,23945000.0,0.495,No aplica,0.0,0,0.0,4,Standard
54,Dependiente,Formal,43,2085000.0,0.303,3.6,Dependiente,12,1917000.0,287,4,1,1,2525000.0,211000.0,0.084,6032000.0,0.241,Pago superior al mínimo,47000.0,1,7.8,0,Standard
25,Desempleado,No aplica,0,1809000.0,0.64,0.0,Sin cotizacion,0,0.0,30,2,0,1,2824000.0,1282000.0,0.454,1282000.0,0.059,Pago superior al mínimo,540000.0,1,11.7,0,Poor
43,Dependiente,Formal,61,3244000.0,0.206,5.1,Dependiente,12,3372000.0,106,2,2,1,6119000.0,734000.0,0.12,18124000.0,0.466,Pago superior al mínimo,309000.0,1,2.4,0,Good
18,Dependiente,Formal,0,4362000.0,0.068,0.0,Dependiente,0,0.0,0,0,0,0,0.0,0.0,0.0,0.0,0.0,No aplica,0.0,0,0.0,1,Good
38,Dependiente,Informal,4,1403000.0,0.111,0.3,Sin cotizacion,0,0.0,162,2,0,1,2505000.0,1933000.0,0.772,1933000.0,0.115,Pago superior al mínimo,644000.0,0,0.0,0,Standard
29,Dependiente,Formal,12,3371000.0,0.13,1.0,Dependiente,10,3220000.0,100,2,2,0,0.0,0.0,0.0,14786000.0,0.366,No aplica,0.0,0,0.0,0,Good
36,Dependiente,Formal,17,1556000.0,0.056,1.4,Dependiente,11,1499000.0,195,3,1,1,2452000.0,1790000.0,0.73,2812000.0,0.151,Pago superior al mínimo,369000.0,1,9.5,0,Poor
51,Dependiente,Formal,174,2445000.0,0.255,14.5,Dependiente,12,2513000.0,198,2,1,1,3548000.0,1231000.0,0.347,3078000.0,0.105,Pago superior al mínimo,336000.0,3,11.6,0,Poor
39,Cuenta propia,Informal,13,2760000.0,0.439,1.1,Sin cotizacion,0,0.0,125,3,1,1,4780000.0,2479000.0,0.519,9521000.0,0.287,Pago total,2119000.0,1,8.1,0,Good
44,Dependiente,Formal,55,2457000.0,0.225,4.6,Dependiente,12,2548000.0,148,3,0,0,0.0,0.0,0.0,0.0,0.0,No aplica,0.0,0,0.0,1,Poor
38,Dependiente,Formal,86,2825000.0,0.24,7.2,Dependiente,12,2756000.0,88,1,1,1,2298000.0,761000.0,0.331,9873000.0,0.291,Pago total,725000.0,0,0.0,1,Standard
52,Independiente,Informal,41,4256000.0,0.291,3.4,Sin cotizacion,0,0.0,174,2,1,1,4754000.0,2359000.0,0.496,7720000.0,0.151,Pago superior al mínimo,852000.0,0,0.0,1,Standard
41,Independiente,Formal,57,2825000.0,0.358,4.8,Independiente,11,1203000.0,215,1,0,1,2633000.0,519000.0,0.197,519000.0,0.015,Pago total,450000.0,1,5.7,1,Standard
29,Dependiente,Formal,125,4733000.0,0.144,10.4,Dependiente,11,4840000.0,75,3,1,1,5675000.0,3848000.0,0.678,32354000.0,0.57,Pago superior al mínimo,1481000.0,0,0.0,2,Poor
48,Dependiente,Formal,95,4397000.0,0.054,7.9,Dependiente,12,4342000.0,186,2,2,0,0.0,0.0,0.0,11606000.0,0.22,No aplica,0.0,1,7.7,0,Good
29,Dependiente,Formal,46,3976000.0,0.126,3.8,Dependiente,12,4000000.0,59,2,2,1,4617000.0,1229000.0,0.266,35613000.0,0.746,Pago superior al mínimo,284000.0,0,0.0,0,Poor
50,Independiente,Informal,14,7457000.0,0.286,1.2,Sin cotizacion,0,0.0,331,3,2,1,4358000.0,2060000.0,0.473,12200000.0,0.136,Pago total,2058000.0,1,12.2,1,Standard
54,Independiente,Formal,71,5429000.0,0.486,5.9,Independiente,9,2606000.0,69,3,1,1,5191000.0,119000.0,0.023,6431000.0,0.099,Pago total,97000.0,2,7.6,0,Standard
43,Dependiente,Formal,98,7595000.0,0.104,8.2,Dependiente,11,7509000.0,147,2,0,1,15802000.0,2679000.0,0.17,2679000.0,0.029,Pago total,2584000.0,0,0.0,0,Standard
47,Cuenta propia,Informal,83,4330000.0,0.432,6.9,Sin cotizacion,0,0.0,205,3,1,1,4800000.0,1515000.0,0.316,12367000.0,0.238,Pago superior al mínimo,504000.0,3,23.6,3,Standard
34,Cuenta propia,Informal,37,1388000.0,0.411,3.1,Sin cotizacion,0,0.0,141,3,1,0,0.0,0.0,0.0,2260000.0,0.136,No aplica,0.0,1,6.1,1,Poor
27,Independiente,Informal,23,6204000.0,0.364,1.9,Sin cotizacion,0,0.0,29,4,1,0,0.0,0.0,0.0,21231000.0,0.285,No aplica,0.0,1,6.6,6,Good
35,Cuenta propia,Informal,64,2435000.0,0.509,5.3,Sin cotizacion,0,0.0,95,2,1,0,0.0,0.0,0.0,5779000.0,0.198,No aplica,0.0,0,0.0,1,Standard
26,Dependiente,Formal,96,2641000.0,0.253,8.0,Dependiente,12,2615000.0,35,3,2,1,3626000.0,2744000.0,0.757,29730000.0,0.938,Pago superior al mínimo,1279000.0,0,0.0,1,Poor
39,Dependiente,Formal,95,4135000.0,0.206,7.9,Dependiente,10,4160000.0,149,2,1,0,0.0,0.0,0.0,5978000.0,0.12,No aplica,0.0,1,3.8,0,Good
33,Dependiente,Informal,12,4314000.0,0.389,1.0,Sin cotizacion,0,0.0,89,3,0,1,14434000.0,2495000.0,0.173,2495000.0,0.048,Pago total,2095000.0,0,0.0,2,Good
34,Dependiente,Formal,55,4244000.0,0.253,4.6,Dependiente,12,4213000.0,130,5,2,1,6539000.0,3073000.0,0.47,11412000.0,0.224,Pago total,2797000.0,2,1.7,1,Standard
62,Desempleado,No aplica,0,2452000.0,0.968,0.0,Sin cotizacion,0,0.0,281,3,0,0,0.0,0.0,0.0,0.0,0.0,No aplica,0.0,0,0.0,0,Standard
27,Cuenta propia,Informal,26,1525000.0,0.365,2.2,Sin cotizacion,0,0.0,62,1,0,0,0.0,0.0,0.0,0.0,0.0,No aplica,0.0,0,0.0,0,Standard
40,Dependiente,Formal,95,6639000.0,0.163,7.9,Dependiente,7,6849000.0,167,3,1,1,17706000.0,13509000.0,0.763,24979000.0,0.314,Pago superior al mínimo,5110000.0,1,36.1,2,Poor
42,Dependiente,Formal,21,10121000.0,0.144,1.8,Dependiente,10,10716000.0,171,4,2,1,14918000.0,8434000.0,0.565,39476000.0,0.325,Pago superior al mínimo,2863000.0,1,2.2,3,Good
49,Dependiente,Formal,53,5884000.0,0.157,4.4,Dependiente,10,5826000.0,347,5,1,1,6347000.0,2542000.0,0.401,10152000.0,0.144,Pago total,2176000.0,0,0.0,3,Good
48,Cuenta propia,Informal,30,687000.0,0.56,2.5,Sin cotizacion,0,0.0,273,2,2,0,0.0,0.0,0.0,1563000.0,0.19,No aplica,0.0,2,2.2,1,Poor
48,Dependiente,Formal,58,5266000.0,0.082,4.8,Dependiente,11,5086000.0,200,2,0,1,5799000.0,2411000.0,0.416,2411000.0,0.038,Pago superior al mínimo,1068000.0,0,0.0,1,Good
43,Dependiente,Formal,140,6972000.0,0.097,11.7,Dependiente,7,7523000.0,156,3,1,0,0.0,0.0,0.0,5494000.0,0.066,No aplica,0.0,0,0.0,0,Good
46,Dependiente,Formal,107,1546000.0,0.025,8.9,Dependiente,7,1553000.0,62,2,2,0,0.0,0.0,0.0,14330000.0,0.772,No aplica,0.0,1,10.9,2,Poor
55,Dependiente,Formal,106,6083000.0,0.181,8.8,Dependiente,12,5668000.0,285,3,1,1,9516000.0,3305000.0,0.347,7940000.0,0.109,Pago total,2781000.0,0,0.0,2,Standard
34,Desempleado,No aplica,0,805000.0,0.563,0.0,Sin cotizacion,0,0.0,110,1,0,0,0.0,0.0,0.0,0.0,0.0,No aplica,0.0,0,0.0,2,Standard
31,Desempleado,No aplica,0,1087000.0,0.623,0.0,Sin cotizacion,0,0.0,71,1,0,0,0.0,0.0,0.0,0.0,0.0,No aplica,0.0,0,0.0,0,Poor
30,Dependiente,Formal,51,3887000.0,0.043,4.2,Dependiente,9,4177000.0,25,3,0,1,5544000.0,769000.0,0.139,769000.0,0.016,Pago total,655000.0,0,0.0,1,Standard
41,Desempleado,No aplica,0,751000.0,0.775,0.0,Sin cotizacion,0,0.0,96,2,0,1,1712000.0,451000.0,0.263,451000.0,0.05,Pago total,398000.0,0,0.0,2,Standard
32,Independiente,Formal,72,7324000.0,0.51,6.0,Independiente,8,3260000.0,101,4,1,1,28622000.0,13949000.0,0.487,27819000.0,0.317,Pago mínimo,1856000.0,3,19.6,1,Poor
60,Desempleado,No aplica,0,0.0,0.503,0.0,Sin cotizacion,0,0.0,46,2,1,1,2237000.0,1108000.0,0.495,1108000.0,2.0,Pago superior al mínimo,224000.0,1,3.6,1,Poor
38,Dependiente,Formal,40,3599000.0,0.005,3.3,Dependiente,12,3830000.0,174,3,1,1,5090000.0,1562000.0,0.307,10650000.0,0.247,Pago total,1529000.0,0,0.0,3,Standard
55,Independiente,Formal,41,9812000.0,0.503,3.4,Independiente,8,4488000.0,314,4,1,1,16483000.0,5031000.0,0.305,24075000.0,0.204,Pago superior al mínimo,1828000.0,0,0.0,1,Standard
47,Dependiente,Formal,107,4914000.0,0.364,8.9,Dependiente,12,5405000.0,221,3,1,1,8243000.0,1428000.0,0.173,5291000.0,0.09,Pago total,1169000.0,0,0.0,0,Good
67,Pensionado,No aplica,244,1860000.0,0.271,20.3,Pensionado,12,1802000.0,451,1,0,1,2727000.0,580000.0,0.213,580000.0,0.026,Pago total,490000.0,0,0.0,0,Good
46,Dependiente,Formal,39,2588000.0,0.297,3.2,Dependiente,10,2506000.0,230,1,0,0,0.0,0.0,0.0,0.0,0.0,No aplica,0.0,0,0.0,1,Good
37,Dependiente,Formal,69,4796000.0,0.101,5.8,Dependiente,12,4702000.0,79,2,0,1,5197000.0,2428000.0,0.467,2428000.0,0.042,Pago superior al mínimo,538000.0,2,3.4,1,Good
40,Dependiente,Formal,27,2977000.0,0.21,2.2,Dependiente,11,2915000.0,47,4,1,1,3098000.0,340000.0,0.11,3897000.0,0.109,Pago total,303000.0,0,0.0,3,Good
25,Independiente,Formal,84,5619000.0,0.625,7.0,Independiente,12,2275000.0,15,2,1,1,8592000.0,7590000.0,0.883,18440000.0,0.273,Pago mínimo,394000.0,4,38.1,0,Poor
46,Dependiente,Formal,38,3817000.0,0.041,3.2,Dependiente,9,3742000.0,214,1,0,1,3271000.0,1149000.0,0.351,1149000.0,0.025,Pago superior al mínimo,463000.0,0,0.0,2,Good
37,Independiente,Formal,69,10199000.0,0.768,5.8,Independiente,8,3594000.0,116,4,1,1,12873000.0,6874000.0,0.534,27175000.0,0.222,Pago superior al mínimo,1619000.0,1,7.3,2,Poor
38,Desempleado,No aplica,0,386000.0,0.857,0.0,Sin cotizacion,0,0.0,111,1,1,0,0.0,0.0,0.0,354000.0,0.076,No aplica,0.0,1,7.1,0,Poor
23,Dependiente,Formal,60,1776000.0,0.097,5.0,Dependiente,12,1714000.0,41,1,1,1,4866000.0,2457000.0,0.505,7799000.0,0.366,Pago total,2066000.0,0,0.0,1,Good
48,Independiente,Informal,13,3038000.0,0.609,1.1,Sin cotizacion,0,0.0,166,2,0,1,2291000.0,789000.0,0.344,789000.0,0.022,Pago total,634000.0,4,6.5,0,Good
29,Dependiente,Formal,78,3480000.0,0.044,6.5,Dependiente,12,3439000.0,44,4,2,0,0.0,0.0,0.0,7743000.0,0.185,No aplica,0.0,1,7.0,1,Standard
32,Cuenta propia,Informal,29,7773000.0,0.502,2.4,Sin cotizacion,0,0.0,79,2,1,1,8296000.0,3815000.0,0.46,49928000.0,0.535,Pago superior al mínimo,1031000.0,1,20.2,0,Poor
42,Dependiente,Formal,34,2358000.0,0.095,2.8,Dependiente,12,2466000.0,80,2,1,1,2636000.0,1383000.0,0.525,2731000.0,0.097,Pago total,1117000.0,1,8.5,2,Good
46,Independiente,Formal,44,4438000.0,0.184,3.7,Independiente,7,1673000.0,247,4,1,1,9375000.0,1664000.0,0.177,14219000.0,0.267,Pago total,1363000.0,0,0.0,1,Good
25,Cuenta propia,Informal,40,859000.0,0.67,3.3,Sin cotizacion,0,0.0,44,1,0,0,0.0,0.0,0.0,0.0,0.0,No aplica,0.0,0,0.0,0,Standard
31,Cuenta propia,Informal,26,1371000.0,0.41,2.2,Sin cotizacion,0,0.0,107,1,0,0,0.0,0.0,0.0,0.0,0.0,No aplica,0.0,0,0.0,0,Poor
52,Independiente,Formal,127,13177000.0,0.514,10.6,Independiente,9,5698000.0,225,2,1,1,21037000.0,16440000.0,0.781,45318000.0,0.287,Pago mínimo,2404000.0,4,4.1,1,Standard
55,Independiente,Formal,84,2107000.0,0.434,7.0,Independiente,7,731000.0,256,3,1,1,4049000.0,484000.0,0.12,4240000.0,0.168,Pago total,396000.0,0,0.0,3,Poor
39,Independiente,Formal,37,5905000.0,0.687,3.1,Independiente,7,1890000.0,73,4,1,1,12916000.0,6658000.0,0.515,24302000.0,0.343,Pago mínimo,856000.0,0,0.0,2,Poor
70,Pensionado,No aplica,247,2984000.0,0.301,20.6,Pensionado,12,2972000.0,287,1,0,1,11924000.0,9653000.0,0.81,9653000.0,0.27,Pago mínimo,1105000.0,2,1.5,2,Standard
34,Independiente,Formal,106,3762000.0,0.208,8.8,Independiente,9,1413000.0,22,4,2,0,0.0,0.0,0.0,9381000.0,0.208,No aplica,0.0,0,0.0,3,Good
36,Dependiente,Informal,36,3218000.0,0.159,3.0,Sin cotizacion,0,0.0,157,2,2,0,0.0,0.0,0.0,10441000.0,0.27,No aplica,0.0,0,0.0,0,Good
40,Cuenta propia,Informal,43,947000.0,0.263,3.6,Sin cotizacion,0,0.0,47,2,1,0,0.0,0.0,0.0,931000.0,0.082,No aplica,0.0,1,5.8,1,Poor
22,Cuenta propia,Informal,36,5541000.0,0.801,3.0,Sin cotizacion,0,0.0,28,4,1,0,0.0,0.0,0.0,26397000.0,0.397,No aplica,0.0,0,0.0,1,Poor
35,Independiente,Formal,118,13502000.0,0.484,9.8,Independiente,12,4925000.0,141,4,2,0,0.0,0.0,0.0,37963000.0,0.234,No aplica,0.0,0,0.0,0,Good
44,Dependiente,Formal,111,3920000.0,0.193,9.2,Dependiente,9,3763000.0,251,3,0,1,2207000.0,1350000.0,0.612,1350000.0,0.029,Pago superior al mínimo,389000.0,1,20.2,0,Good
21,Cuenta propia,Informal,8,9357000.0,0.194,0.7,Sin cotizacion,0,0.0,9,3,1,1,40000000.0,5624000.0,0.141,18486000.0,0.165,Pago total,5467000.0,0,0.0,0,Standard
56,Dependiente,Formal,25,3334000.0,0.114,2.1,Dependiente,9,3240000.0,259,1,0,1,7567000.0,3313000.0,0.438,3313000.0,0.083,Pago superior al mínimo,1135000.0,1,4.6,0,Standard
43,Independiente,Formal,59,5449000.0,0.164,4.9,Independiente,7,1964000.0,174,3,1,1,20859000.0,10202000.0,0.489,35694000.0,0.546,Pago mínimo,811000.0,0,0.0,0,Standard
34,Dependiente,Formal,97,6587000.0,0.181,8.1,Dependiente,12,6351000.0,91,2,1,1,7344000.0,4009000.0,0.546,8349000.0,0.106,Pago superior al mínimo,1761000.0,0,0.0,0,Standard
25,Independiente,Informal,62,1627000.0,0.297,5.2,Sin cotizacion,0,0.0,40,4,0,0,0.0,0.0,0.0,0.0,0.0,No aplica,0.0,0,0.0,2,Standard
63,Pensionado,No aplica,161,1343000.0,0.179,13.4,Pensionado,12,1288000.0,431,3,1,0,0.0,0.0,0.0,7870000.0,0.488,No aplica,0.0,0,0.0,2,Good
49,Dependiente,Formal,58,1932000.0,0.172,4.8,Dependiente,11,1767000.0,334,1,0,1,2755000.0,1186000.0,0.43,1186000.0,0.051,Pago total,1114000.0,0,0.0,1,Good
58,Pensionado,No aplica,165,6320000.0,0.192,13.8,Pensionado,12,5901000.0,468,3,0,0,0.0,0.0,0.0,0.0,0.0,No aplica,0.0,0,0.0,1,Good
42,Dependiente,Formal,63,2965000.0,0.169,5.2,Dependiente,10,3257000.0,201,2,1,1,2489000.0,750000.0,0.301,6289000.0,0.177,Pago total,612000.0,0,0.0,1,Standard
38,Cuenta propia,Informal,33,1835000.0,0.315,2.8,Sin cotizacion,0,0.0,133,2,0,1,1196000.0,389000.0,0.325,389000.0,0.018,Pago total,337000.0,2,12.9,0,Good
23,Cuenta propia,Informal,21,808000.0,0.551,1.8,Sin cotizacion,0,0.0,48,2,1,1,1075000.0,884000.0,0.822,4008000.0,0.413,Pago mínimo,103000.0,1,1.6,1,Poor
47,Independiente,Formal,56,8091000.0,0.134,4.7,Independiente,12,3216000.0,179,4,1,1,8980000.0,1377000.0,0.153,24043000.0,0.248,Pago total,1172000.0,0,0.0,0,Standard
22,Desempleado,No aplica,0,0.0,0.686,0.0,Sin cotizacion,0,0.0,13,2,0,0,0.0,0.0,0.0,0.0,0.0,No aplica,0.0,0,0.0,1,Good
45,Cuenta propia,Informal,38,1298000.0,0.208,3.2,Sin cotizacion,0,0.0,298,2,1,0,0.0,0.0,0.0,731000.0,0.047,No aplica,0.0,0,0.0,0,Standard
19,Independiente,Informal,11,2537000.0,0.506,0.9,Sin cotizacion,0,0.0,2,1,0,0,0.0,0.0,0.0,0.0,0.0,No aplica,0.0,0,0.0,0,Poor
39,Dependiente,Formal,152,4368000.0,0.149,12.7,Dependiente,9,4634000.0,187,2,1,1,5176000.0,1802000.0,0.348,15296000.0,0.292,Pago superior al mínimo,693000.0,1,5.7,0,Good
27,Independiente,Formal,108,3203000.0,0.487,9.0,Independiente,8,1258000.0,85,1,1,0,0.0,0.0,0.0,3195000.0,0.083,No aplica,0.0,2,10.9,1,Standard
57,Desempleado,No aplica,0,0.0,0.87,0.0,Sin cotizacion,0,0.0,205,2,2,0,0.0,0.0,0.0,0.0,0.0,No aplica,0.0,0,0.0,1,Good
48,Independiente,Formal,96,2387000.0,0.261,8.0,Independiente,4,941000.0,206,2,2,1,2182000.0,567000.0,0.26,29338000.0,1.024,Pago superior al mínimo,165000.0,0,0.0,2,Standard
28,Cuenta propia,Informal,67,4990000.0,0.278,5.6,Sin cotizacion,0,0.0,20,5,1,0,0.0,0.0,0.0,6926000.0,0.116,No aplica,0.0,1,10.9,5,Standard
39,Dependiente,Informal,15,3159000.0,0.493,1.2,Sin cotizacion,0,0.0,201,1,1,1,5044000.0,2497000.0,0.495,15572000.0,0.411,Pago superior al mínimo,655000.0,3,5.4,1,Standard
44,Cuenta propia,Informal,19,2435000.0,0.76,1.6,Sin cotizacion,0,0.0,158,2,1,1,3589000.0,1035000.0,0.288,3637000.0,0.124,Pago total,901000.0,2,5.4,0,Poor
48,Dependiente,Formal,14,4395000.0,0.338,1.2,Dependiente,7,4449000.0,90,2,2,0,0.0,0.0,0.0,45781000.0,0.868,No aplica,0.0,3,21.1,1,Good
42,Dependiente,Formal,67,3158000.0,0.021,5.6,Dependiente,8,3239000.0,179,4,1,1,4506000.0,3507000.0,0.778,9356000.0,0.247,Pago superior al mínimo,1081000.0,0,0.0,0,Good
26,Dependiente,Formal,68,7744000.0,0.167,5.7,Dependiente,10,7358000.0,43,3,1,0,0.0,0.0,0.0,20625000.0,0.222,No aplica,0.0,1,13.0,0,Good
32,Dependiente,Formal,76,2347000.0,0.235,6.3,Dependiente,11,2311000.0,65,2,0,1,2126000.0,355000.0,0.167,355000.0,0.013,Pago superior al mínimo,141000.0,0,0.0,1,Good
40,Dependiente,Formal,24,4053000.0,0.052,2.0,Dependiente,2,4102000.0,210,5,0,1,3567000.0,1612000.0,0.452,1612000.0,0.033,Pago superior al mínimo,608000.0,0,0.0,1,Standard
23,Dependiente,Informal,29,2216000.0,0.25,2.4,Sin cotizacion,0,0.0,29,1,0,0,0.0,0.0,0.0,0.0,0.0,No aplica,0.0,0,0.0,1,Good
50,Independiente,Informal,37,6265000.0,0.354,3.1,Sin cotizacion,0,0.0,189,3,1,1,8571000.0,3440000.0,0.401,15215000.0,0.202,Pago total,3051000.0,0,0.0,0,Good
47,Dependiente,Formal,84,6493000.0,0.099,7.0,Dependiente,8,5991000.0,140,3,0,0,0.0,0.0,0.0,0.0,0.0,No aplica,0.0,0,0.0,3,Good
26,Dependiente,Formal,48,3109000.0,0.026,4.0,Dependiente,8,3270000.0,65,2,0,1,2524000.0,973000.0,0.385,973000.0,0.026,Pago total,924000.0,0,0.0,0,Good
36,Dependiente,Informal,94,2837000.0,0.352,7.8,Sin cotizacion,0,0.0,130,3,1,1,4311000.0,2070000.0,0.48,7831000.0,0.23,Pago superior al mínimo,950000.0,1,8.4,1,Poor
31,Dependiente,Formal,58,3877000.0,0.137,4.8,Dependiente,9,4042000.0,62,2,0,1,3057000.0,169000.0,0.055,169000.0,0.004,Pago total,138000.0,0,0.0,2,Standard
47,Dependiente,Formal,71,1422000.0,0.41,5.9,Dependiente,8,1302000.0,161,1,0,1,3105000.0,2152000.0,0.693,2152000.0,0.126,Pago mínimo,245000.0,1,16.3,1,Poor
51,Dependiente,Formal,55,1952000.0,0.161,4.6,Dependiente,8,1883000.0,67,3,2,1,1919000.0,1071000.0,0.558,4307000.0,0.184,Pago superior al mínimo,443000.0,2,13.7,2,Standard
56,Independiente,Formal,49,2976000.0,0.514,4.1,Independiente,12,1203000.0,168,2,1,1,7756000.0,5133000.0,0.662,9403000.0,0.263,Pago superior al mínimo,1702000.0,0,0.0,2,Standard
56,Cuenta propia,Informal,46,1559000.0,0.41,3.8,Sin cotizacion,0,0.0,132,2,1,0,0.0,0.0,0.0,1947000.0,0.104,No aplica,0.0,1,15.7,0,Good
55,Independiente,Formal,24,2023000.0,0.466,2.0,Independiente,10,877000.0,139,4,1,0,0.0,0.0,0.0,1728000.0,0.071,No aplica,0.0,3,6.4,0,Standard
28,Dependiente,Formal,94,4526000.0,0.214,7.8,Dependiente,12,4802000.0,56,3,2,1,7752000.0,2353000.0,0.304,21394000.0,0.394,Pago superior al mínimo,511000.0,2,4.5,1,Standard
43,Dependiente,Formal,70,3804000.0,0.047,5.8,Dependiente,12,3707000.0,173,3,2,0,0.0,0.0,0.0,37866000.0,0.83,No aplica,0.0,1,11.0,1,Standard
33,Cuenta propia,Formal,60,1704000.0,0.3,5.0,Independiente,10,818000.0,48,3,1,1,1550000.0,1018000.0,0.657,2927000.0,0.143,Pago superior al mínimo,338000.0,1,9.3,0,Standard
49,Dependiente,Formal,33,2267000.0,0.113,2.8,Dependiente,11,2263000.0,292,2,1,0,0.0,0.0,0.0,13458000.0,0.495,No aplica,0.0,2,18.6,1,Poor
48,Dependiente,Formal,67,3911000.0,0.255,5.6,Dependiente,11,3876000.0,108,3,1,0,0.0,0.0,0.0,7145000.0,0.152,No aplica,0.0,0,0.0,0,Good
38,Dependiente,Formal,90,1107000.0,0.344,7.5,Dependiente,11,1132000.0,75,1,0,0,0.0,0.0,0.0,0.0,0.0,No aplica,0.0,0,0.0,1,Poor
43,Dependiente,Formal,71,3531000.0,0.054,5.9,Dependiente,12,3575000.0,157,1,0,1,5439000.0,2997000.0,0.551,2997000.0,0.071,Pago superior al mínimo,1384000.0,0,0.0,0,Good
33,Dependiente,Informal,29,2423000.0,0.105,2.4,Sin cotizacion,0,0.0,51,3,1,1,5554000.0,893000.0,0.161,4502000.0,0.155,Pago total,743000.0,0,0.0,2,Standard
42,Dependiente,Informal,25,2940000.0,0.317,2.1,Sin cotizacion,0,0.0,247,4,0,1,2811000.0,1912000.0,0.68,1912000.0,0.054,Pago total,1669000.0,0,0.0,1,Standard
42,Independiente,Formal,52,1504000.0,0.596,4.3,Independiente,6,617000.0,224,1,1,1,1572000.0,1338000.0,0.851,3863000.0,0.214,Pago mínimo,166000.0,3,8.5,0,Poor
40,Dependiente,Formal,34,4078000.0,0.068,2.8,Dependiente,9,4404000.0,153,4,3,1,6158000.0,1881000.0,0.305,107290000.0,2.192,Pago superior al mínimo,870000.0,1,5.4,3,Poor
33,Independiente,Informal,45,1154000.0,0.463,3.8,Sin cotizacion,0,0.0,59,1,0,0,0.0,0.0,0.0,0.0,0.0,No aplica,0.0,0,0.0,0,Poor
52,Independiente,Informal,35,1598000.0,0.048,2.9,Sin cotizacion,0,0.0,324,2,2,0,0.0,0.0,0.0,8152000.0,0.425,No aplica,0.0,0,0.0,1,Standard
30,Cuenta propia,Informal,46,3164000.0,0.645,3.8,Sin cotizacion,0,0.0,7,3,1,1,6709000.0,4396000.0,0.655,12476000.0,0.329,Pago superior al mínimo,2085000.0,2,12.7,1,Poor
24,Independiente,Informal,21,10273000.0,0.648,1.8,Sin cotizacion,0,0.0,57,4,3,1,12700000.0,6201000.0,0.488,97975000.0,0.795,Pago superior al mínimo,2687000.0,2,36.3,2,Poor
37,Desempleado,No aplica,0,0.0,0.373,0.0,Sin cotizacion,0,0.0,41,1,1,1,1746000.0,821000.0,0.47,821000.0,2.0,Pago mínimo,90000.0,1,6.8,1,Poor
31,Dependiente,Formal,60,6447000.0,0.221,5.0,Dependiente,7,6511000.0,124,2,0,1,15495000.0,5822000.0,0.376,5822000.0,0.075,Pago superior al mínimo,1775000.0,1,7.3,0,Standard
33,Dependiente,Formal,33,3631000.0,0.163,2.8,Dependiente,12,3488000.0,27,4,1,0,0.0,0.0,0.0,14872000.0,0.341,No aplica,0.0,1,3.3,0,Good
40,Dependiente,Formal,25,4803000.0,0.192,2.1,Dependiente,10,4642000.0,251,4,1,1,4698000.0,1057000.0,0.225,6660000.0,0.116,Pago total,949000.0,0,0.0,5,Good
24,Independiente,Formal,69,3636000.0,0.363,5.8,Independiente,12,1669000.0,20,1,0,0,0.0,0.0,0.0,0.0,0.0,No aplica,0.0,0,0.0,0,Standard
44,Cuenta propia,Informal,4,4191000.0,0.353,0.3,Sin cotizacion,0,0.0,225,2,1,0,0.0,0.0,0.0,4520000.0,0.09,No aplica,0.0,2,4.5,1,Standard
43,Dependiente,Formal,78,9088000.0,0.023,6.5,Dependiente,10,9337000.0,190,3,1,1,7339000.0,2971000.0,0.405,16393000.0,0.15,Pago total,2382000.0,0,0.0,1,Good
26,Cuenta propia,Informal,19,1344000.0,0.571,1.6,Sin cotizacion,0,0.0,31,1,0,0,0.0,0.0,0.0,0.0,0.0,No aplica,0.0,0,0.0,0,Good
29,Dependiente,Formal,132,3289000.0,0.177,11.0,Dependiente,10,3084000.0,95,3,0,1,7239000.0,5045000.0,0.697,5045000.0,0.128,Pago superior al mínimo,1539000.0,1,17.9,0,Poor
30,Cuenta propia,Informal,30,2161000.0,0.489,2.5,Sin cotizacion,0,0.0,39,4,0,1,3745000.0,2356000.0,0.629,2356000.0,0.091,Pago superior al mínimo,984000.0,3,13.7,0,Poor
29,Dependiente,Formal,87,4148000.0,0.22,7.2,Dependiente,10,3882000.0,111,4,0,1,2785000.0,751000.0,0.27,751000.0,0.015,Pago total,699000.0,0,0.0,1,Standard
34,Dependiente,Formal,45,3670000.0,0.041,3.8,Dependiente,11,3674000.0,140,3,0,1,9778000.0,3488000.0,0.357,3488000.0,0.079,Pago total,2796000.0,0,0.0,1,Good
32,Dependiente,Formal,114,2648000.0,0.313,9.5,Dependiente,12,2713000.0,113,3,2,1,4724000.0,2407000.0,0.51,11460000.0,0.361,Pago total,2189000.0,0,0.0,1,Standard
40,Dependiente,Formal,118,3674000.0,0.259,9.8,Dependiente,10,3574000.0,177,2,2,1,5932000.0,1419000.0,0.239,16132000.0,0.366,Pago superior al mínimo,287000.0,2,5.5,0,Standard
51,Dependiente,Formal,105,11918000.0,0.04,8.8,Dependiente,11,11117000.0,214,4,1,0,0.0,0.0,0.0,19534000.0,0.137,No aplica,0.0,1,13.9,2,Good
19,Dependiente,Informal,12,2348000.0,0.229,1.0,Sin cotizacion,0,0.0,5,3,1,0,0.0,0.0,0.0,3284000.0,0.117,No aplica,0.0,0,0.0,0,Poor
56,Desempleado,No aplica,0,315000.0,0.964,0.0,Sin cotizacion,0,0.0,134,1,1,0,0.0,0.0,0.0,411000.0,0.109,No aplica,0.0,0,0.0,0,Standard
43,Dependiente,Formal,35,5216000.0,0.271,2.9,Dependiente,8,4981000.0,218,3,1,1,6434000.0,4410000.0,0.685,15088000.0,0.241,Pago superior al mínimo,1363000.0,1,4.1,0,Poor
43,Dependiente,Formal,91,3220000.0,0.251,7.6,Dependiente,11,3432000.0,171,4,2,0,0.0,0.0,0.0,4089000.0,0.106,No aplica,0.0,0,0.0,3,Standard
50,Independiente,Formal,43,2288000.0,0.39,3.6,Independiente,10,961000.0,221,2,2,1,2347000.0,1851000.0,0.789,11158000.0,0.406,Pago superior al mínimo,920000.0,2,12.7,3,Standard
45,Independiente,Formal,36,18121000.0,0.363,3.0,Independiente,12,7973000.0,177,4,0,1,27022000.0,2615000.0,0.097,2615000.0,0.012,Pago total,2306000.0,1,9.6,0,Good
19,Dependiente,Formal,12,4009000.0,0.135,1.0,Dependiente,12,4196000.0,11,5,0,1,8530000.0,7112000.0,0.834,7112000.0,0.148,Pago mínimo,991000.0,0,0.0,1,Standard
34,Dependiente,Formal,74,2361000.0,0.103,6.2,Dependiente,10,2302000.0,32,3,1,1,2073000.0,635000.0,0.306,11429000.0,0.403,Pago total,510000.0,0,0.0,1,Good
44,Dependiente,Formal,62,3503000.0,0.169,5.2,Dependiente,5,3451000.0,265,2,1,1,4483000.0,2569000.0,0.573,11131000.0,0.265,Pago superior al mínimo,1068000.0,0,0.0,1,Standard
55,Dependiente,Formal,31,4588000.0,0.21,2.6,Dependiente,12,4557000.0,214,4,1,1,8868000.0,3371000.0,0.38,18219000.0,0.331,Pago mínimo,323000.0,2,2.7,0,Standard
26,Independiente,Informal,31,3494000.0,0.214,2.6,Sin cotizacion,0,0.0,21,1,1,1,7467000.0,2074000.0,0.278,19204000.0,0.458,Pago superior al mínimo,755000.0,3,14.4,0,Good
26,Dependiente,Formal,65,2104000.0,0.199,5.4,Dependiente,2,2139000.0,56,1,1,1,2046000.0,1399000.0,0.684,7719000.0,0.306,Pago mínimo,209000.0,0,0.0,0,Poor
34,Dependiente,Formal,37,2623000.0,0.13,3.1,Dependiente,10,2737000.0,150,4,1,1,3618000.0,2862000.0,0.791,6460000.0,0.205,Pago superior al mínimo,834000.0,2,9.3,2,Poor
40,Independiente,Formal,129,1391000.0,0.57,10.8,Independiente,2,660000.0,175,2,1,0,0.0,0.0,0.0,2014000.0,0.121,No aplica,0.0,0,0.0,1,Standard
33,Dependiente,Formal,154,5460000.0,0.047,12.8,Dependiente,10,5638000.0,127,5,2,1,5745000.0,2773000.0,0.483,26279000.0,0.401,Pago superior al mínimo,1272000.0,0,0.0,0,Standard
38,Independiente,Formal,70,3195000.0,0.594,5.8,Independiente,10,1383000.0,92,3,0,1,4443000.0,1853000.0,0.417,1853000.0,0.048,Pago total,1822000.0,0,0.0,1,Good
56,Dependiente,Informal,55,3528000.0,0.299,4.6,Sin cotizacion,0,0.0,343,2,0,0,0.0,0.0,0.0,0.0,0.0,No aplica,0.0,0,0.0,0,Standard
37,Desempleado,No aplica,0,0.0,0.867,0.0,Sin cotizacion,0,0.0,41,2,2,0,0.0,0.0,0.0,0.0,0.0,No aplica,0.0,1,1.6,3,Poor
51,Dependiente,Formal,12,7567000.0,0.143,1.0,Dependiente,10,8150000.0,305,4,0,1,10830000.0,2983000.0,0.275,2983000.0,0.033,Pago total,2564000.0,0,0.0,1,Good
51,Cuenta propia,Informal,30,2621000.0,0.261,2.5,Sin cotizacion,0,0.0,283,2,1,1,3705000.0,645000.0,0.174,27727000.0,0.882,Pago superior al mínimo,138000.0,1,3.9,3,Good
30,Independiente,Informal,58,3586000.0,0.313,4.8,Sin cotizacion,0,0.0,94,3,0,1,7966000.0,1677000.0,0.211,1677000.0,0.039,Pago superior al mínimo,731000.0,0,0.0,2,Standard
51,Dependiente,Formal,66,4122000.0,0.324,5.5,Dependiente,12,4088000.0,137,3,2,0,0.0,0.0,0.0,16545000.0,0.334,No aplica,0.0,1,7.3,2,Good
43,Independiente,Formal,62,5538000.0,0.364,5.2,Independiente,10,2479000.0,251,3,0,1,7550000.0,5332000.0,0.706,5332000.0,0.08,Pago superior al mínimo,2560000.0,1,3.0,2,Good
32,Desempleado,No aplica,0,667000.0,0.869,0.0,Sin cotizacion,0,0.0,89,1,0,0,0.0,0.0,0.0,0.0,0.0,No aplica,0.0,0,0.0,0,Good
36,Independiente,Formal,91,7718000.0,0.452,7.6,Independiente,10,3266000.0,165,3,1,1,4920000.0,1755000.0,0.357,42649000.0,0.46,Pago superior al mínimo,602000.0,0,0.0,2,Standard
61,Desempleado,No aplica,0,861000.0,0.875,0.0,Sin cotizacion,0,0.0,301,1,0,1,799000.0,306000.0,0.383,306000.0,0.03,Pago superior al mínimo,142000.0,0,0.0,1,Good
19,Desempleado,No aplica,0,1021000.0,0.714,0.0,Sin cotizacion,0,0.0,1,1,0,1,4682000.0,1464000.0,0.313,1464000.0,0.119,Pago superior al mínimo,390000.0,3,34.8,0,Poor
20,Dependiente,Formal,24,5832000.0,0.168,2.0,Dependiente,10,5975000.0,13,4,0,1,5391000.0,1883000.0,0.349,1883000.0,0.027,Pago total,1791000.0,0,0.0,2,Good
44,Dependiente,Informal,37,3209000.0,0.249,3.1,Sin cotizacion,0,0.0,238,3,1,1,5309000.0,654000.0,0.123,6421000.0,0.167,Pago total,615000.0,0,0.0,1,Standard
32,Independiente,Informal,33,3082000.0,0.227,2.8,Sin cotizacion,0,0.0,52,2,0,1,7519000.0,3790000.0,0.504,3790000.0,0.102,Pago total,3432000.0,0,0.0,1,Standard
33,Dependiente,Formal,123,5380000.0,0.173,10.2,Dependiente,6,5334000.0,73,5,1,1,15786000.0,3307000.0,0.209,14571000.0,0.226,Pago total,2857000.0,0,0.0,6,Standard
52,Cuenta propia,Informal,40,1553000.0,0.322,3.3,Sin cotizacion,0,0.0,213,3,1,1,2192000.0,493000.0,0.225,3509000.0,0.188,Pago superior al mínimo,136000.0,0,0.0,0,Standard
44,Cuenta propia,Informal,81,4333000.0,0.451,6.8,Sin cotizacion,0,0.0,84,4,0,1,8480000.0,1972000.0,0.233,1972000.0,0.038,Pago total,1861000.0,3,8.2,3,Standard
33,Dependiente,Formal,37,2887000.0,0.066,3.1,Dependiente,12,2726000.0,116,1,1,1,3684000.0,2118000.0,0.575,15352000.0,0.443,Pago superior al mínimo,786000.0,1,3.8,2,Standard
47,Dependiente,Formal,37,2035000.0,0.144,3.1,Dependiente,12,2063000.0,229,4,2,1,1912000.0,491000.0,0.257,41450000.0,1.697,Pago mínimo,67000.0,2,3.5,2,Poor
26,Cuenta propia,Informal,16,908000.0,0.57,1.3,Sin cotizacion,0,0.0,78,3,1,0,0.0,0.0,0.0,702000.0,0.064,No aplica,0.0,0,0.0,0,Standard
33,Dependiente,Formal,101,4414000.0,0.1,8.4,Dependiente,11,4476000.0,75,3,0,1,5723000.0,2451000.0,0.428,2451000.0,0.046,Pago superior al mínimo,1093000.0,1,3.0,1,Standard
45,Cuenta propia,Informal,37,1158000.0,0.408,3.1,Sin cotizacion,0,0.0,68,3,1,0,0.0,0.0,0.0,1977000.0,0.142,No aplica,0.0,1,1.4,2,Standard
55,Independiente,Informal,25,9835000.0,0.244,2.1,Sin cotizacion,0,0.0,229,5,2,1,9623000.0,3678000.0,0.382,55514000.0,0.47,Pago superior al mínimo,930000.0,0,0.0,1,Poor
26,Independiente,Formal,78,7552000.0,0.052,6.5,Independiente,8,2847000.0,70,2,0,1,18831000.0,2440000.0,0.13,2440000.0,0.027,Pago total,2057000.0,1,5.6,5,Standard
43,Dependiente,Formal,109,6924000.0,0.185,9.1,Dependiente,11,6897000.0,157,4,2,1,20461000.0,2816000.0,0.138,11721000.0,0.141,Pago total,2784000.0,0,0.0,0,Good
36,Independiente,Informal,24,2859000.0,0.278,2.0,Sin cotizacion,0,0.0,120,2,0,1,4128000.0,2623000.0,0.635,2623000.0,0.076,Pago superior al mínimo,821000.0,1,9.6,2,Poor
27,Dependiente,Informal,48,2517000.0,0.352,4.0,Sin cotizacion,0,0.0,56,2,0,0,0.0,0.0,0.0,0.0,0.0,No aplica,0.0,0,0.0,0,Good
25,Independiente,Informal,22,938000.0,0.469,1.8,Sin cotizacion,0,0.0,65,1,1,0,0.0,0.0,0.0,1247000.0,0.111,No aplica,0.0,0,0.0,0,Good
28,Dependiente,Formal,26,5056000.0,0.106,2.2,Dependiente,12,4878000.0,62,3,1,1,4485000.0,2844000.0,0.634,16160000.0,0.266,Pago superior al mínimo,1036000.0,0,0.0,0,Poor
44,Independiente,Informal,30,3760000.0,0.234,2.5,Sin cotizacion,0,0.0,161,3,1,0,0.0,0.0,0.0,5456000.0,0.121,No aplica,0.0,0,0.0,0,Good
35,Cuenta propia,Informal,7,3011000.0,0.372,0.6,Sin cotizacion,0,0.0,104,3,0,1,2502000.0,915000.0,0.366,915000.0,0.025,Pago total,809000.0,1,16.8,0,Poor
29,Dependiente,Formal,55,6986000.0,0.313,4.6,Dependiente,11,6742000.0,118,4,2,1,16252000.0,6325000.0,0.389,34704000.0,0.414,Pago superior al mínimo,2336000.0,2,1.7,0,Good
42,Dependiente,Formal,71,2864000.0,0.176,5.9,Dependiente,11,2809000.0,101,2,0,0,0.0,0.0,0.0,0.0,0.0,No aplica,0.0,0,0.0,1,Good
53,Dependiente,Formal,41,3770000.0,0.111,3.4,Dependiente,12,3570000.0,183,3,2,0,0.0,0.0,0.0,20876000.0,0.461,No aplica,0.0,1,4.8,4,Standard
50,Independiente,Formal,88,5453000.0,0.204,7.3,Independiente,10,2054000.0,252,3,0,1,5061000.0,3253000.0,0.643,3253000.0,0.05,Pago superior al mínimo,1310000.0,0,0.0,0,Poor
36,Independiente,Formal,58,2127000.0,0.387,4.8,Independiente,2,912000.0,162,3,1,0,0.0,0.0,0.0,3030000.0,0.119,No aplica,0.0,0,0.0,1,Good
51,Dependiente,Formal,89,3667000.0,0.117,7.4,Dependiente,11,3881000.0,283,3,2,1,2336000.0,745000.0,0.319,8617000.0,0.196,Pago total,650000.0,1,2.2,3,Poor
32,Dependiente,Formal,65,4222000.0,0.245,5.4,Dependiente,11,4572000.0,113,5,0,1,8601000.0,2383000.0,0.277,2383000.0,0.047,Pago total,2065000.0,1,5.8,0,Standard
22,Dependiente,Formal,48,2593000.0,0.052,4.0,Dependiente,6,2551000.0,38,3,0,1,4295000.0,2666000.0,0.621,2666000.0,0.086,Pago superior al mínimo,1209000.0,1,6.5,1,Poor
53,Independiente,Informal,16,7847000.0,0.403,1.3,Sin cotizacion,0,0.0,155,4,2,1,6261000.0,3269000.0,0.522,19799000.0,0.21,Pago superior al mínimo,1260000.0,2,4.4,1,Poor
40,Dependiente,Formal,67,1868000.0,0.279,5.6,Dependiente,10,1958000.0,37,3,1,1,2368000.0,528000.0,0.223,1399000.0,0.062,Pago superior al mínimo,241000.0,1,15.2,1,Good
28,Desempleado,No aplica,0,645000.0,0.924,0.0,Sin cotizacion,0,0.0,83,3,0,1,1261000.0,666000.0,0.528,666000.0,0.086,Pago superior al mínimo,307000.0,0,0.0,2,Good
48,Dependiente,Informal,33,3670000.0,0.054,2.8,Sin cotizacion,0,0.0,237,1,1,0,0.0,0.0,0.0,10424000.0,0.237,No aplica,0.0,1,17.0,2,Standard
31,Independiente,Formal,79,2693000.0,0.353,6.6,Independiente,10,1113000.0,56,2,1,1,4744000.0,1085000.0,0.229,5929000.0,0.183,Pago total,903000.0,2,0.4,1,Poor
41,Dependiente,Formal,75,1626000.0,0.107,6.2,Dependiente,11,1611000.0,150,4,1,1,1868000.0,851000.0,0.456,7993000.0,0.41,Pago superior al mínimo,375000.0,0,0.0,2,Standard
62,Cuenta propia,Informal,10,2190000.0,0.361,0.8,Sin cotizacion,0,0.0,372,4,3,1,1980000.0,1036000.0,0.523,21018000.0,0.8,Pago superior al mínimo,487000.0,2,10.0,3,Poor
21,Desempleado,No aplica,0,1800000.0,0.573,0.0,Sin cotizacion,0,0.0,22,1,0,1,1733000.0,363000.0,0.209,363000.0,0.017,Pago total,322000.0,1,20.5,1,Good
42,Independiente,Informal,56,6631000.0,0.372,4.7,Sin cotizacion,0,0.0,211,3,1,1,9898000.0,2336000.0,0.236,16280000.0,0.205,Pago total,2105000.0,0,0.0,2,Standard
31,Desempleado,No aplica,0,0.0,0.937,0.0,Sin cotizacion,0,0.0,31,1,0,0,0.0,0.0,0.0,0.0,0.0,No aplica,0.0,0,0.0,1,Good
25,Dependiente,Informal,39,1516000.0,0.252,3.2,Sin cotizacion,0,0.0,43,3,2,1,2921000.0,1236000.0,0.423,8887000.0,0.489,Pago superior al mínimo,386000.0,1,10.0,3,Standard
38,Dependiente,Formal,68,3235000.0,0.168,5.7,Dependiente,12,3287000.0,212,3,0,0,0.0,0.0,0.0,0.0,0.0,No aplica,0.0,0,0.0,2,Good
60,Cuenta propia,Informal,38,6710000.0,0.587,3.2,Sin cotizacion,0,0.0,408,3,0,1,10932000.0,6611000.0,0.605,6611000.0,0.082,Pago superior al mínimo,1621000.0,3,17.0,3,Poor
42,Independiente,Informal,42,2191000.0,0.171,3.5,Sin cotizacion,0,0.0,179,3,1,0,0.0,0.0,0.0,1422000.0,0.054,No aplica,0.0,1,4.2,1,Good
45,Dependiente,Formal,157,3037000.0,0.138,13.1,Dependiente,12,3171000.0,269,3,0,1,2400000.0,1538000.0,0.641,1538000.0,0.042,Pago mínimo,159000.0,1,4.7,1,Poor
32,Dependiente,Formal,48,6558000.0,0.191,4.0,Dependiente,7,6427000.0,124,4,1,1,11310000.0,5676000.0,0.502,22247000.0,0.283,Pago superior al mínimo,1812000.0,0,0.0,2,Standard
43,Dependiente,Formal,49,2931000.0,0.212,4.1,Dependiente,11,2870000.0,254,1,0,1,1970000.0,1664000.0,0.845,1664000.0,0.047,Pago mínimo,220000.0,1,12.8,1,Poor
49,Cuenta propia,Formal,35,2681000.0,0.776,2.9,Independiente,10,1028000.0,143,3,0,1,7111000.0,2417000.0,0.34,2417000.0,0.075,Pago superior al mínimo,835000.0,0,0.0,0,Standard
19,Dependiente,Formal,12,2235000.0,0.104,1.0,Dependiente,9,2179000.0,6,1,0,1,6338000.0,2546000.0,0.402,2546000.0,0.095,Pago superior al mínimo,1240000.0,0,0.0,0,Good
36,Dependiente,Formal,81,5356000.0,0.094,6.8,Dependiente,8,5613000.0,181,4,1,1,6620000.0,2070000.0,0.313,11429000.0,0.178,Pago total,1961000.0,0,0.0,2,Poor
40,Dependiente,Formal,160,6607000.0,0.171,13.3,Dependiente,8,6405000.0,239,3,1,1,6462000.0,2463000.0,0.381,10745000.0,0.136,Pago superior al mínimo,665000.0,1,22.1,1,Poor
28,Dependiente,Informal,25,1525000.0,0.158,2.1,Sin cotizacion,0,0.0,54,1,0,1,2523000.0,797000.0,0.316,797000.0,0.044,Pago superior al mínimo,256000.0,3,7.2,1,Good
33,Dependiente,Formal,118,4373000.0,0.055,9.8,Dependiente,8,4270000.0,105,3,1,1,4479000.0,379000.0,0.085,7013000.0,0.134,Pago total,350000.0,0,0.0,2,Standard
48,Dependiente,Formal,57,5320000.0,0.077,4.8,Dependiente,12,5386000.0,114,3,1,1,4408000.0,2055000.0,0.466,18434000.0,0.289,Pago superior al mínimo,494000.0,1,1.3,2,Poor
51,Dependiente,Formal,115,4223000.0,0.117,9.6,Dependiente,8,4262000.0,133,5,1,1,2565000.0,210000.0,0.082,6044000.0,0.119,Pago total,189000.0,0,0.0,3,Good
18,Desempleado,No aplica,0,2006000.0,0.495,0.0,Sin cotizacion,0,0.0,0,0,0,0,0.0,0.0,0.0,0.0,0.0,No aplica,0.0,0,0.0,0,Good
31,Dependiente,Formal,78,4554000.0,0.247,6.5,Dependiente,9,4479000.0,76,5,0,0,0.0,0.0,0.0,0.0,0.0,No aplica,0.0,0,0.0,2,Good
33,Dependiente,Formal,67,5976000.0,0.09,5.6,Dependiente,9,6378000.0,125,3,2,1,14340000.0,3563000.0,0.248,23991000.0,0.335,Pago total,3469000.0,0,0.0,2,Poor
67,Pensionado,No aplica,150,1571000.0,0.156,12.5,Pensionado,12,1541000.0,503,4,2,1,3036000.0,1417000.0,0.467,10533000.0,0.559,Pago superior al mínimo,358000.0,1,7.5,1,Good
31,Independiente,Informal,32,1929000.0,0.443,2.7,Sin cotizacion,0,0.0,68,4,0,1,1954000.0,321000.0,0.164,321000.0,0.014,Pago total,262000.0,0,0.0,1,Standard
32,Dependiente,Formal,100,4103000.0,0.027,8.3,Dependiente,11,4075000.0,60,2,0,1,6662000.0,3984000.0,0.598,3984000.0,0.081,Pago superior al mínimo,1391000.0,2,2.5,1,Poor
29,Dependiente,Formal,45,5510000.0,0.179,3.8,Dependiente,8,5085000.0,9,4,2,1,5938000.0,4056000.0,0.683,22726000.0,0.344,Pago mínimo,564000.0,2,9.3,1,Standard
49,Dependiente,Formal,63,3738000.0,0.126,5.2,Dependiente,5,3692000.0,185,2,2,1,4356000.0,1402000.0,0.322,18187000.0,0.405,Pago total,1319000.0,0,0.0,4,Standard
44,Independiente,Informal,35,2658000.0,0.376,2.9,Sin cotizacion,0,0.0,267,3,1,1,2846000.0,1024000.0,0.36,5988000.0,0.188,Pago total,937000.0,1,10.3,1,Standard
42,Desempleado,No aplica,0,1313000.0,0.906,0.0,Sin cotizacion,0,0.0,224,2,1,0,0.0,0.0,0.0,5386000.0,0.342,No aplica,0.0,2,6.0,0,Standard
30,Independiente,Informal,50,730000.0,0.379,4.2,Sin cotizacion,0,0.0,124,1,1,1,1380000.0,825000.0,0.598,2457000.0,0.28,Pago mínimo,56000.0,0,0.0,0,Poor
58,Independiente,Informal,32,1214000.0,0.4,2.7,Sin cotizacion,0,0.0,380,2,1,1,1330000.0,685000.0,0.515,1522000.0,0.104,Pago superior al mínimo,290000.0,1,19.8,2,Standard
46,Independiente,Informal,25,9512000.0,0.359,2.1,Sin cotizacion,0,0.0,101,4,2,1,8816000.0,5792000.0,0.657,69643000.0,0.61,Pago mínimo,680000.0,1,11.5,0,Good
47,Dependiente,Formal,76,3231000.0,0.034,6.3,Dependiente,10,3060000.0,162,3,1,1,2764000.0,363000.0,0.131,4601000.0,0.119,Pago total,360000.0,1,4.2,0,Good
48,Dependiente,Formal,114,7371000.0,0.14,9.5,Dependiente,9,7101000.0,200,4,1,1,5289000.0,2301000.0,0.435,12852000.0,0.145,Pago total,1898000.0,1,13.0,0,Good
33,Independiente,Formal,82,3795000.0,0.437,6.8,Independiente,8,1221000.0,133,3,1,1,5606000.0,3394000.0,0.605,9995000.0,0.219,Pago superior al mínimo,1015000.0,0,0.0,0,Good
44,Desempleado,No aplica,0,921000.0,0.852,0.0,Sin cotizacion,0,0.0,111,2,0,0,0.0,0.0,0.0,0.0,0.0,No aplica,0.0,0,0.0,0,Standard
45,Dependiente,Formal,64,3619000.0,0.24,5.3,Dependiente,12,3490000.0,147,3,0,0,0.0,0.0,0.0,0.0,0.0,No aplica,0.0,0,0.0,3,Good
32,Independiente,Informal,31,782000.0,0.248,2.6,Sin cotizacion,0,0.0,89,2,1,0,0.0,0.0,0.0,6547000.0,0.698,No aplica,0.0,1,5.7,2,Standard
34,Dependiente,Formal,37,1251000.0,0.113,3.1,Dependiente,4,1247000.0,58,1,0,0,0.0,0.0,0.0,0.0,0.0,No aplica,0.0,0,0.0,1,Standard
42,Dependiente,Formal,94,4109000.0,0.013,7.8,Dependiente,6,4069000.0,215,3,1,1,2857000.0,722000.0,0.253,12274000.0,0.249,Pago total,647000.0,0,0.0,0,Good
27,Dependiente,Formal,31,5762000.0,0.202,2.6,Dependiente,9,5666000.0,80,3,1,1,13175000.0,318000.0,0.024,40470000.0,0.585,Pago total,295000.0,0,0.0,1,Poor
26,Dependiente,Formal,53,3682000.0,0.218,4.4,Dependiente,12,3634000.0,39,3,2,0,0.0,0.0,0.0,15309000.0,0.346,No aplica,0.0,0,0.0,3,Good
46,Independiente,Formal,60,6488000.0,0.065,5.0,Independiente,6,2464000.0,273,5,2,0,0.0,0.0,0.0,41812000.0,0.537,No aplica,0.0,0,0.0,1,Standard
31,Dependiente,Informal,22,5467000.0,0.172,1.8,Sin cotizacion,0,0.0,116,2,1,1,8407000.0,1211000.0,0.144,36273000.0,0.553,Pago superior al mínimo,413000.0,1,4.7,1,Poor
55,Cuenta propia,Informal,14,2908000.0,0.075,1.2,Sin cotizacion,0,0.0,391,2,1,1,1077000.0,651000.0,0.604,10565000.0,0.303,Pago superior al mínimo,206000.0,0,0.0,0,Poor
38,Cuenta propia,Informal,19,1918000.0,0.799,1.6,Sin cotizacion,0,0.0,177,3,1,1,1966000.0,556000.0,0.283,5571000.0,0.242,Pago superior al mínimo,173000.0,0,0.0,1,Standard
57,Pensionado,No aplica,109,1730000.0,0.037,9.1,Pensionado,12,1728000.0,369,3,1,0,0.0,0.0,0.0,1421000.0,0.068,No aplica,0.0,0,0.0,0,Good
41,Dependiente,Formal,136,9252000.0,0.411,11.3,Dependiente,12,9211000.0,47,5,2,1,7586000.0,2735000.0,0.361,21879000.0,0.197,Pago superior al mínimo,626000.0,2,5.9,1,Poor
34,Dependiente,Formal,49,4383000.0,0.077,4.1,Dependiente,12,4431000.0,115,2,0,1,2077000.0,889000.0,0.428,889000.0,0.017,Pago superior al mínimo,287000.0,2,13.3,0,Poor
31,Dependiente,Formal,47,2187000.0,0.216,3.9,Dependiente,10,2169000.0,92,4,1,1,4208000.0,513000.0,0.122,5822000.0,0.222,Pago superior al mínimo,141000.0,0,0.0,1,Standard
45,Desempleado,No aplica,0,0.0,0.561,0.0,Sin cotizacion,0,0.0,97,1,0,0,0.0,0.0,0.0,0.0,0.0,No aplica,0.0,0,0.0,0,Good
26,Cuenta propia,Informal,92,804000.0,0.455,7.7,Sin cotizacion,0,0.0,70,1,0,1,1345000.0,143000.0,0.106,143000.0,0.015,Pago superior al mínimo,41000.0,0,0.0,2,Standard
25,Dependiente,Formal,25,2783000.0,0.082,2.1,Dependiente,12,2735000.0,14,2,0,1,5783000.0,4517000.0,0.781,4517000.0,0.135,Pago superior al mínimo,908000.0,1,4.7,0,Poor
52,Cuenta propia,Informal,43,8707000.0,0.575,3.6,Sin cotizacion,0,0.0,45,6,2,1,12467000.0,3777000.0,0.303,71021000.0,0.68,Pago superior al mínimo,796000.0,3,9.1,3,Standard
18,Cuenta propia,Formal,0,9776000.0,0.358,0.0,Independiente,0,0.0,0,0,0,0,0.0,0.0,0.0,0.0,0.0,No aplica,0.0,0,0.0,0,Poor
53,Independiente,Formal,38,6058000.0,0.339,3.2,Independiente,9,2612000.0,285,3,1,1,13268000.0,2442000.0,0.184,13536000.0,0.186,Pago total,2093000.0,1,20.0,2,Good
43,Dependiente,Formal,70,3414000.0,0.06,5.8,Dependiente,11,3496000.0,163,3,2,1,5636000.0,3645000.0,0.647,24816000.0,0.606,Pago mínimo,252000.0,3,12.8,2,Poor
55,Cuenta propia,Informal,82,2577000.0,0.483,6.8,Sin cotizacion,0,0.0,110,2,2,0,0.0,0.0,0.0,5950000.0,0.192,No aplica,0.0,1,2.3,3,Standard
54,Dependiente,Formal,87,4639000.0,0.066,7.2,Dependiente,11,4633000.0,231,5,3,1,9665000.0,3188000.0,0.33,21600000.0,0.388,Pago superior al mínimo,1171000.0,0,0.0,4,Standard
54,Cuenta propia,Informal,39,6448000.0,0.277,3.2,Sin cotizacion,0,0.0,164,4,0,1,11621000.0,5446000.0,0.469,5446000.0,0.07,Pago superior al mínimo,1927000.0,0,0.0,1,Good
39,Cuenta propia,Formal,33,900000.0,0.807,2.8,Independiente,10,403000.0,192,1,0,0,0.0,0.0,0.0,0.0,0.0,No aplica,0.0,0,0.0,0,Good
20,Desempleado,No aplica,0,1736000.0,0.931,0.0,Sin cotizacion,0,0.0,14,2,1,1,3328000.0,186000.0,0.056,4931000.0,0.237,Pago total,181000.0,0,0.0,2,Standard
51,Dependiente,Formal,42,4321000.0,0.18,3.5,Dependiente,6,4335000.0,170,2,1,1,7666000.0,3370000.0,0.44,12345000.0,0.238,Pago superior al mínimo,736000.0,0,0.0,0,Standard
51,Dependiente,Formal,27,3988000.0,0.042,2.2,Dependiente,11,3962000.0,265,1,0,1,4175000.0,2045000.0,0.49,2045000.0,0.043,Pago superior al mínimo,831000.0,0,0.0,0,Good
42,Dependiente,Formal,69,1898000.0,0.066,5.8,Dependiente,12,1893000.0,222,2,2,0,0.0,0.0,0.0,5930000.0,0.26,No aplica,0.0,0,0.0,1,Good
20,Dependiente,Formal,24,2854000.0,0.203,2.0,Dependiente,9,2873000.0,13,4,1,0,0.0,0.0,0.0,4036000.0,0.118,No aplica,0.0,0,0.0,0,Standard
47,Dependiente,Formal,42,3052000.0,0.059,3.5,Dependiente,12,2940000.0,102,1,0,1,1799000.0,1404000.0,0.78,1404000.0,0.038,Pago mínimo,198000.0,3,12.9,0,Poor
54,Cuenta propia,Informal,52,2325000.0,0.319,4.3,Sin cotizacion,0,0.0,268,1,1,0,0.0,0.0,0.0,1753000.0,0.063,No aplica,0.0,0,0.0,0,Standard
29,Independiente,Informal,11,4151000.0,0.376,0.9,Sin cotizacion,0,0.0,108,5,2,1,7167000.0,4398000.0,0.614,20751000.0,0.417,Pago superior al mínimo,1696000.0,1,0.6,5,Standard
38,Dependiente,Formal,44,7067000.0,0.076,3.7,Dependiente,8,6537000.0,211,3,1,1,7709000.0,235000.0,0.03,5715000.0,0.067,Pago total,228000.0,0,0.0,2,Standard
35,Dependiente,Formal,70,5263000.0,0.11,5.8,Dependiente,12,5322000.0,99,4,1,1,4045000.0,2891000.0,0.715,11504000.0,0.182,Pago superior al mínimo,1076000.0,0,0.0,0,Good
26,Dependiente,Formal,34,2280000.0,0.422,2.8,Dependiente,11,2356000.0,45,4,2,0,0.0,0.0,0.0,8175000.0,0.299,No aplica,0.0,1,3.5,3,Standard
42,Independiente,Informal,24,3656000.0,0.273,2.0,Sin cotizacion,0,0.0,242,3,1,0,0.0,0.0,0.0,18517000.0,0.422,No aplica,0.0,2,9.6,1,Standard
33,Dependiente,Formal,45,3519000.0,0.173,3.8,Dependiente,11,3378000.0,154,3,1,1,4419000.0,1057000.0,0.239,4609000.0,0.109,Pago superior al mínimo,458000.0,2,12.2,1,Standard
55,Pensionado,No aplica,201,1373000.0,0.357,16.8,Pensionado,12,1417000.0,121,2,0,1,1641000.0,635000.0,0.387,635000.0,0.039,Pago superior al mínimo,140000.0,2,2.7,0,Standard
66,Cuenta propia,Informal,10,3053000.0,0.428,0.8,Sin cotizacion,0,0.0,74,3,0,1,5131000.0,1811000.0,0.353,1811000.0,0.049,Pago superior al mínimo,453000.0,3,22.1,2,Poor
57,Pensionado,No aplica,80,5765000.0,0.053,6.7,Pensionado,12,5480000.0,293,4,1,1,11143000.0,2116000.0,0.19,17860000.0,0.258,Pago total,1731000.0,1,10.9,2,Good
50,Cuenta propia,Informal,12,2363000.0,0.459,1.0,Sin cotizacion,0,0.0,211,2,0,1,3648000.0,745000.0,0.204,745000.0,0.026,Pago total,732000.0,0,0.0,0,Good
45,Dependiente,Formal,101,1892000.0,0.024,8.4,Dependiente,12,1850000.0,251,2,0,1,2113000.0,1818000.0,0.86,1818000.0,0.08,Pago mínimo,194000.0,0,0.0,3,Poor
40,Cuenta propia,Informal,50,2180000.0,0.063,4.2,Sin cotizacion,0,0.0,135,2,1,1,1099000.0,482000.0,0.439,5361000.0,0.205,Pago superior al mínimo,146000.0,0,0.0,1,Standard
42,Dependiente,Informal,15,1320000.0,0.224,1.2,Sin cotizacion,0,0.0,105,1,0,1,1382000.0,683000.0,0.494,683000.0,0.043,Pago superior al mínimo,246000.0,0,0.0,0,Standard
52,Cuenta propia,Formal,63,4228000.0,0.368,5.2,Independiente,11,1980000.0,337,3,1,1,5577000.0,1356000.0,0.243,5614000.0,0.111,Pago superior al mínimo,275000.0,1,11.0,1,Standard
47,Dependiente,Formal,66,5005000.0,0.283,5.5,Dependiente,10,5076000.0,244,4,3,1,14732000.0,5128000.0,0.348,36406000.0,0.606,Pago mínimo,612000.0,2,3.7,2,Standard
43,Cuenta propia,Informal,9,1952000.0,0.814,0.8,Sin cotizacion,0,0.0,162,2,0,0,0.0,0.0,0.0,0.0,0.0,No aplica,0.0,0,0.0,0,Poor
47,Cuenta propia,Informal,19,1815000.0,0.775,1.6,Sin cotizacion,0,0.0,161,3,1,1,1283000.0,703000.0,0.548,2239000.0,0.103,Pago superior al mínimo,196000.0,0,0.0,2,Standard
26,Cuenta propia,Formal,59,1574000.0,0.495,4.9,Independiente,11,611000.0,32,3,0,1,805000.0,387000.0,0.481,387000.0,0.02,Pago superior al mínimo,106000.0,1,29.6,0,Poor
62,Pensionado,No aplica,74,2509000.0,0.332,6.2,Pensionado,12,2528000.0,354,3,0,1,4210000.0,2275000.0,0.54,2275000.0,0.076,Pago superior al mínimo,622000.0,0,0.0,0,Standard
35,Dependiente,Formal,70,2470000.0,0.038,5.8,Dependiente,6,2588000.0,97,1,0,0,0.0,0.0,0.0,0.0,0.0,No aplica,0.0,0,0.0,0,Poor
53,Dependiente,Informal,41,1273000.0,0.208,3.4,Sin cotizacion,0,0.0,151,1,0,1,1686000.0,699000.0,0.415,699000.0,0.046,Pago total,603000.0,1,13.2,1,Standard
48,Dependiente,Formal,73,6661000.0,0.255,6.1,Dependiente,10,6276000.0,99,2,1,1,5920000.0,2336000.0,0.395,16201000.0,0.203,Pago superior al mínimo,933000.0,2,6.1,2,Standard
44,Dependiente,Formal,93,3227000.0,0.156,7.8,Dependiente,12,3397000.0,190,4,1,1,5843000.0,3141000.0,0.538,8744000.0,0.226,Pago superior al mínimo,1215000.0,0,0.0,0,Standard
41,Independiente,Formal,81,4588000.0,0.249,6.8,Independiente,7,1745000.0,227,4,3,1,3418000.0,1015000.0,0.297,50034000.0,0.909,Pago mínimo,111000.0,2,7.3,4,Standard
46,Dependiente,Formal,100,4450000.0,0.133,8.3,Dependiente,6,4576000.0,125,4,1,1,16748000.0,12099000.0,0.722,17694000.0,0.331,Pago superior al mínimo,3522000.0,0,0.0,3,Poor
19,Desempleado,No aplica,0,1074000.0,0.676,0.0,Sin cotizacion,0,0.0,2,1,0,1,2162000.0,976000.0,0.451,976000.0,0.076,Pago total,927000.0,0,0.0,1,Poor
26,Independiente,Informal,5,2028000.0,0.171,0.4,Sin cotizacion,0,0.0,32,3,1,0,0.0,0.0,0.0,957000.0,0.039,No aplica,0.0,0,0.0,1,Poor
35,Cuenta propia,Informal,23,2978000.0,0.718,1.9,Sin cotizacion,0,0.0,163,3,0,1,5855000.0,2663000.0,0.455,2663000.0,0.075,Pago superior al mínimo,1318000.0,1,11.5,1,Poor
51,Dependiente,Informal,14,6132000.0,0.181,1.2,Sin cotizacion,0,0.0,291,4,1,1,8891000.0,1798000.0,0.202,10222000.0,0.139,Pago total,1664000.0,0,0.0,4,Poor
34,Cuenta propia,Formal,19,1313000.0,0.724,1.6,Independiente,10,493000.0,130,1,0,1,1993000.0,1512000.0,0.759,1512000.0,0.096,Pago superior al mínimo,545000.0,2,3.7,2,Poor
29,Cuenta propia,Formal,61,1427000.0,0.311,5.1,Independiente,8,667000.0,67,2,2,0,0.0,0.0,0.0,8553000.0,0.499,No aplica,0.0,1,2.5,0,Standard
38,Dependiente,Formal,103,2528000.0,0.048,8.6,Dependiente,10,2525000.0,151,4,1,1,2749000.0,370000.0,0.135,5934000.0,0.196,Pago total,309000.0,0,0.0,1,Good
31,Independiente,Informal,19,2251000.0,0.281,1.6,Sin cotizacion,0,0.0,58,4,1,1,3529000.0,802000.0,0.227,3904000.0,0.145,Pago superior al mínimo,179000.0,2,6.9,1,Good
52,Independiente,Informal,37,1368000.0,0.294,3.1,Sin cotizacion,0,0.0,322,1,1,0,0.0,0.0,0.0,6009000.0,0.366,No aplica,0.0,0,0.0,2,Good
32,Dependiente,Formal,118,1772000.0,0.044,9.8,Dependiente,11,1678000.0,35,3,1,0,0.0,0.0,0.0,2955000.0,0.139,No aplica,0.0,0,0.0,2,Standard
24,Dependiente,Formal,57,3458000.0,0.173,4.8,Dependiente,11,3523000.0,41,1,0,1,5227000.0,3749000.0,0.717,3749000.0,0.09,Pago total,3168000.0,0,0.0,2,Good
35,Dependiente,Formal,109,4727000.0,0.249,9.1,Dependiente,10,4973000.0,121,5,3,1,11192000.0,2438000.0,0.218,49655000.0,0.875,Pago total,2188000.0,0,0.0,4,Poor
26,Dependiente,Formal,96,1889000.0,0.241,8.0,Dependiente,11,1979000.0,25,4,0,1,2394000.0,1099000.0,0.459,1099000.0,0.048,Pago total,942000.0,0,0.0,1,Good
43,Dependiente,Informal,36,1794000.0,0.094,3.0,Sin cotizacion,0,0.0,217,2,1,1,2614000.0,1802000.0,0.689,5446000.0,0.253,Pago superior al mínimo,893000.0,0,0.0,0,Standard
40,Dependiente,Formal,32,3524000.0,0.046,2.7,Dependiente,12,3537000.0,137,4,2,0,0.0,0.0,0.0,21826000.0,0.516,No aplica,0.0,1,13.5,0,Good
36,Dependiente,Formal,19,7618000.0,0.188,1.6,Dependiente,12,7865000.0,150,4,1,1,5914000.0,3340000.0,0.565,28458000.0,0.311,Pago superior al mínimo,1287000.0,0,0.0,2,Good
41,Dependiente,Formal,44,1041000.0,0.149,3.7,Dependiente,11,1023000.0,146,2,0,0,0.0,0.0,0.0,0.0,0.0,No aplica,0.0,0,0.0,0,Good
55,Pensionado,No aplica,155,3054000.0,0.322,12.9,Pensionado,12,3108000.0,255,2,1,1,6051000.0,2593000.0,0.429,17188000.0,0.469,Pago superior al mínimo,781000.0,1,6.6,0,Good
39,Dependiente,Formal,57,4952000.0,0.06,4.8,Dependiente,8,5024000.0,180,3,1,1,6801000.0,833000.0,0.122,6795000.0,0.114,Pago total,789000.0,1,4.9,1,Good
35,Desempleado,No aplica,0,0.0,0.88,0.0,Sin cotizacion,0,0.0,34,3,2,0,0.0,0.0,0.0,0.0,0.0,No aplica,0.0,1,18.6,1,Good
51,Dependiente,Formal,88,2967000.0,0.235,7.3,Dependiente,10,2670000.0,137,1,0,1,4660000.0,3918000.0,0.841,3918000.0,0.11,Pago superior al mínimo,1043000.0,1,10.6,1,Poor
47,Dependiente,Formal,43,2500000.0,0.113,3.6,Dependiente,12,2400000.0,115,3,1,1,4465000.0,1292000.0,0.289,3538000.0,0.118,Pago total,1269000.0,0,0.0,2,Standard
36,Dependiente,Formal,89,3358000.0,0.047,7.4,Dependiente,10,3386000.0,64,2,1,0,0.0,0.0,0.0,9662000.0,0.24,No aplica,0.0,1,17.3,3,Good
34,Dependiente,Formal,140,2194000.0,0.308,11.7,Dependiente,12,2208000.0,150,3,1,1,3507000.0,373000.0,0.106,1839000.0,0.07,Pago total,335000.0,0,0.0,1,Standard
47,Dependiente,Formal,60,3971000.0,0.089,5.0,Dependiente,10,3966000.0,239,1,0,1,4146000.0,2004000.0,0.483,2004000.0,0.042,Pago superior al mínimo,709000.0,2,7.3,0,Standard
46,Independiente,Informal,34,3762000.0,0.444,2.8,Sin cotizacion,0,0.0,88,2,2,1,8330000.0,861000.0,0.103,53511000.0,1.185,Pago total,728000.0,1,14.4,1,Standard
54,Dependiente,Formal,136,5857000.0,0.045,11.3,Dependiente,12,5878000.0,95,5,1,1,9228000.0,3362000.0,0.364,17909000.0,0.255,Pago superior al mínimo,689000.0,0,0.0,1,Good
55,Independiente,Informal,48,6851000.0,0.368,4.0,Sin cotizacion,0,0.0,227,4,2,1,8591000.0,871000.0,0.101,32603000.0,0.397,Pago superior al mínimo,433000.0,3,15.1,2,Poor
38,Independiente,Informal,17,1962000.0,0.4,1.4,Sin cotizacion,0,0.0,138,2,0,0,0.0,0.0,0.0,0.0,0.0,No aplica,0.0,0,0.0,0,Standard
28,Dependiente,Formal,120,4044000.0,0.085,10.0,Dependiente,5,4239000.0,76,4,1,1,7213000.0,2719000.0,0.377,5496000.0,0.113,Pago total,2583000.0,0,0.0,3,Good
42,Dependiente,Formal,72,4695000.0,0.173,6.0,Dependiente,10,4762000.0,55,3,0,1,7648000.0,3883000.0,0.508,3883000.0,0.069,Pago superior al mínimo,1692000.0,0,0.0,0,Good
26,Cuenta propia,Informal,19,2297000.0,0.431,1.6,Sin cotizacion,0,0.0,87,2,1,1,2479000.0,1191000.0,0.48,10059000.0,0.365,Pago superior al mínimo,356000.0,1,3.1,0,Good
53,Dependiente,Informal,7,2097000.0,0.252,0.6,Sin cotizacion,0,0.0,265,2,1,1,4413000.0,2969000.0,0.673,12396000.0,0.493,Pago mínimo,326000.0,3,23.5,0,Poor
54,Dependiente,Formal,43,2512000.0,0.343,3.6,Dependiente,11,2278000.0,190,4,1,0,0.0,0.0,0.0,4330000.0,0.144,No aplica,0.0,2,9.6,0,Standard
56,Pensionado,No aplica,192,3134000.0,0.054,16.0,Pensionado,12,3317000.0,75,3,1,0,0.0,0.0,0.0,4722000.0,0.126,No aplica,0.0,1,15.2,1,Good
42,Dependiente,Formal,37,1745000.0,0.144,3.1,Dependiente,12,1612000.0,114,1,0,0,0.0,0.0,0.0,0.0,0.0,No aplica,0.0,0,0.0,2,Standard
33,Independiente,Formal,40,3176000.0,0.267,3.3,Independiente,10,1392000.0,115,3,0,1,6677000.0,2491000.0,0.373,2491000.0,0.065,Pago total,2184000.0,1,17.2,2,Standard
49,Desempleado,No aplica,0,0.0,0.792,0.0,Sin cotizacion,0,0.0,69,1,0,0,0.0,0.0,0.0,0.0,0.0,No aplica,0.0,0,0.0,0,Poor
30,Dependiente,Formal,121,1048000.0,0.056,10.1,Dependiente,8,982000.0,96,1,0,1,500000.0,162000.0,0.324,162000.0,0.013,Pago superior al mínimo,33000.0,1,0.5,0,Standard
42,Dependiente,Formal,72,5746000.0,0.277,6.0,Dependiente,12,6073000.0,192,5,1,0,0.0,0.0,0.0,9001000.0,0.131,No aplica,0.0,2,4.6,0,Good
39,Dependiente,Formal,27,2137000.0,0.061,2.2,Dependiente,11,2113000.0,189,2,1,0,0.0,0.0,0.0,13134000.0,0.512,No aplica,0.0,0,0.0,1,Good
53,Dependiente,Formal,91,4828000.0,0.097,7.6,Dependiente,7,4902000.0,334,3,1,1,3760000.0,1719000.0,0.457,10779000.0,0.186,Pago superior al mínimo,755000.0,1,2.0,0,Poor
32,Dependiente,Formal,168,3898000.0,0.104,14.0,Dependiente,10,3588000.0,14,1,0,1,2697000.0,479000.0,0.178,479000.0,0.01,Pago total,384000.0,0,0.0,0,Poor
53,Independiente,Formal,19,5453000.0,0.333,1.6,Independiente,11,2340000.0,136,5,3,1,3599000.0,413000.0,0.115,36842000.0,0.563,Pago superior al mínimo,149000.0,0,0.0,4,Poor
26,Dependiente,Formal,70,2696000.0,0.057,5.8,Dependiente,10,2741000.0,71,3,0,1,5787000.0,1222000.0,0.211,1222000.0,0.038,Pago total,1105000.0,0,0.0,0,Good
37,Dependiente,Formal,66,2897000.0,0.103,5.5,Dependiente,12,2969000.0,156,1,0,1,2554000.0,1381000.0,0.541,1381000.0,0.04,Pago superior al mínimo,423000.0,2,6.8,1,Good
56,Pensionado,No aplica,380,1233000.0,0.351,31.7,Pensionado,12,1268000.0,222,1,0,0,0.0,0.0,0.0,0.0,0.0,No aplica,0.0,0,0.0,1,Good
60,Desempleado,No aplica,0,420000.0,0.828,0.0,Sin cotizacion,0,0.0,421,1,0,1,839000.0,383000.0,0.456,383000.0,0.076,Pago superior al mínimo,79000.0,2,11.9,0,Standard
49,Independiente,Formal,107,3853000.0,0.503,8.9,Independiente,8,1569000.0,323,1,1,1,6085000.0,2341000.0,0.385,16632000.0,0.36,Pago superior al mínimo,910000.0,0,0.0,1,Good
25,Dependiente,Formal,64,2982000.0,0.541,5.3,Dependiente,11,2957000.0,80,4,2,1,4381000.0,1136000.0,0.259,3580000.0,0.1,Pago total,1069000.0,0,0.0,0,Good
47,Independiente,Informal,50,1155000.0,0.593,4.2,Sin cotizacion,0,0.0,292,2,1,0,0.0,0.0,0.0,2190000.0,0.158,No aplica,0.0,1,1.6,0,Standard
35,Dependiente,Formal,20,4124000.0,0.217,1.7,Dependiente,8,3990000.0,159,5,0,1,4177000.0,3136000.0,0.751,3136000.0,0.063,Pago superior al mínimo,636000.0,1,1.6,0,Good
20,Independiente,Informal,24,2659000.0,0.675,2.0,Sin cotizacion,0,0.0,12,2,0,1,2406000.0,776000.0,0.323,776000.0,0.024,Pago superior al mínimo,231000.0,0,0.0,1,Standard
49,Dependiente,Informal,18,3487000.0,0.03,1.5,Sin cotizacion,0,0.0,325,3,1,1,3170000.0,1132000.0,0.357,6938000.0,0.166,Pago superior al mínimo,408000.0,2,15.8,2,Poor
44,Cuenta propia,Informal,32,2701000.0,0.223,2.7,Sin cotizacion,0,0.0,234,1,1,0,0.0,0.0,0.0,5962000.0,0.184,No aplica,0.0,2,5.7,1,Poor
35,Dependiente,Formal,18,4855000.0,0.081,1.5,Dependiente,11,4769000.0,128,3,0,1,8281000.0,2065000.0,0.249,2065000.0,0.035,Pago total,2054000.0,0,0.0,2,Poor
18,Dependiente,Formal,0,2629000.0,0.019,0.0,Dependiente,0,0.0,0,1,0,0,0.0,0.0,0.0,0.0,0.0,No aplica,0.0,0,0.0,0,Good
44,Dependiente,Formal,82,4203000.0,0.123,6.8,Dependiente,9,4406000.0,79,2,0,0,0.0,0.0,0.0,0.0,0.0,No aplica,0.0,0,0.0,1,Good
32,Dependiente,Informal,57,1859000.0,0.128,4.8,Sin cotizacion,0,0.0,113,2,1,1,2784000.0,1036000.0,0.372,7318000.0,0.328,Pago total,943000.0,0,0.0,0,Standard
25,Cuenta propia,Informal,21,1198000.0,0.545,1.8,Sin cotizacion,0,0.0,57,1,1,0,0.0,0.0,0.0,4514000.0,0.314,No aplica,0.0,0,0.0,0,Good
61,Cuenta propia,Formal,91,5895000.0,0.527,7.6,Independiente,6,2160000.0,144,4,1,1,2068000.0,1131000.0,0.547,11247000.0,0.159,Pago superior al mínimo,507000.0,0,0.0,2,Standard
50,Independiente,Informal,86,635000.0,0.194,7.2,Sin cotizacion,0,0.0,168,1,0,0,0.0,0.0,0.0,0.0,0.0,No aplica,0.0,0,0.0,0,Good
44,Dependiente,Formal,55,5694000.0,0.218,4.6,Dependiente,9,5274000.0,227,2,0,0,0.0,0.0,0.0,0.0,0.0,No aplica,0.0,0,0.0,1,Good
32,Dependiente,Formal,29,2558000.0,0.207,2.4,Dependiente,6,2457000.0,38,3,1,1,6115000.0,2348000.0,0.384,7004000.0,0.228,Pago superior al mínimo,779000.0,3,15.1,2,Poor
33,Dependiente,Formal,89,2440000.0,0.125,7.4,Dependiente,8,2499000.0,15,3,1,0,0.0,0.0,0.0,4958000.0,0.169,No aplica,0.0,1,7.7,1,Standard
24,Dependiente,Formal,53,3462000.0,0.096,4.4,Dependiente,10,3420000.0,54,3,0,1,4003000.0,898000.0,0.224,898000.0,0.022,Pago total,724000.0,0,0.0,0,Poor
37,Dependiente,Formal,36,1827000.0,0.054,3.0,Dependiente,8,1871000.0,127,2,0,1,2508000.0,1297000.0,0.517,1297000.0,0.059,Pago superior al mínimo,386000.0,0,0.0,0,Standard
34,Independiente,Formal,40,2249000.0,0.29,3.3,Independiente,5,720000.0,96,1,1,1,4132000.0,2485000.0,0.601,9845000.0,0.365,Pago total,2204000.0,0,0.0,0,Poor
22,Dependiente,Formal,27,2049000.0,0.054,2.2,Dependiente,12,1844000.0,41,3,0,0,0.0,0.0,0.0,0.0,0.0,No aplica,0.0,0,0.0,2,Good
42,Dependiente,Formal,36,3405000.0,0.078,3.0,Dependiente,10,3441000.0,150,2,1,1,2608000.0,1708000.0,0.655,16070000.0,0.393,Pago superior al mínimo,601000.0,1,3.3,1,Poor
44,Dependiente,Formal,79,2673000.0,0.074,6.6,Dependiente,10,2780000.0,237,2,2,1,1777000.0,562000.0,0.316,4851000.0,0.151,Pago superior al mínimo,156000.0,0,0.0,0,Good
31,Dependiente,Formal,80,6873000.0,0.148,6.7,Dependiente,9,6403000.0,87,3,2,1,6035000.0,518000.0,0.086,35606000.0,0.432,Pago total,460000.0,2,4.8,1,Standard
40,Dependiente,Formal,42,8275000.0,0.118,3.5,Dependiente,11,8449000.0,147,3,1,1,18417000.0,9543000.0,0.518,24077000.0,0.242,Pago total,8380000.0,0,0.0,0,Standard
37,Desempleado,No aplica,0,1807000.0,0.365,0.0,Sin cotizacion,0,0.0,94,2,0,0,0.0,0.0,0.0,0.0,0.0,No aplica,0.0,0,0.0,2,Standard
40,Cuenta propia,Formal,175,1067000.0,0.085,14.6,Independiente,10,478000.0,169,3,0,0,0.0,0.0,0.0,0.0,0.0,No aplica,0.0,0,0.0,1,Standard
50,Desempleado,No aplica,0,627000.0,0.755,0.0,Sin cotizacion,0,0.0,174,1,0,1,821000.0,321000.0,0.391,321000.0,0.043,Pago total,267000.0,0,0.0,1,Poor
31,Dependiente,Formal,68,2996000.0,0.082,5.7,Dependiente,10,2995000.0,65,2,0,1,6377000.0,4295000.0,0.674,4295000.0,0.119,Pago superior al mínimo,1784000.0,1,12.1,1,Poor
40,Dependiente,Informal,36,1671000.0,0.067,3.0,Sin cotizacion,0,0.0,199,2,0,1,716000.0,448000.0,0.626,448000.0,0.022,Pago superior al mínimo,134000.0,2,6.4,1,Poor
42,Dependiente,Formal,84,3114000.0,0.025,7.0,Dependiente,10,3226000.0,70,4,1,0,0.0,0.0,0.0,23590000.0,0.631,No aplica,0.0,0,0.0,1,Good
28,Dependiente,Formal,43,1874000.0,0.154,3.6,Dependiente,11,1888000.0,29,2,1,1,2233000.0,447000.0,0.2,2278000.0,0.101,Pago superior al mínimo,132000.0,2,7.3,3,Good
35,Cuenta propia,Informal,52,1868000.0,0.31,4.3,Sin cotizacion,0,0.0,122,1,0,1,1418000.0,220000.0,0.155,220000.0,0.01,Pago total,179000.0,1,10.9,0,Standard
50,Dependiente,Formal,25,2029000.0,0.187,2.1,Dependiente,12,2008000.0,311,1,0,0,0.0,0.0,0.0,0.0,0.0,No aplica,0.0,0,0.0,0,Good
26,Dependiente,Formal,34,2882000.0,0.169,2.8,Dependiente,12,2977000.0,34,2,0,1,5967000.0,1870000.0,0.313,1870000.0,0.054,Pago total,1841000.0,0,0.0,3,Standard
37,Dependiente,Formal,44,2037000.0,0.045,3.7,Dependiente,7,2193000.0,67,2,1,0,0.0,0.0,0.0,1917000.0,0.078,No aplica,0.0,1,10.2,2,Standard
45,Dependiente,Formal,72,4254000.0,0.291,6.0,Dependiente,11,4159000.0,174,4,0,1,4541000.0,1368000.0,0.301,1368000.0,0.027,Pago superior al mínimo,548000.0,0,0.0,1,Standard
41,Independiente,Formal,30,2647000.0,0.34,2.5,Independiente,1,1050000.0,235,2,0,1,2124000.0,1222000.0,0.575,1222000.0,0.038,Pago superior al mínimo,517000.0,1,4.9,0,Good
44,Dependiente,Formal,32,4374000.0,0.065,2.7,Dependiente,11,4201000.0,56,5,1,0,0.0,0.0,0.0,5947000.0,0.113,No aplica,0.0,3,22.2,0,Good
55,Dependiente,Informal,70,4949000.0,0.203,5.8,Sin cotizacion,0,0.0,211,3,1,1,5519000.0,4350000.0,0.788,18905000.0,0.318,Pago mínimo,522000.0,1,3.4,4,Poor
43,Dependiente,Formal,120,7770000.0,0.079,10.0,Dependiente,10,7818000.0,243,4,2,1,4667000.0,690000.0,0.148,46710000.0,0.501,Pago superior al mínimo,171000.0,1,7.2,4,Poor
43,Dependiente,Formal,30,1218000.0,0.239,2.5,Dependiente,10,1210000.0,69,1,0,1,1603000.0,940000.0,0.586,940000.0,0.064,Pago mínimo,59000.0,0,0.0,0,Standard
47,Cuenta propia,Informal,16,1276000.0,0.48,1.3,Sin cotizacion,0,0.0,252,2,1,0,0.0,0.0,0.0,1788000.0,0.117,No aplica,0.0,0,0.0,0,Good
73,Pensionado,No aplica,178,2181000.0,0.221,14.8,Pensionado,12,2257000.0,218,4,2,0,0.0,0.0,0.0,16893000.0,0.645,No aplica,0.0,2,20.1,1,Good
29,Desempleado,No aplica,0,0.0,0.636,0.0,Sin cotizacion,0,0.0,50,3,0,0,0.0,0.0,0.0,0.0,0.0,No aplica,0.0,0,0.0,2,Good
41,Cuenta propia,Informal,43,2976000.0,0.528,3.6,Sin cotizacion,0,0.0,211,3,1,0,0.0,0.0,0.0,4486000.0,0.126,No aplica,0.0,0,0.0,0,Standard
35,Dependiente,Formal,51,5809000.0,0.086,4.2,Dependiente,11,6139000.0,83,5,1,1,4437000.0,1143000.0,0.258,21353000.0,0.306,Pago superior al mínimo,553000.0,1,5.3,2,Standard
39,Independiente,Formal,47,2540000.0,0.205,3.9,Independiente,11,1096000.0,203,3,1,1,1979000.0,885000.0,0.447,2939000.0,0.096,Pago superior al mínimo,181000.0,0,0.0,0,Poor
35,Dependiente,Formal,112,5617000.0,0.145,9.3,Dependiente,12,5852000.0,49,5,0,1,7216000.0,5263000.0,0.729,5263000.0,0.078,Pago mínimo,729000.0,4,6.9,0,Poor
33,Dependiente,Formal,44,4963000.0,0.073,3.7,Dependiente,6,4823000.0,70,5,0,1,2431000.0,1059000.0,0.436,1059000.0,0.018,Pago total,1042000.0,0,0.0,0,Good
30,Cuenta propia,Informal,24,4934000.0,0.737,2.0,Sin cotizacion,0,0.0,49,2,0,0,0.0,0.0,0.0,0.0,0.0,No aplica,0.0,0,0.0,0,Good
32,Dependiente,Formal,83,4759000.0,0.165,6.9,Dependiente,12,4577000.0,81,3,1,1,5226000.0,2101000.0,0.402,7186000.0,0.126,Pago total,1913000.0,0,0.0,0,Standard
28,Cuenta propia,Informal,41,1615000.0,0.779,3.4,Sin cotizacion,0,0.0,78,2,1,1,1620000.0,836000.0,0.516,3302000.0,0.17,Pago mínimo,73000.0,1,2.7,0,Poor
23,Dependiente,Formal,60,3062000.0,0.009,5.0,Dependiente,12,3116000.0,30,1,0,1,7209000.0,2556000.0,0.355,2556000.0,0.07,Pago total,2348000.0,1,7.3,1,Good
42,Independiente,Formal,78,4225000.0,0.526,6.5,Independiente,4,1693000.0,209,3,1,1,7468000.0,985000.0,0.132,9108000.0,0.18,Pago superior al mínimo,357000.0,0,0.0,0,Good
29,Independiente,Formal,73,3033000.0,0.172,6.1,Independiente,7,1456000.0,40,1,1,1,2734000.0,732000.0,0.268,4249000.0,0.117,Pago total,729000.0,0,0.0,0,Good
49,Cuenta propia,Informal,25,742000.0,0.547,2.1,Sin cotizacion,0,0.0,329,1,0,0,0.0,0.0,0.0,0.0,0.0,No aplica,0.0,0,0.0,0,Standard
38,Independiente,Informal,52,528000.0,0.633,4.3,Sin cotizacion,0,0.0,218,1,0,0,0.0,0.0,0.0,0.0,0.0,No aplica,0.0,0,0.0,1,Good
38,Independiente,Formal,87,6534000.0,0.538,7.2,Independiente,11,2111000.0,172,3,1,1,5726000.0,1808000.0,0.316,9307000.0,0.119,Pago total,1573000.0,1,3.6,1,Standard
32,Dependiente,Formal,47,3118000.0,0.03,3.9,Dependiente,10,3195000.0,58,4,2,1,4824000.0,2949000.0,0.611,19672000.0,0.526,Pago mínimo,323000.0,0,0.0,6,Poor
30,Dependiente,Formal,56,5092000.0,0.23,4.7,Dependiente,11,5215000.0,116,4,1,1,6567000.0,4174000.0,0.636,21506000.0,0.352,Pago total,3777000.0,0,0.0,3,Good
33,Dependiente,Formal,32,2883000.0,0.082,2.7,Dependiente,11,2795000.0,49,4,2,0,0.0,0.0,0.0,6960000.0,0.201,No aplica,0.0,0,0.0,3,Standard
29,Independiente,Informal,21,2406000.0,0.37,1.8,Sin cotizacion,0,0.0,58,3,2,1,5693000.0,2223000.0,0.39,6246000.0,0.216,Pago mínimo,149000.0,1,26.3,2,Poor
36,Dependiente,Formal,34,5369000.0,0.094,2.8,Dependiente,12,5161000.0,113,4,1,0,0.0,0.0,0.0,11437000.0,0.178,No aplica,0.0,0,0.0,2,Good
61,Cuenta propia,Formal,102,6862000.0,0.677,8.5,Independiente,12,2652000.0,294,4,2,1,9818000.0,2313000.0,0.236,39430000.0,0.479,Pago mínimo,318000.0,0,0.0,2,Good
36,Dependiente,Formal,194,3065000.0,0.36,16.2,Dependiente,9,2864000.0,91,1,0,1,4402000.0,1994000.0,0.453,1994000.0,0.054,Pago superior al mínimo,523000.0,1,10.6,3,Poor
50,Dependiente,Formal,33,2544000.0,0.22,2.8,Dependiente,10,2692000.0,158,2,0,0,0.0,0.0,0.0,0.0,0.0,No aplica,0.0,0,0.0,0,Good
39,Independiente,Informal,26,6676000.0,0.715,2.2,Sin cotizacion,0,0.0,126,4,1,1,11768000.0,8567000.0,0.728,15316000.0,0.191,Pago superior al mínimo,3269000.0,0,0.0,2,Poor
27,Dependiente,Formal,54,2805000.0,0.219,4.5,Dependiente,10,3086000.0,86,2,1,0,0.0,0.0,0.0,16658000.0,0.495,No aplica,0.0,2,16.1,0,Good
55,Dependiente,Informal,4,2091000.0,0.102,0.3,Sin cotizacion,0,0.0,247,2,1,1,5555000.0,1651000.0,0.297,4015000.0,0.16,Pago superior al mínimo,506000.0,0,0.0,2,Poor
27,Dependiente,Formal,45,2666000.0,0.185,3.8,Dependiente,7,2630000.0,44,1,1,1,3650000.0,1496000.0,0.41,5985000.0,0.187,Pago superior al mínimo,679000.0,0,0.0,0,Good
54,Desempleado,No aplica,0,0.0,0.816,0.0,Sin cotizacion,0,0.0,102,1,0,0,0.0,0.0,0.0,0.0,0.0,No aplica,0.0,0,0.0,1,Good
38,Independiente,Formal,149,2501000.0,0.776,12.4,Independiente,8,936000.0,203,2,1,1,4621000.0,1252000.0,0.271,5507000.0,0.183,Pago superior al mínimo,569000.0,1,1.0,0,Good
49,Dependiente,Formal,70,4851000.0,0.211,5.8,Dependiente,12,4597000.0,208,4,2,0,0.0,0.0,0.0,11438000.0,0.196,No aplica,0.0,0,0.0,2,Good
35,Dependiente,Formal,59,3709000.0,0.06,4.9,Dependiente,12,3546000.0,76,3,0,1,4725000.0,2289000.0,0.484,2289000.0,0.051,Pago superior al mínimo,555000.0,0,0.0,1,Poor
36,Dependiente,Formal,34,4409000.0,0.097,2.8,Dependiente,12,4305000.0,110,3,1,1,4094000.0,1524000.0,0.372,30210000.0,0.571,Pago superior al mínimo,740000.0,0,0.0,1,Standard
30,Cuenta propia,Informal,48,2223000.0,0.537,4.0,Sin cotizacion,0,0.0,65,1,0,1,3912000.0,1027000.0,0.263,1027000.0,0.038,Pago total,851000.0,0,0.0,0,Good
42,Independiente,Informal,20,4701000.0,0.526,1.7,Sin cotizacion,0,0.0,138,2,0,0,0.0,0.0,0.0,0.0,0.0,No aplica,0.0,0,0.0,3,Standard
39,Dependiente,Formal,43,5416000.0,0.181,3.6,Dependiente,4,5678000.0,173,3,1,1,5281000.0,4446000.0,0.842,10350000.0,0.159,Pago superior al mínimo,1495000.0,1,19.7,3,Poor
32,Dependiente,Formal,91,1544000.0,0.269,7.6,Dependiente,12,1698000.0,104,1,0,1,1176000.0,584000.0,0.497,584000.0,0.032,Pago superior al mínimo,239000.0,0,0.0,1,Good
42,Dependiente,Formal,59,2561000.0,0.154,4.9,Dependiente,11,2487000.0,224,3,0,1,2756000.0,491000.0,0.178,491000.0,0.016,Pago total,433000.0,0,0.0,0,Standard
62,Pensionado,No aplica,126,2253000.0,0.075,10.5,Pensionado,12,2192000.0,200,3,0,1,3795000.0,1212000.0,0.319,1212000.0,0.045,Pago superior al mínimo,444000.0,0,0.0,0,Good
53,Independiente,Informal,48,2890000.0,0.271,4.0,Sin cotizacion,0,0.0,88,1,0,1,3642000.0,1819000.0,0.499,1819000.0,0.052,Pago superior al mínimo,907000.0,2,3.0,1,Poor
45,Dependiente,Formal,69,2867000.0,0.138,5.8,Dependiente,8,2733000.0,233,3,1,0,0.0,0.0,0.0,17729000.0,0.515,No aplica,0.0,2,3.6,1,Standard
41,Dependiente,Formal,95,5614000.0,0.151,7.9,Dependiente,11,5715000.0,92,3,0,0,0.0,0.0,0.0,0.0,0.0,No aplica,0.0,0,0.0,2,Poor
47,Dependiente,Formal,61,9633000.0,0.047,5.1,Dependiente,12,9766000.0,183,6,1,0,0.0,0.0,0.0,15845000.0,0.137,No aplica,0.0,0,0.0,2,Good
27,Desempleado,No aplica,0,997000.0,0.772,0.0,Sin cotizacion,0,0.0,22,2,0,1,2337000.0,1309000.0,0.56,1309000.0,0.109,Pago mínimo,99000.0,3,36.8,2,Poor
40,Dependiente,Formal,201,4114000.0,0.257,16.8,Dependiente,10,4131000.0,109,4,1,1,8154000.0,3448000.0,0.423,10223000.0,0.207,Pago mínimo,435000.0,0,0.0,1,Good
40,Independiente,Formal,24,30000000.0,0.212,2.0,Independiente,12,11467000.0,150,5,1,1,40000000.0,32994000.0,0.825,72351000.0,0.201,Pago mínimo,3824000.0,2,5.7,2,Poor
30,Independiente,Formal,144,1885000.0,0.185,12.0,Independiente,10,856000.0,115,1,1,1,2327000.0,841000.0,0.361,6713000.0,0.297,Pago superior al mínimo,407000.0,1,4.9,1,Standard
29,Dependiente,Formal,47,1997000.0,0.276,3.9,Dependiente,10,2058000.0,70,3,1,0,0.0,0.0,0.0,14496000.0,0.605,No aplica,0.0,2,8.6,1,Poor
56,Dependiente,Formal,25,3579000.0,0.159,2.1,Dependiente,9,3682000.0,271,2,2,1,6160000.0,1898000.0,0.308,11818000.0,0.275,Pago total,1557000.0,0,0.0,0,Good
56,Dependiente,Formal,72,7507000.0,0.23,6.0,Dependiente,4,7618000.0,147,4,1,1,19464000.0,6310000.0,0.324,18649000.0,0.207,Pago superior al mínimo,1770000.0,2,5.3,1,Good
42,Independiente,Formal,112,838000.0,0.298,9.3,Independiente,10,329000.0,48,2,1,1,558000.0,116000.0,0.208,4453000.0,0.443,Pago total,111000.0,1,1.1,1,Poor
43,Cuenta propia,Formal,80,580000.0,0.272,6.7,Independiente,10,300000.0,206,1,1,1,1440000.0,836000.0,0.581,1397000.0,0.201,Pago mínimo,110000.0,4,34.5,1,Poor
43,Independiente,Formal,22,3239000.0,0.527,1.8,Independiente,9,1363000.0,130,3,0,0,0.0,0.0,0.0,0.0,0.0,No aplica,0.0,0,0.0,3,Good
30,Dependiente,Formal,23,8583000.0,0.036,1.9,Dependiente,11,8728000.0,40,6,3,1,5478000.0,2867000.0,0.523,33857000.0,0.329,Pago superior al mínimo,1189000.0,1,4.8,5,Standard
49,Dependiente,Formal,26,4036000.0,0.347,2.2,Dependiente,12,4128000.0,68,3,0,0,0.0,0.0,0.0,0.0,0.0,No aplica,0.0,0,0.0,0,Good
56,Pensionado,No aplica,141,1482000.0,0.111,11.8,Pensionado,12,1412000.0,240,1,1,0,0.0,0.0,0.0,7219000.0,0.406,No aplica,0.0,0,0.0,1,Good
40,Cuenta propia,Informal,9,3794000.0,0.391,0.8,Sin cotizacion,0,0.0,136,1,1,0,0.0,0.0,0.0,9981000.0,0.219,No aplica,0.0,2,6.3,0,Poor
39,Dependiente,Formal,56,7706000.0,0.227,4.7,Dependiente,9,7811000.0,157,3,0,0,0.0,0.0,0.0,0.0,0.0,No aplica,0.0,0,0.0,0,Standard
32,Desempleado,No aplica,0,1601000.0,0.964,0.0,Sin cotizacion,0,0.0,141,2,2,1,4002000.0,1951000.0,0.488,5601000.0,0.292,Pago mínimo,127000.0,2,9.8,1,Poor
29,Independiente,Informal,5,3167000.0,0.229,0.4,Sin cotizacion,0,0.0,44,4,3,1,4890000.0,2547000.0,0.521,31013000.0,0.816,Pago mínimo,212000.0,5,11.4,1,Poor
36,Independiente,Informal,25,4834000.0,0.175,2.1,Sin cotizacion,0,0.0,85,4,2,1,5920000.0,4211000.0,0.711,11313000.0,0.195,Pago mínimo,305000.0,5,37.7,3,Poor
43,Independiente,Formal,77,2381000.0,0.366,6.4,Independiente,10,923000.0,55,2,0,0,0.0,0.0,0.0,0.0,0.0,No aplica,0.0,0,0.0,1,Good
31,Cuenta propia,Informal,59,1373000.0,0.518,4.9,Sin cotizacion,0,0.0,44,3,1,1,1116000.0,517000.0,0.463,6076000.0,0.369,Pago superior al mínimo,222000.0,2,9.4,1,Standard
59,Cuenta propia,Formal,71,5929000.0,0.449,5.9,Independiente,10,2163000.0,333,4,1,1,4292000.0,1525000.0,0.355,4826000.0,0.068,Pago total,1493000.0,0,0.0,2,Poor
23,Dependiente,Formal,60,6133000.0,0.19,5.0,Dependiente,8,6312000.0,18,2,2,1,6883000.0,5624000.0,0.817,18250000.0,0.248,Pago irregular,276000.0,0,0.0,0,Poor
31,Dependiente,Formal,71,1996000.0,0.153,5.9,Dependiente,12,2010000.0,94,1,0,1,2098000.0,671000.0,0.32,671000.0,0.028,Pago total,558000.0,1,20.5,1,Good
30,Cuenta propia,Informal,11,2280000.0,0.64,0.9,Sin cotizacion,0,0.0,87,2,1,0,0.0,0.0,0.0,5817000.0,0.213,No aplica,0.0,0,0.0,1,Good
31,Dependiente,Formal,53,2755000.0,0.025,4.4,Dependiente,12,3014000.0,90,2,1,1,2590000.0,1178000.0,0.455,3604000.0,0.109,Pago total,1147000.0,0,0.0,0,Poor
36,Dependiente,Formal,43,2583000.0,0.129,3.6,Dependiente,6,2633000.0,113,3,0,1,2753000.0,477000.0,0.173,477000.0,0.015,Pago total,423000.0,1,1.4,0,Good
26,Dependiente,Formal,66,3585000.0,0.053,5.5,Dependiente,12,3542000.0,77,3,1,0,0.0,0.0,0.0,7220000.0,0.168,No aplica,0.0,1,2.5,0,Good
27,Dependiente,Formal,16,5334000.0,0.199,1.3,Dependiente,12,5311000.0,49,2,1,1,9963000.0,9168000.0,0.92,24583000.0,0.384,Pago mínimo,619000.0,0,0.0,1,Poor
32,Independiente,Informal,63,3497000.0,0.336,5.2,Sin cotizacion,0,0.0,82,2,1,1,9465000.0,5182000.0,0.547,9509000.0,0.227,Pago superior al mínimo,2001000.0,1,2.1,1,Standard
42,Cuenta propia,Informal,44,1742000.0,0.559,3.7,Sin cotizacion,0,0.0,90,1,1,1,1893000.0,521000.0,0.275,3746000.0,0.179,Pago superior al mínimo,117000.0,3,39.4,1,Poor
36,Dependiente,Formal,63,4455000.0,0.036,5.2,Dependiente,12,4246000.0,109,2,0,0,0.0,0.0,0.0,0.0,0.0,No aplica,0.0,0,0.0,1,Good
46,Dependiente,Formal,196,3329000.0,0.121,16.3,Dependiente,10,3493000.0,274,2,1,1,4482000.0,2213000.0,0.494,13695000.0,0.343,Pago superior al mínimo,840000.0,1,0.9,0,Good
53,Dependiente,Formal,148,4803000.0,0.103,12.3,Dependiente,12,4864000.0,230,5,0,0,0.0,0.0,0.0,0.0,0.0,No aplica,0.0,0,0.0,1,Standard
32,Cuenta propia,Informal,41,5204000.0,0.411,3.4,Sin cotizacion,0,0.0,20,3,0,1,4180000.0,1142000.0,0.273,1142000.0,0.018,Pago total,1136000.0,0,0.0,1,Good
46,Independiente,Informal,29,607000.0,0.227,2.4,Sin cotizacion,0,0.0,214,3,1,0,0.0,0.0,0.0,1625000.0,0.223,No aplica,0.0,1,2.1,0,Standard
48,Dependiente,Formal,56,5712000.0,0.087,4.7,Dependiente,7,5788000.0,237,4,0,0,0.0,0.0,0.0,0.0,0.0,No aplica,0.0,0,0.0,1,Standard
39,Cuenta propia,Informal,23,719000.0,0.479,1.9,Sin cotizacion,0,0.0,148,2,0,0,0.0,0.0,0.0,0.0,0.0,No aplica,0.0,0,0.0,3,Good
38,Cuenta propia,Formal,42,4938000.0,0.239,3.5,Independiente,9,1765000.0,186,4,2,1,5534000.0,1422000.0,0.257,54406000.0,0.918,Pago superior al mínimo,538000.0,1,4.2,0,Poor
48,Cuenta propia,Informal,17,1479000.0,0.207,1.4,Sin cotizacion,0,0.0,73,1,0,1,1428000.0,981000.0,0.687,981000.0,0.055,Pago superior al mínimo,448000.0,0,0.0,0,Standard
38,Cuenta propia,Informal,27,891000.0,0.572,2.2,Sin cotizacion,0,0.0,175,2,0,0,0.0,0.0,0.0,0.0,0.0,No aplica,0.0,0,0.0,1,Poor
54,Dependiente,Formal,108,5456000.0,0.141,9.0,Dependiente,8,5626000.0,317,3,2,1,10111000.0,1757000.0,0.174,14402000.0,0.22,Pago total,1710000.0,0,0.0,1,Standard
43,Independiente,Formal,61,5322000.0,0.277,5.1,Independiente,9,1930000.0,187,5,3,1,4614000.0,2170000.0,0.47,18883000.0,0.296,Pago superior al mínimo,543000.0,0,0.0,1,Standard
56,Independiente,Informal,9,1390000.0,0.484,0.8,Sin cotizacion,0,0.0,236,2,0,1,2193000.0,333000.0,0.152,333000.0,0.02,Pago total,311000.0,0,0.0,1,Good
31,Cuenta propia,Informal,23,805000.0,0.448,1.9,Sin cotizacion,0,0.0,82,3,2,0,0.0,0.0,0.0,7575000.0,0.784,No aplica,0.0,1,2.1,2,Poor
62,Pensionado,No aplica,123,2298000.0,0.235,10.2,Pensionado,12,2260000.0,412,4,1,1,1968000.0,776000.0,0.394,6659000.0,0.241,Pago superior al mínimo,280000.0,0,0.0,0,Good
40,Cuenta propia,Informal,74,919000.0,0.415,6.2,Sin cotizacion,0,0.0,128,1,1,0,0.0,0.0,0.0,1560000.0,0.141,No aplica,0.0,1,4.8,1,Good
37,Independiente,Informal,4,1187000.0,0.343,0.3,Sin cotizacion,0,0.0,171,3,2,1,3470000.0,1830000.0,0.527,5078000.0,0.357,Pago mínimo,100000.0,3,13.4,1,Poor
28,Dependiente,Formal,64,3403000.0,0.129,5.3,Dependiente,12,3420000.0,85,2,1,1,6268000.0,2821000.0,0.45,14374000.0,0.352,Pago superior al mínimo,721000.0,0,0.0,0,Good
27,Dependiente,Formal,34,2067000.0,0.047,2.8,Dependiente,12,2019000.0,45,3,0,1,2805000.0,1648000.0,0.588,1648000.0,0.066,Pago superior al mínimo,414000.0,1,5.8,0,Standard
23,Desempleado,No aplica,0,1774000.0,0.818,0.0,Sin cotizacion,0,0.0,38,3,2,0,0.0,0.0,0.0,5520000.0,0.259,No aplica,0.0,1,12.2,2,Poor
28,Cuenta propia,Informal,24,2283000.0,0.465,2.0,Sin cotizacion,0,0.0,102,2,1,0,0.0,0.0,0.0,7577000.0,0.277,No aplica,0.0,1,3.4,2,Poor
30,Dependiente,Formal,64,3048000.0,0.193,5.3,Dependiente,12,2951000.0,87,2,0,1,6364000.0,2144000.0,0.337,2144000.0,0.059,Pago total,1981000.0,0,0.0,0,Standard
47,Dependiente,Formal,98,2472000.0,0.141,8.2,Dependiente,10,2467000.0,270,3,1,1,4742000.0,930000.0,0.196,12193000.0,0.411,Pago superior al mínimo,230000.0,0,0.0,1,Poor
46,Dependiente,Formal,50,8019000.0,0.25,4.2,Dependiente,12,8343000.0,209,3,1,1,13818000.0,1392000.0,0.101,18550000.0,0.193,Pago total,1198000.0,0,0.0,1,Standard
65,Pensionado,No aplica,178,3905000.0,0.048,14.8,Pensionado,12,4010000.0,281,2,2,1,3126000.0,1515000.0,0.485,7978000.0,0.17,Pago superior al mínimo,352000.0,1,4.4,0,Poor
35,Cuenta propia,Informal,64,4316000.0,0.241,5.3,Sin cotizacion,0,0.0,135,3,1,1,9477000.0,4506000.0,0.475,16997000.0,0.328,Pago superior al mínimo,984000.0,4,25.9,3,Poor
20,Dependiente,Formal,24,4437000.0,0.045,2.0,Dependiente,10,4563000.0,10,4,0,0,0.0,0.0,0.0,0.0,0.0,No aplica,0.0,0,0.0,1,Standard
45,Dependiente,Formal,171,2816000.0,0.176,14.2,Dependiente,6,2871000.0,147,3,0,1,6084000.0,3049000.0,0.501,3049000.0,0.09,Pago total,3047000.0,0,0.0,1,Standard
44,Cuenta propia,Informal,14,2675000.0,0.465,1.2,Sin cotizacion,0,0.0,98,2,0,1,2842000.0,595000.0,0.209,595000.0,0.019,Pago total,523000.0,0,0.0,0,Good
44,Independiente,Formal,173,8598000.0,0.128,14.4,Independiente,10,3276000.0,93,4,1,1,14840000.0,1993000.0,0.134,37312000.0,0.362,Pago total,1794000.0,0,0.0,0,Good
46,Dependiente,Formal,54,5987000.0,0.233,4.5,Dependiente,10,6255000.0,103,5,2,1,3082000.0,802000.0,0.26,53043000.0,0.738,Pago superior al mínimo,169000.0,0,0.0,1,Good
44,Independiente,Informal,72,3180000.0,0.289,6.0,Sin cotizacion,0,0.0,135,2,1,1,1860000.0,118000.0,0.063,7197000.0,0.189,Pago total,98000.0,1,5.8,0,Poor
31,Dependiente,Formal,96,8133000.0,0.056,8.0,Dependiente,8,7568000.0,17,4,1,1,10389000.0,5030000.0,0.484,10362000.0,0.106,Pago superior al mínimo,1910000.0,1,2.6,1,Good
36,Dependiente,Formal,49,4492000.0,0.095,4.1,Dependiente,12,4570000.0,66,2,0,1,9148000.0,6501000.0,0.711,6501000.0,0.121,Pago superior al mínimo,2081000.0,0,0.0,0,Poor
59,Independiente,Informal,88,7924000.0,0.166,7.3,Sin cotizacion,0,0.0,358,5,1,0,0.0,0.0,0.0,11796000.0,0.124,No aplica,0.0,0,0.0,0,Standard
46,Independiente,Formal,125,4927000.0,0.216,10.4,Independiente,10,2137000.0,42,4,1,1,7709000.0,1236000.0,0.16,8371000.0,0.142,Pago total,1140000.0,0,0.0,1,Poor
60,Desempleado,No aplica,0,734000.0,0.598,0.0,Sin cotizacion,0,0.0,256,2,0,0,0.0,0.0,0.0,0.0,0.0,No aplica,0.0,0,0.0,2,Standard
55,Cuenta propia,Informal,10,1710000.0,0.577,0.8,Sin cotizacion,0,0.0,400,2,1,0,0.0,0.0,0.0,5956000.0,0.29,No aplica,0.0,2,5.7,1,Poor
48,Independiente,Informal,21,3725000.0,0.364,1.8,Sin cotizacion,0,0.0,142,3,0,1,4805000.0,2922000.0,0.608,2922000.0,0.065,Pago superior al mínimo,856000.0,1,4.9,0,Standard
54,Dependiente,Formal,89,2214000.0,0.133,7.4,Dependiente,12,2206000.0,143,2,2,1,3112000.0,671000.0,0.216,12249000.0,0.461,Pago superior al mínimo,233000.0,1,12.9,0,Standard
38,Dependiente,Formal,28,5623000.0,0.195,2.3,Dependiente,11,5461000.0,69,2,2,1,7796000.0,5174000.0,0.664,45525000.0,0.675,Pago superior al mínimo,2448000.0,2,9.2,0,Poor
24,Dependiente,Formal,60,2164000.0,0.187,5.0,Dependiente,6,2161000.0,50,3,1,0,0.0,0.0,0.0,2781000.0,0.107,No aplica,0.0,0,0.0,0,Standard
48,Dependiente,Formal,108,5681000.0,0.199,9.0,Dependiente,5,5509000.0,180,4,1,1,5396000.0,3990000.0,0.739,17038000.0,0.25,Pago superior al mínimo,1536000.0,1,5.1,2,Poor
27,Independiente,Formal,60,1671000.0,0.426,5.0,Independiente,12,703000.0,90,1,1,1,3043000.0,2356000.0,0.774,3108000.0,0.155,Pago superior al mínimo,974000.0,0,0.0,2,Standard
20,Desempleado,No aplica,0,0.0,0.829,0.0,Sin cotizacion,0,0.0,5,1,1,1,1930000.0,1077000.0,0.558,1077000.0,2.0,Pago irregular,80000.0,0,0.0,2,Poor
39,Dependiente,Formal,71,5803000.0,0.277,5.9,Dependiente,6,6023000.0,232,3,0,1,17137000.0,9675000.0,0.565,9675000.0,0.139,Pago superior al mínimo,4012000.0,2,7.3,0,Poor
55,Independiente,Formal,17,2543000.0,0.526,1.4,Independiente,10,1063000.0,28,2,1,1,4538000.0,1341000.0,0.296,3280000.0,0.107,Pago superior al mínimo,529000.0,0,0.0,1,Poor
19,Desempleado,No aplica,0,1057000.0,0.608,0.0,Sin cotizacion,0,0.0,10,1,1,0,0.0,0.0,0.0,6546000.0,0.516,No aplica,0.0,0,0.0,0,Standard
64,Independiente,Informal,54,4938000.0,0.401,4.5,Sin cotizacion,0,0.0,432,4,1,0,0.0,0.0,0.0,13381000.0,0.226,No aplica,0.0,0,0.0,1,Good
20,Cuenta propia,Formal,24,1121000.0,0.427,2.0,Independiente,7,466000.0,14,1,1,1,4157000.0,718000.0,0.173,3676000.0,0.273,Pago total,697000.0,0,0.0,0,Good
28,Independiente,Informal,27,4176000.0,0.163,2.2,Sin cotizacion,0,0.0,27,3,0,1,4410000.0,2615000.0,0.593,2615000.0,0.052,Pago total,2454000.0,1,5.6,0,Standard
37,Independiente,Formal,131,3304000.0,0.231,10.9,Independiente,11,1422000.0,52,3,0,1,7361000.0,4229000.0,0.575,4229000.0,0.107,Pago total,3893000.0,0,0.0,2,Good
37,Dependiente,Formal,68,1647000.0,0.26,5.7,Dependiente,9,1705000.0,48,4,1,1,4856000.0,1084000.0,0.223,2570000.0,0.13,Pago superior al mínimo,295000.0,1,10.6,1,Standard
39,Dependiente,Formal,64,2345000.0,0.109,5.3,Dependiente,6,2272000.0,212,4,0,1,1692000.0,765000.0,0.452,765000.0,0.027,Pago total,616000.0,0,0.0,3,Good
30,Cuenta propia,Informal,71,1416000.0,0.434,5.9,Sin cotizacion,0,0.0,44,2,0,0,0.0,0.0,0.0,0.0,0.0,No aplica,0.0,0,0.0,2,Standard
51,Independiente,Formal,81,10732000.0,0.262,6.8,Independiente,11,3633000.0,206,2,0,1,8313000.0,5285000.0,0.636,5285000.0,0.041,Pago superior al mínimo,1724000.0,2,11.8,1,Poor
45,Dependiente,Informal,13,4353000.0,0.305,1.1,Sin cotizacion,0,0.0,242,3,0,1,6252000.0,2786000.0,0.446,2786000.0,0.053,Pago superior al mínimo,1242000.0,1,11.8,0,Good
41,Independiente,Informal,14,9275000.0,0.375,1.2,Sin cotizacion,0,0.0,154,5,0,1,15577000.0,2726000.0,0.175,2726000.0,0.024,Pago total,2466000.0,0,0.0,1,Standard
47,Dependiente,Formal,43,8317000.0,0.214,3.6,Dependiente,9,8409000.0,268,3,1,1,26711000.0,5800000.0,0.217,21096000.0,0.211,Pago total,4737000.0,0,0.0,1,Good
42,Independiente,Formal,106,2937000.0,0.598,8.8,Independiente,10,1283000.0,106,2,1,1,3047000.0,1214000.0,0.398,10237000.0,0.29,Pago superior al mínimo,403000.0,0,0.0,0,Standard
35,Dependiente,Informal,52,2156000.0,0.053,4.3,Sin cotizacion,0,0.0,58,4,2,0,0.0,0.0,0.0,4894000.0,0.189,No aplica,0.0,0,0.0,0,Good
29,Desempleado,No aplica,0,0.0,0.589,0.0,Sin cotizacion,0,0.0,49,1,0,0,0.0,0.0,0.0,0.0,0.0,No aplica,0.0,0,0.0,0,Standard
59,Dependiente,Formal,71,3316000.0,0.121,5.9,Dependiente,12,3106000.0,119,3,0,0,0.0,0.0,0.0,0.0,0.0,No aplica,0.0,0,0.0,1,Standard
40,Dependiente,Formal,38,2118000.0,0.041,3.2,Dependiente,11,2124000.0,164,1,0,0,0.0,0.0,0.0,0.0,0.0,No aplica,0.0,0,0.0,3,Poor
42,Dependiente,Formal,53,3371000.0,0.143,4.4,Dependiente,10,3523000.0,282,2,2,1,1724000.0,1261000.0,0.731,11280000.0,0.279,Pago superior al mínimo,481000.0,0,0.0,1,Poor
45,Dependiente,Informal,66,8489000.0,0.237,5.5,Sin cotizacion,0,0.0,176,4,0,1,12512000.0,6781000.0,0.542,6781000.0,0.067,Pago superior al mínimo,1839000.0,1,4.8,0,Poor
41,Cuenta propia,Formal,59,2083000.0,0.265,4.9,Independiente,11,823000.0,147,2,0,0,0.0,0.0,0.0,0.0,0.0,No aplica,0.0,0,0.0,1,Good
50,Desempleado,No aplica,0,680000.0,0.759,0.0,Sin cotizacion,0,0.0,209,3,1,0,0.0,0.0,0.0,2791000.0,0.342,No aplica,0.0,5,11.5,2,Poor
34,Dependiente,Formal,58,3775000.0,0.166,4.8,Dependiente,12,4005000.0,136,2,0,1,5037000.0,3069000.0,0.609,3069000.0,0.068,Pago superior al mínimo,691000.0,1,8.1,1,Poor
33,Dependiente,Informal,18,3853000.0,0.145,1.5,Sin cotizacion,0,0.0,117,3,2,0,0.0,0.0,0.0,7677000.0,0.166,No aplica,0.0,0,0.0,0,Standard
57,Cuenta propia,Formal,108,2811000.0,0.389,9.0,Independiente,10,1274000.0,409,3,1,1,4506000.0,2271000.0,0.504,6517000.0,0.193,Pago total,2070000.0,1,5.0,1,Good
38,Cuenta propia,Formal,41,2565000.0,0.099,3.4,Independiente,11,1007000.0,166,3,2,1,2252000.0,1154000.0,0.512,7184000.0,0.233,Pago superior al mínimo,261000.0,0,0.0,1,Good
37,Independiente,Informal,47,2006000.0,0.406,3.9,Sin cotizacion,0,0.0,197,3,1,0,0.0,0.0,0.0,5001000.0,0.208,No aplica,0.0,2,6.4,0,Standard
50,Dependiente,Formal,49,3595000.0,0.025,4.1,Dependiente,12,3542000.0,333,2,0,1,2092000.0,1199000.0,0.573,1199000.0,0.028,Pago superior al mínimo,244000.0,2,1.6,0,Poor
44,Dependiente,Formal,85,2492000.0,0.216,7.1,Dependiente,12,2457000.0,187,3,0,1,7265000.0,3729000.0,0.513,3729000.0,0.125,Pago superior al mínimo,1574000.0,4,58.4,1,Poor
52,Independiente,Informal,35,5545000.0,0.236,2.9,Sin cotizacion,0,0.0,117,4,0,1,9671000.0,6435000.0,0.665,6435000.0,0.097,Pago superior al mínimo,2172000.0,1,18.8,1,Standard
21,Dependiente,Formal,36,1354000.0,0.161,3.0,Dependiente,10,1361000.0,17,2,1,0,0.0,0.0,0.0,4482000.0,0.276,No aplica,0.0,0,0.0,4,Standard
55,Independiente,Formal,54,8290000.0,0.337,4.5,Independiente,12,2927000.0,213,3,1,1,24248000.0,11150000.0,0.46,58248000.0,0.586,Pago mínimo,604000.0,0,0.0,0,Standard
35,Dependiente,Informal,38,1105000.0,0.24,3.2,Sin cotizacion,0,0.0,147,1,1,0,0.0,0.0,0.0,2858000.0,0.216,No aplica,0.0,1,5.8,0,Standard
54,Cuenta propia,Informal,35,4532000.0,0.368,2.9,Sin cotizacion,0,0.0,180,4,1,1,3371000.0,1658000.0,0.492,22050000.0,0.405,Pago superior al mínimo,629000.0,0,0.0,2,Poor
49,Dependiente,Formal,46,3403000.0,0.103,3.8,Dependiente,5,3218000.0,181,2,0,1,4749000.0,3972000.0,0.836,3972000.0,0.097,Pago superior al mínimo,810000.0,1,8.3,0,Good
31,Independiente,Informal,61,978000.0,0.163,5.1,Sin cotizacion,0,0.0,134,1,0,0,0.0,0.0,0.0,0.0,0.0,No aplica,0.0,0,0.0,0,Good
25,Dependiente,Formal,84,4044000.0,0.018,7.0,Dependiente,12,3677000.0,37,3,1,0,0.0,0.0,0.0,10266000.0,0.212,No aplica,0.0,0,0.0,0,Standard
37,Independiente,Formal,38,7220000.0,0.32,3.2,Independiente,7,2882000.0,144,3,0,1,13617000.0,3435000.0,0.252,3435000.0,0.04,Pago total,2972000.0,0,0.0,1,Poor
23,Dependiente,Formal,41,2496000.0,0.198,3.4,Dependiente,10,2700000.0,36,2,1,1,5192000.0,1045000.0,0.201,3098000.0,0.103,Pago total,872000.0,0,0.0,0,Good
49,Independiente,Formal,21,7045000.0,0.363,1.8,Independiente,12,2257000.0,278,4,0,0,0.0,0.0,0.0,0.0,0.0,No aplica,0.0,0,0.0,0,Good
47,Independiente,Informal,49,525000.0,0.4,4.1,Sin cotizacion,0,0.0,235,1,1,1,1304000.0,246000.0,0.189,1324000.0,0.21,Pago superior al mínimo,78000.0,0,0.0,1,Good
26,Independiente,Informal,24,863000.0,0.358,2.0,Sin cotizacion,0,0.0,23,1,0,0,0.0,0.0,0.0,0.0,0.0,No aplica,0.0,0,0.0,0,Poor
55,Independiente,Informal,29,7750000.0,0.177,2.4,Sin cotizacion,0,0.0,365,3,1,1,6633000.0,3621000.0,0.546,19686000.0,0.212,Pago superior al mínimo,740000.0,0,0.0,0,Good
30,Independiente,Formal,40,3160000.0,0.45,3.3,Independiente,7,1241000.0,57,2,2,0,0.0,0.0,0.0,25272000.0,0.666,No aplica,0.0,0,0.0,1,Standard
50,Cuenta propia,Informal,29,627000.0,0.697,2.4,Sin cotizacion,0,0.0,146,2,1,1,792000.0,411000.0,0.519,1590000.0,0.211,Pago superior al mínimo,202000.0,1,4.1,0,Good
38,Dependiente,Formal,76,2636000.0,0.055,6.3,Dependiente,9,2613000.0,161,1,1,1,4800000.0,2337000.0,0.487,6478000.0,0.205,Pago superior al mínimo,571000.0,1,9.7,1,Good
20,Desempleado,No aplica,0,0.0,0.509,0.0,Sin cotizacion,0,0.0,11,1,0,0,0.0,0.0,0.0,0.0,0.0,No aplica,0.0,0,0.0,1,Standard
31,Dependiente,Formal,30,2207000.0,0.224,2.5,Dependiente,11,2194000.0,129,2,2,1,3132000.0,2009000.0,0.641,7084000.0,0.267,Pago superior al mínimo,979000.0,1,8.3,1,Standard
29,Dependiente,Formal,75,2016000.0,0.025,6.2,Dependiente,11,2117000.0,46,3,0,1,1006000.0,629000.0,0.625,629000.0,0.026,Pago mínimo,63000.0,2,13.5,2,Standard
25,Dependiente,Formal,73,1838000.0,0.262,6.1,Dependiente,4,1773000.0,24,2,1,0,0.0,0.0,0.0,3102000.0,0.141,No aplica,0.0,0,0.0,2,Good
45,Dependiente,Informal,69,2793000.0,0.085,5.8,Sin cotizacion,0,0.0,252,2,2,1,4838000.0,1235000.0,0.255,11778000.0,0.351,Pago total,1005000.0,0,0.0,1,Good
25,Cuenta propia,Informal,37,2532000.0,0.409,3.1,Sin cotizacion,0,0.0,42,2,0,0,0.0,0.0,0.0,0.0,0.0,No aplica,0.0,0,0.0,0,Standard
37,Independiente,Formal,37,1828000.0,0.289,3.1,Independiente,9,589000.0,47,2,0,0,0.0,0.0,0.0,0.0,0.0,No aplica,0.0,0,0.0,0,Good
44,Cuenta propia,Informal,15,3096000.0,0.629,1.2,Sin cotizacion,0,0.0,273,4,1,1,4927000.0,2753000.0,0.559,11877000.0,0.32,Pago total,2687000.0,0,0.0,2,Poor
55,Independiente,Formal,73,8160000.0,0.362,6.1,Independiente,9,3090000.0,228,6,0,1,8582000.0,3510000.0,0.409,3510000.0,0.036,Pago superior al mínimo,1138000.0,1,9.2,1,Poor
27,Dependiente,Formal,54,1118000.0,0.125,4.5,Dependiente,9,1088000.0,74,2,1,0,0.0,0.0,0.0,1316000.0,0.098,No aplica,0.0,0,0.0,1,Standard
47,Dependiente,Formal,93,8031000.0,0.346,7.8,Dependiente,11,7314000.0,137,4,1,1,11427000.0,8073000.0,0.706,81602000.0,0.847,Pago mínimo,522000.0,3,30.1,0,Poor
41,Dependiente,Formal,29,5108000.0,0.148,2.4,Dependiente,8,5158000.0,207,3,0,1,2617000.0,1362000.0,0.52,1362000.0,0.022,Pago superior al mínimo,383000.0,0,0.0,3,Good
50,Dependiente,Formal,99,6135000.0,0.103,8.2,Dependiente,9,5844000.0,207,4,2,0,0.0,0.0,0.0,13634000.0,0.185,No aplica,0.0,1,4.1,1,Good
53,Dependiente,Formal,71,2520000.0,0.091,5.9,Dependiente,11,2512000.0,267,2,0,1,7070000.0,5702000.0,0.807,5702000.0,0.189,Pago superior al mínimo,1642000.0,1,11.6,2,Standard
43,Dependiente,Formal,128,5415000.0,0.204,10.7,Dependiente,12,5336000.0,77,3,0,1,7242000.0,2246000.0,0.31,2246000.0,0.035,Pago total,2070000.0,1,10.5,1,Standard
38,Independiente,Informal,27,5232000.0,0.231,2.2,Sin cotizacion,0,0.0,149,2,0,1,4886000.0,3006000.0,0.615,3006000.0,0.048,Pago superior al mínimo,1478000.0,0,0.0,0,Good
40,Independiente,Formal,38,2667000.0,0.262,3.2,Independiente,10,952000.0,195,1,0,1,7693000.0,6936000.0,0.902,6936000.0,0.217,Pago mínimo,476000.0,2,8.3,0,Poor
30,Desempleado,No aplica,0,0.0,0.562,0.0,Sin cotizacion,0,0.0,32,1,0,0,0.0,0.0,0.0,0.0,0.0,No aplica,0.0,0,0.0,1,Poor
24,Cuenta propia,Informal,13,3076000.0,0.416,1.1,Sin cotizacion,0,0.0,17,3,1,1,1925000.0,1190000.0,0.618,3869000.0,0.105,Pago superior al mínimo,314000.0,0,0.0,1,Good
25,Independiente,Formal,78,7564000.0,0.271,6.5,Independiente,4,3295000.0,59,2,0,1,7770000.0,5575000.0,0.718,5575000.0,0.061,Pago mínimo,819000.0,1,14.8,2,Poor
47,Dependiente,Formal,32,3340000.0,0.036,2.7,Dependiente,11,3302000.0,135,4,0,1,7706000.0,3535000.0,0.459,3535000.0,0.088,Pago total,2983000.0,0,0.0,0,Standard
33,Independiente,Formal,172,4808000.0,0.145,14.3,Independiente,12,1934000.0,125,3,1,0,0.0,0.0,0.0,13396000.0,0.232,No aplica,0.0,0,0.0,2,Poor
36,Cuenta propia,Informal,27,1165000.0,0.686,2.2,Sin cotizacion,0,0.0,95,1,0,0,0.0,0.0,0.0,0.0,0.0,No aplica,0.0,0,0.0,0,Standard
39,Dependiente,Formal,135,2711000.0,0.154,11.2,Dependiente,11,2775000.0,63,3,1,1,2289000.0,1311000.0,0.573,3673000.0,0.113,Pago total,1109000.0,0,0.0,1,Standard
43,Dependiente,Formal,24,3417000.0,0.303,2.0,Dependiente,10,3456000.0,262,2,0,0,0.0,0.0,0.0,0.0,0.0,No aplica,0.0,0,0.0,0,Good
42,Cuenta propia,Informal,2,1241000.0,0.594,0.2,Sin cotizacion,0,0.0,220,1,0,0,0.0,0.0,0.0,0.0,0.0,No aplica,0.0,0,0.0,0,Good
45,Dependiente,Informal,17,4113000.0,0.063,1.4,Sin cotizacion,0,0.0,128,3,0,1,4044000.0,2780000.0,0.687,2780000.0,0.056,Pago superior al mínimo,1383000.0,2,4.8,1,Poor
42,Independiente,Informal,39,1009000.0,0.332,3.2,Sin cotizacion,0,0.0,27,1,0,1,1364000.0,717000.0,0.526,717000.0,0.059,Pago superior al mínimo,284000.0,0,0.0,0,Poor
26,Independiente,Informal,32,2504000.0,0.454,2.7,Sin cotizacion,0,0.0,51,3,1,0,0.0,0.0,0.0,5092000.0,0.169,No aplica,0.0,1,4.3,1,Poor
32,Dependiente,Formal,47,3590000.0,0.16,3.9,Dependiente,12,3611000.0,142,2,1,0,0.0,0.0,0.0,4577000.0,0.106,No aplica,0.0,0,0.0,3,Good
20,Dependiente,Formal,24,1295000.0,0.239,2.0,Dependiente,11,1252000.0,10,1,1,1,2219000.0,562000.0,0.253,4520000.0,0.291,Pago superior al mínimo,164000.0,1,10.7,2,Standard
49,Dependiente,Formal,57,3272000.0,0.087,4.8,Dependiente,12,3126000.0,108,2,1,1,4275000.0,980000.0,0.229,8218000.0,0.209,Pago total,831000.0,1,7.9,1,Standard
50,Dependiente,Formal,33,4477000.0,0.067,2.8,Dependiente,11,4505000.0,286,2,2,1,6657000.0,5874000.0,0.882,43502000.0,0.81,Pago irregular,225000.0,3,21.2,1,Poor
32,Dependiente,Formal,145,4102000.0,0.245,12.1,Dependiente,9,3944000.0,124,4,0,1,5602000.0,3299000.0,0.589,3299000.0,0.067,Pago mínimo,271000.0,4,28.0,1,Good
42,Cuenta propia,Informal,2,1888000.0,0.377,0.2,Sin cotizacion,0,0.0,167,4,3,1,2413000.0,725000.0,0.3,15645000.0,0.691,Pago mínimo,37000.0,1,3.2,2,Poor
44,Dependiente,Formal,74,5205000.0,0.067,6.2,Dependiente,9,5370000.0,147,4,1,1,6425000.0,1919000.0,0.299,12657000.0,0.203,Pago superior al mínimo,424000.0,2,7.7,0,Standard
48,Dependiente,Informal,31,2571000.0,0.254,2.6,Sin cotizacion,0,0.0,167,2,0,1,3168000.0,1230000.0,0.388,1230000.0,0.04,Pago total,1117000.0,0,0.0,0,Standard
51,Dependiente,Formal,68,4015000.0,0.102,5.7,Dependiente,11,3994000.0,106,5,1,0,0.0,0.0,0.0,9172000.0,0.19,No aplica,0.0,0,0.0,2,Good
56,Pensionado,No aplica,263,2800000.0,0.032,21.9,Pensionado,12,2854000.0,279,3,1,1,3298000.0,1863000.0,0.565,4846000.0,0.144,Pago total,1588000.0,0,0.0,0,Standard
24,Dependiente,Formal,36,4671000.0,0.161,3.0,Dependiente,10,4487000.0,27,4,3,1,2498000.0,588000.0,0.235,18376000.0,0.328,Pago superior al mínimo,284000.0,2,9.2,5,Standard
53,Dependiente,Formal,34,2944000.0,0.117,2.8,Dependiente,10,2810000.0,191,3,1,0,0.0,0.0,0.0,6790000.0,0.192,No aplica,0.0,1,7.8,1,Good
49,Cuenta propia,Formal,109,1643000.0,0.345,9.1,Independiente,2,768000.0,104,3,0,1,4931000.0,2898000.0,0.588,2898000.0,0.147,Pago total,2721000.0,0,0.0,0,Poor
38,Cuenta propia,Formal,89,1309000.0,0.793,7.4,Independiente,12,516000.0,132,2,0,1,988000.0,278000.0,0.281,278000.0,0.018,Pago total,277000.0,1,4.1,0,Good
40,Dependiente,Formal,131,3174000.0,0.258,10.9,Dependiente,12,3290000.0,166,2,1,1,3192000.0,685000.0,0.215,10028000.0,0.263,Pago superior al mínimo,302000.0,0,0.0,0,Poor
55,Desempleado,No aplica,0,0.0,0.912,0.0,Sin cotizacion,0,0.0,9,1,0,0,0.0,0.0,0.0,0.0,0.0,No aplica,0.0,0,0.0,0,Standard
51,Dependiente,Formal,59,7581000.0,0.165,4.9,Dependiente,10,7153000.0,98,5,1,1,16939000.0,2096000.0,0.124,14368000.0,0.158,Pago total,1808000.0,0,0.0,3,Good
24,Dependiente,Formal,58,5493000.0,0.088,4.8,Dependiente,11,5431000.0,35,2,2,1,16775000.0,7387000.0,0.44,26522000.0,0.402,Pago total,7010000.0,0,0.0,0,Standard
40,Dependiente,Formal,104,5369000.0,0.074,8.7,Dependiente,8,5649000.0,195,2,0,1,11471000.0,652000.0,0.057,652000.0,0.01,Pago total,582000.0,0,0.0,2,Good
50,Dependiente,Formal,122,3366000.0,0.076,10.2,Dependiente,11,3155000.0,271,2,1,0,0.0,0.0,0.0,5211000.0,0.129,No aplica,0.0,0,0.0,0,Good
45,Independiente,Formal,33,2836000.0,0.167,2.8,Independiente,9,1361000.0,115,2,1,1,4860000.0,1700000.0,0.35,8944000.0,0.263,Pago superior al mínimo,602000.0,2,4.1,0,Poor
46,Dependiente,Formal,167,3043000.0,0.387,13.9,Dependiente,11,3068000.0,183,2,2,1,4592000.0,1723000.0,0.375,13926000.0,0.381,Pago superior al mínimo,618000.0,0,0.0,1,Standard
41,Dependiente,Formal,51,2077000.0,0.483,4.2,Dependiente,10,2009000.0,186,3,1,0,0.0,0.0,0.0,6212000.0,0.249,No aplica,0.0,5,6.1,1,Standard
37,Independiente,Informal,35,4741000.0,0.238,2.9,Sin cotizacion,0,0.0,140,4,1,1,5344000.0,2054000.0,0.384,8401000.0,0.148,Pago mínimo,243000.0,1,5.6,3,Good
45,Independiente,Formal,88,8034000.0,0.335,7.3,Independiente,9,3327000.0,153,2,1,1,13909000.0,5630000.0,0.405,21140000.0,0.219,Pago superior al mínimo,1736000.0,2,13.1,1,Good
47,Dependiente,Formal,111,3320000.0,0.035,9.2,Dependiente,9,3467000.0,197,2,0,0,0.0,0.0,0.0,0.0,0.0,No aplica,0.0,0,0.0,0,Standard
50,Independiente,Informal,48,2020000.0,0.775,4.0,Sin cotizacion,0,0.0,270,2,0,1,4319000.0,1714000.0,0.397,1714000.0,0.071,Pago mínimo,220000.0,1,3.1,2,Poor
35,Dependiente,Formal,69,2553000.0,0.047,5.8,Dependiente,6,2469000.0,66,2,1,1,5280000.0,2066000.0,0.391,15699000.0,0.512,Pago total,1725000.0,0,0.0,0,Poor
38,Independiente,Formal,95,2977000.0,0.268,7.9,Independiente,12,1110000.0,128,3,2,1,6380000.0,4429000.0,0.694,49177000.0,1.377,Pago mínimo,380000.0,1,5.4,3,Poor
34,Independiente,Formal,54,2370000.0,0.518,4.5,Independiente,2,972000.0,87,3,2,1,2448000.0,605000.0,0.247,8739000.0,0.307,Pago superior al mínimo,244000.0,1,8.3,2,Poor
30,Desempleado,No aplica,0,826000.0,0.653,0.0,Sin cotizacion,0,0.0,78,1,0,1,1090000.0,144000.0,0.132,144000.0,0.015,Pago total,140000.0,0,0.0,0,Poor
22,Dependiente,Informal,20,2505000.0,0.325,1.7,Sin cotizacion,0,0.0,23,1,0,1,1415000.0,667000.0,0.471,667000.0,0.022,Pago mínimo,90000.0,2,0.9,0,Poor
63,Dependiente,Formal,68,7481000.0,0.04,5.7,Dependiente,9,7620000.0,513,5,1,0,0.0,0.0,0.0,35190000.0,0.392,No aplica,0.0,1,6.7,2,Good
33,Dependiente,Formal,119,4941000.0,0.047,9.9,Dependiente,10,4902000.0,115,3,1,0,0.0,0.0,0.0,22529000.0,0.38,No aplica,0.0,1,5.2,1,Standard
54,Dependiente,Formal,87,4973000.0,0.124,7.2,Dependiente,9,5053000.0,278,3,0,1,11756000.0,4199000.0,0.357,4199000.0,0.07,Pago total,3642000.0,1,10.9,6,Standard
36,Dependiente,Formal,52,1459000.0,0.107,4.3,Dependiente,11,1509000.0,121,2,1,0,0.0,0.0,0.0,4972000.0,0.284,No aplica,0.0,0,0.0,0,Standard
39,Cuenta propia,Informal,28,2881000.0,0.429,2.3,Sin cotizacion,0,0.0,53,4,1,1,3618000.0,742000.0,0.205,2558000.0,0.074,Pago total,656000.0,0,0.0,3,Poor
27,Dependiente,Informal,55,5633000.0,0.204,4.6,Sin cotizacion,0,0.0,65,2,0,1,3300000.0,2339000.0,0.709,2339000.0,0.035,Pago superior al mínimo,652000.0,1,7.0,0,Poor
19,Dependiente,Formal,12,745000.0,0.1,1.0,Dependiente,10,750000.0,2,1,1,1,1086000.0,282000.0,0.26,874000.0,0.098,Pago total,261000.0,0,0.0,0,Good
39,Independiente,Informal,33,4508000.0,0.413,2.8,Sin cotizacion,0,0.0,105,2,0,0,0.0,0.0,0.0,0.0,0.0,No aplica,0.0,0,0.0,0,Poor
42,Dependiente,Formal,72,3502000.0,0.211,6.0,Dependiente,9,3405000.0,128,3,0,0,0.0,0.0,0.0,0.0,0.0,No aplica,0.0,0,0.0,3,Good
25,Cuenta propia,Informal,12,995000.0,0.492,1.0,Sin cotizacion,0,0.0,18,1,1,0,0.0,0.0,0.0,1432000.0,0.12,No aplica,0.0,2,9.5,0,Good
25,Dependiente,Formal,22,4469000.0,0.23,1.8,Dependiente,7,4465000.0,63,3,1,0,0.0,0.0,0.0,6460000.0,0.12,No aplica,0.0,1,9.4,4,Good
48,Dependiente,Formal,113,8612000.0,0.068,9.4,Dependiente,8,9217000.0,43,5,1,1,18644000.0,7355000.0,0.394,16869000.0,0.163,Pago total,6434000.0,0,0.0,2,Standard
36,Dependiente,Informal,31,3704000.0,0.231,2.6,Sin cotizacion,0,0.0,177,3,0,1,4642000.0,2297000.0,0.495,2297000.0,0.052,Pago superior al mínimo,1099000.0,2,7.1,2,Standard
27,Dependiente,Formal,73,2701000.0,0.094,6.1,Dependiente,10,2737000.0,37,2,1,1,4353000.0,2929000.0,0.673,10683000.0,0.33,Pago mínimo,249000.0,4,25.6,4,Poor
60,Pensionado,No aplica,158,1635000.0,0.168,13.2,Pensionado,12,1696000.0,283,3,0,0,0.0,0.0,0.0,0.0,0.0,No aplica,0.0,0,0.0,1,Good
28,Dependiente,Formal,120,3447000.0,0.018,10.0,Dependiente,12,3376000.0,44,4,2,1,3560000.0,1100000.0,0.309,21621000.0,0.523,Pago total,1029000.0,0,0.0,1,Good
37,Dependiente,Informal,21,3951000.0,0.03,1.8,Sin cotizacion,0,0.0,173,1,0,0,0.0,0.0,0.0,0.0,0.0,No aplica,0.0,0,0.0,0,Good
35,Dependiente,Informal,25,1933000.0,0.536,2.1,Sin cotizacion,0,0.0,77,3,1,1,1665000.0,589000.0,0.354,12976000.0,0.559,Pago mínimo,69000.0,3,51.2,1,Poor
48,Dependiente,Formal,111,3501000.0,0.059,9.2,Dependiente,7,3538000.0,199,2,0,0,0.0,0.0,0.0,0.0,0.0,No aplica,0.0,0,0.0,1,Standard
31,Cuenta propia,Informal,21,13958000.0,0.571,1.8,Sin cotizacion,0,0.0,68,3,1,1,22066000.0,6848000.0,0.31,25666000.0,0.153,Pago superior al mínimo,2384000.0,2,9.6,1,Poor
30,Dependiente,Formal,74,5372000.0,0.32,6.2,Dependiente,11,5543000.0,48,3,2,1,4795000.0,1565000.0,0.326,15640000.0,0.243,Pago superior al mínimo,323000.0,2,16.7,1,Poor
33,Independiente,Formal,30,7983000.0,0.241,2.5,Independiente,11,3671000.0,65,4,1,1,10692000.0,5437000.0,0.509,23466000.0,0.245,Pago superior al mínimo,1565000.0,2,5.4,1,Standard
52,Desempleado,No aplica,0,0.0,0.86,0.0,Sin cotizacion,0,0.0,143,2,0,1,915000.0,317000.0,0.346,317000.0,2.0,Pago mínimo,38000.0,2,13.6,0,Poor
34,Independiente,Informal,15,852000.0,0.368,1.2,Sin cotizacion,0,0.0,112,1,1,0,0.0,0.0,0.0,738000.0,0.072,No aplica,0.0,0,0.0,1,Standard
40,Cuenta propia,Informal,9,2370000.0,0.573,0.8,Sin cotizacion,0,0.0,134,4,1,1,2917000.0,2183000.0,0.748,18163000.0,0.639,Pago superior al mínimo,705000.0,0,0.0,2,Standard
46,Dependiente,Formal,69,2336000.0,0.097,5.8,Dependiente,9,2451000.0,125,3,0,0,0.0,0.0,0.0,0.0,0.0,No aplica,0.0,0,0.0,1,Poor
35,Dependiente,Formal,71,4219000.0,0.184,5.9,Dependiente,11,4030000.0,106,3,0,1,7777000.0,1823000.0,0.234,1823000.0,0.036,Pago total,1484000.0,0,0.0,1,Standard
35,Dependiente,Formal,74,2374000.0,0.125,6.2,Dependiente,11,2483000.0,159,3,0,1,1717000.0,1348000.0,0.785,1348000.0,0.047,Pago superior al mínimo,633000.0,3,3.7,0,Poor
33,Independiente,Informal,25,821000.0,0.169,2.1,Sin cotizacion,0,0.0,50,1,0,0,0.0,0.0,0.0,0.0,0.0,No aplica,0.0,0,0.0,0,Good
38,Desempleado,No aplica,0,369000.0,0.763,0.0,Sin cotizacion,0,0.0,171,1,0,1,500000.0,189000.0,0.378,189000.0,0.043,Pago superior al mínimo,71000.0,1,4.1,0,Standard
56,Dependiente,Formal,59,8904000.0,0.131,4.9,Dependiente,11,9504000.0,347,3,2,1,8023000.0,5265000.0,0.656,33493000.0,0.313,Pago superior al mínimo,1183000.0,1,12.2,0,Poor
43,Independiente,Formal,46,4188000.0,0.065,3.8,Independiente,12,1579000.0,193,3,0,1,8757000.0,2718000.0,0.31,2718000.0,0.054,Pago superior al mínimo,581000.0,1,10.1,1,Good
37,Dependiente,Formal,54,11454000.0,0.297,4.5,Dependiente,10,11044000.0,127,6,1,1,14929000.0,5029000.0,0.337,26784000.0,0.195,Pago superior al mínimo,1150000.0,2,3.5,1,Standard
33,Independiente,Informal,11,2809000.0,0.293,0.9,Sin cotizacion,0,0.0,81,2,1,1,3532000.0,1311000.0,0.371,7449000.0,0.221,Pago superior al mínimo,655000.0,0,0.0,0,Standard
54,Dependiente,Formal,79,5171000.0,0.308,6.6,Dependiente,9,5166000.0,354,3,1,1,6181000.0,3267000.0,0.529,12661000.0,0.204,Pago mínimo,256000.0,4,13.5,2,Standard
38,Desempleado,No aplica,0,1944000.0,0.721,0.0,Sin cotizacion,0,0.0,187,3,2,0,0.0,0.0,0.0,6501000.0,0.279,No aplica,0.0,3,8.6,2,Standard
29,Independiente,Formal,97,7771000.0,0.076,8.1,Independiente,9,3164000.0,47,5,3,1,7652000.0,4165000.0,0.544,150000000.0,1.609,Pago mínimo,501000.0,4,8.7,1,Poor
44,Dependiente,Informal,27,932000.0,0.259,2.2,Sin cotizacion,0,0.0,230,1,0,0,0.0,0.0,0.0,0.0,0.0,No aplica,0.0,0,0.0,0,Good
36,Dependiente,Informal,26,2123000.0,0.442,2.2,Sin cotizacion,0,0.0,54,3,1,0,0.0,0.0,0.0,4491000.0,0.176,No aplica,0.0,1,15.5,2,Standard
44,Dependiente,Formal,69,2809000.0,0.181,5.8,Dependiente,6,2770000.0,217,2,1,0,0.0,0.0,0.0,7686000.0,0.228,No aplica,0.0,1,5.4,1,Poor
41,Dependiente,Formal,130,6308000.0,0.068,10.8,Dependiente,10,6009000.0,176,3,1,0,0.0,0.0,0.0,9151000.0,0.121,No aplica,0.0,0,0.0,0,Standard
62,Independiente,Formal,63,3612000.0,0.397,5.2,Independiente,12,1658000.0,264,2,0,0,0.0,0.0,0.0,0.0,0.0,No aplica,0.0,0,0.0,0,Good
45,Cuenta propia,Informal,30,7651000.0,0.721,2.5,Sin cotizacion,0,0.0,55,2,1,1,4829000.0,2848000.0,0.59,25679000.0,0.28,Pago mínimo,190000.0,2,7.1,0,Poor
53,Independiente,Formal,199,4711000.0,0.3,16.6,Independiente,9,1722000.0,187,5,1,0,0.0,0.0,0.0,9616000.0,0.17,No aplica,0.0,2,2.6,1,Poor
36,Dependiente,Informal,26,2381000.0,0.26,2.2,Sin cotizacion,0,0.0,152,3,0,1,2694000.0,1152000.0,0.428,1152000.0,0.04,Pago total,982000.0,0,0.0,0,Poor
47,Dependiente,Formal,78,3333000.0,0.273,6.5,Dependiente,10,3265000.0,83,3,0,0,0.0,0.0,0.0,0.0,0.0,No aplica,0.0,0,0.0,1,Standard
43,Cuenta propia,Formal,77,1933000.0,0.151,6.4,Independiente,7,782000.0,101,2,1,0,0.0,0.0,0.0,4546000.0,0.196,No aplica,0.0,0,0.0,1,Standard
36,Independiente,Informal,23,3185000.0,0.29,1.9,Sin cotizacion,0,0.0,100,1,0,0,0.0,0.0,0.0,0.0,0.0,No aplica,0.0,0,0.0,1,Good
30,Dependiente,Informal,39,2181000.0,0.028,3.2,Sin cotizacion,0,0.0,71,3,1,1,4308000.0,2969000.0,0.689,8919000.0,0.341,Pago superior al mínimo,600000.0,0,0.0,1,Poor
43,Independiente,Formal,28,3105000.0,0.458,2.3,Independiente,7,1059000.0,174,1,1,1,3149000.0,1135000.0,0.36,12156000.0,0.326,Pago superior al mínimo,519000.0,0,0.0,1,Good
40,Dependiente,Formal,60,3071000.0,0.241,5.0,Dependiente,9,2881000.0,136,2,0,0,0.0,0.0,0.0,0.0,0.0,No aplica,0.0,0,0.0,0,Poor
35,Dependiente,Formal,40,7933000.0,0.271,3.3,Dependiente,12,7796000.0,181,2,1,1,13294000.0,7290000.0,0.548,32292000.0,0.339,Pago mínimo,1087000.0,2,21.3,3,Poor
65,Cuenta propia,Informal,40,9351000.0,0.305,3.3,Sin cotizacion,0,0.0,296,4,1,1,6324000.0,1968000.0,0.311,20391000.0,0.182,Pago total,1723000.0,1,8.6,0,Poor
24,Dependiente,Formal,26,2490000.0,0.239,2.2,Dependiente,12,2572000.0,39,1,1,1,6127000.0,4047000.0,0.661,9046000.0,0.303,Pago mínimo,288000.0,1,3.5,0,Poor
42,Dependiente,Formal,91,5512000.0,0.23,7.6,Dependiente,11,5553000.0,104,2,0,1,15073000.0,2476000.0,0.164,2476000.0,0.037,Pago total,2062000.0,2,4.4,2,Good
38,Cuenta propia,Informal,2,1171000.0,0.42,0.2,Sin cotizacion,0,0.0,143,1,1,0,0.0,0.0,0.0,1136000.0,0.081,No aplica,0.0,0,0.0,0,Good
43,Cuenta propia,Informal,38,1750000.0,0.217,3.2,Sin cotizacion,0,0.0,214,2,2,1,2904000.0,1940000.0,0.668,8188000.0,0.39,Pago total,1653000.0,0,0.0,2,Good
55,Cuenta propia,Formal,36,1079000.0,0.387,3.0,Independiente,4,345000.0,329,1,0,0,0.0,0.0,0.0,0.0,0.0,No aplica,0.0,0,0.0,0,Good
44,Dependiente,Formal,47,6073000.0,0.261,3.9,Dependiente,12,6411000.0,120,2,0,1,8306000.0,3530000.0,0.425,3530000.0,0.048,Pago total,3095000.0,1,13.7,0,Standard
42,Dependiente,Formal,58,4679000.0,0.19,4.8,Dependiente,12,4828000.0,124,2,1,1,4061000.0,1583000.0,0.39,11621000.0,0.207,Pago superior al mínimo,660000.0,0,0.0,1,Standard
34,Independiente,Informal,75,4229000.0,0.19,6.2,Sin cotizacion,0,0.0,143,2,1,1,2221000.0,1685000.0,0.759,17033000.0,0.336,Pago mínimo,204000.0,0,0.0,0,Poor
33,Dependiente,Formal,36,5101000.0,0.224,3.0,Dependiente,12,5140000.0,157,4,3,1,8346000.0,3302000.0,0.396,9869000.0,0.161,Pago total,2981000.0,0,0.0,1,Standard
50,Dependiente,Formal,65,2698000.0,0.043,5.4,Dependiente,11,2716000.0,195,1,1,1,5891000.0,3203000.0,0.544,9800000.0,0.303,Pago mínimo,287000.0,1,5.2,0,Good
31,Dependiente,Formal,116,2890000.0,0.212,9.7,Dependiente,11,2968000.0,73,3,1,1,3466000.0,1033000.0,0.298,4530000.0,0.131,Pago superior al mínimo,365000.0,2,5.1,2,Poor
64,Pensionado,No aplica,185,3055000.0,0.154,15.4,Pensionado,12,3268000.0,242,3,1,1,4366000.0,2255000.0,0.516,12376000.0,0.338,Pago superior al mínimo,832000.0,4,17.6,1,Poor
59,Independiente,Informal,42,2269000.0,0.501,3.5,Sin cotizacion,0,0.0,465,3,1,1,1898000.0,930000.0,0.49,11696000.0,0.43,Pago superior al mínimo,358000.0,0,0.0,1,Standard
39,Dependiente,Formal,108,3764000.0,0.147,9.0,Dependiente,11,3897000.0,82,3,2,1,5844000.0,2454000.0,0.42,17045000.0,0.377,Pago total,2283000.0,1,2.5,3,Poor
27,Cuenta propia,Informal,19,1056000.0,0.143,1.6,Sin cotizacion,0,0.0,26,2,1,1,2169000.0,627000.0,0.289,5994000.0,0.473,Pago total,583000.0,1,7.2,1,Standard
39,Dependiente,Formal,50,6636000.0,0.008,4.2,Dependiente,4,6715000.0,245,4,1,1,11170000.0,5418000.0,0.485,28751000.0,0.361,Pago superior al mínimo,1425000.0,2,7.6,1,Standard
33,Dependiente,Formal,35,5217000.0,0.073,2.9,Dependiente,11,4961000.0,47,4,0,1,4599000.0,3169000.0,0.689,3169000.0,0.051,Pago superior al mínimo,1091000.0,0,0.0,1,Poor
50,Dependiente,Formal,117,6962000.0,0.113,9.8,Dependiente,11,7008000.0,197,3,0,1,7169000.0,1374000.0,0.192,1374000.0,0.016,Pago total,1191000.0,0,0.0,1,Standard
24,Dependiente,Informal,72,3026000.0,0.335,6.0,Sin cotizacion,0,0.0,58,3,0,0,0.0,0.0,0.0,0.0,0.0,No aplica,0.0,0,0.0,4,Standard
27,Independiente,Informal,10,1035000.0,0.471,0.8,Sin cotizacion,0,0.0,50,2,1,0,0.0,0.0,0.0,2266000.0,0.182,No aplica,0.0,1,14.8,0,Good
44,Dependiente,Formal,75,3093000.0,0.284,6.2,Dependiente,12,3189000.0,187,1,0,1,5493000.0,1869000.0,0.34,1869000.0,0.05,Pago superior al mínimo,707000.0,4,20.2,1,Poor
57,Dependiente,Formal,47,2910000.0,0.037,3.9,Dependiente,11,2897000.0,297,3,1,1,2907000.0,1706000.0,0.587,3759000.0,0.108,Pago total,1535000.0,0,0.0,2,Good
38,Cuenta propia,Formal,48,1746000.0,0.594,4.0,Independiente,11,662000.0,171,3,2,1,5073000.0,2078000.0,0.41,11047000.0,0.527,Pago mínimo,145000.0,1,4.1,1,Good
45,Cuenta propia,Informal,44,4705000.0,0.519,3.7,Sin cotizacion,0,0.0,171,3,1,1,17267000.0,7736000.0,0.448,13228000.0,0.234,Pago superior al mínimo,3125000.0,1,10.1,1,Good
29,Cuenta propia,Informal,31,675000.0,0.543,2.6,Sin cotizacion,0,0.0,54,1,0,1,776000.0,543000.0,0.7,543000.0,0.067,Pago mínimo,28000.0,3,11.4,1,Poor
52,Dependiente,Informal,41,1980000.0,0.354,3.4,Sin cotizacion,0,0.0,302,2,1,0,0.0,0.0,0.0,617000.0,0.026,No aplica,0.0,0,0.0,2,Standard
21,Independiente,Informal,36,1625000.0,0.324,3.0,Sin cotizacion,0,0.0,17,3,1,1,7186000.0,595000.0,0.083,2185000.0,0.112,Pago superior al mínimo,175000.0,1,16.9,1,Good
43,Desempleado,No aplica,0,0.0,0.48,0.0,Sin cotizacion,0,0.0,49,1,0,0,0.0,0.0,0.0,0.0,0.0,No aplica,0.0,0,0.0,0,Good
43,Cuenta propia,Informal,37,2276000.0,0.369,3.1,Sin cotizacion,0,0.0,128,3,0,1,2990000.0,1815000.0,0.607,1815000.0,0.066,Pago superior al mínimo,790000.0,1,3.1,1,Standard
39,Dependiente,Formal,89,4494000.0,0.146,7.4,Dependiente,11,4594000.0,144,3,0,1,9711000.0,2356000.0,0.243,2356000.0,0.044,Pago superior al mínimo,1013000.0,1,8.8,2,Good
27,Dependiente,Formal,106,3804000.0,0.149,8.8,Dependiente,7,3654000.0,74,2,0,1,5631000.0,1800000.0,0.32,1800000.0,0.039,Pago total,1782000.0,1,2.9,1,Good
36,Dependiente,Formal,44,3001000.0,0.068,3.7,Dependiente,12,3105000.0,90,3,2,0,0.0,0.0,0.0,28839000.0,0.801,No aplica,0.0,0,0.0,1,Poor
21,Desempleado,No aplica,0,0.0,0.913,0.0,Sin cotizacion,0,0.0,8,1,0,0,0.0,0.0,0.0,0.0,0.0,No aplica,0.0,0,0.0,1,Standard
24,Dependiente,Formal,72,2720000.0,0.042,6.0,Dependiente,11,2673000.0,58,3,1,1,3629000.0,1555000.0,0.428,7472000.0,0.229,Pago superior al mínimo,585000.0,1,7.8,1,Good
61,Independiente,Formal,48,5943000.0,0.408,4.0,Independiente,11,1902000.0,285,5,2,1,4225000.0,1496000.0,0.354,54286000.0,0.761,Pago superior al mínimo,514000.0,0,0.0,1,Standard
38,Dependiente,Formal,32,3802000.0,0.077,2.7,Dependiente,10,3733000.0,210,2,0,1,4534000.0,1506000.0,0.332,1506000.0,0.033,Pago superior al mínimo,602000.0,2,7.2,1,Poor
39,Independiente,Formal,80,804000.0,0.314,6.7,Independiente,12,320000.0,168,3,1,0,0.0,0.0,0.0,4476000.0,0.464,No aplica,0.0,2,6.6,1,Good
32,Cuenta propia,Formal,34,717000.0,0.497,2.8,Independiente,9,303000.0,41,2,1,0,0.0,0.0,0.0,1717000.0,0.2,No aplica,0.0,2,9.6,0,Poor
29,Dependiente,Formal,29,3884000.0,0.185,2.4,Dependiente,11,3952000.0,59,2,0,1,11150000.0,1915000.0,0.172,1915000.0,0.041,Pago total,1856000.0,0,0.0,0,Standard
43,Cuenta propia,Informal,31,2787000.0,0.475,2.6,Sin cotizacion,0,0.0,199,2,0,1,4623000.0,2615000.0,0.566,2615000.0,0.078,Pago mínimo,288000.0,1,7.5,0,Standard
40,Desempleado,No aplica,0,867000.0,0.78,0.0,Sin cotizacion,0,0.0,184,2,1,0,0.0,0.0,0.0,1191000.0,0.114,No aplica,0.0,2,2.6,0,Good
49,Dependiente,Formal,60,3545000.0,0.165,5.0,Dependiente,12,3362000.0,163,3,1,1,4705000.0,2954000.0,0.628,6526000.0,0.153,Pago total,2803000.0,0,0.0,0,Poor
43,Dependiente,Formal,125,7376000.0,0.583,10.4,Dependiente,12,7412000.0,241,3,1,1,9442000.0,4848000.0,0.513,19007000.0,0.215,Pago superior al mínimo,1426000.0,1,3.8,1,Standard
48,Dependiente,Formal,34,1303000.0,0.195,2.8,Dependiente,11,1275000.0,221,1,1,0,0.0,0.0,0.0,1459000.0,0.093,No aplica,0.0,0,0.0,1,Standard
43,Cuenta propia,Informal,37,4819000.0,0.256,3.1,Sin cotizacion,0,0.0,175,4,2,1,8245000.0,1578000.0,0.191,10806000.0,0.187,Pago total,1366000.0,0,0.0,2,Standard
63,Pensionado,No aplica,136,3569000.0,0.204,11.3,Pensionado,12,3530000.0,188,2,1,0,0.0,0.0,0.0,4691000.0,0.11,No aplica,0.0,0,0.0,0,Good
36,Independiente,Informal,8,3668000.0,0.401,0.7,Sin cotizacion,0,0.0,113,2,1,0,0.0,0.0,0.0,6164000.0,0.14,No aplica,0.0,0,0.0,0,Standard
42,Cuenta propia,Informal,5,300000.0,0.222,0.4,Sin cotizacion,0,0.0,92,2,2,0,0.0,0.0,0.0,1026000.0,0.285,No aplica,0.0,0,0.0,0,Good
42,Dependiente,Formal,34,6704000.0,0.124,2.8,Dependiente,8,6436000.0,216,4,2,0,0.0,0.0,0.0,25301000.0,0.315,No aplica,0.0,3,14.6,0,Good
24,Cuenta propia,Informal,12,869000.0,0.453,1.0,Sin cotizacion,0,0.0,19,1,0,0,0.0,0.0,0.0,0.0,0.0,No aplica,0.0,0,0.0,0,Standard
30,Dependiente,Formal,19,2631000.0,0.076,1.6,Dependiente,12,2626000.0,103,3,1,0,0.0,0.0,0.0,6938000.0,0.22,No aplica,0.0,0,0.0,0,Poor
38,Dependiente,Formal,100,3343000.0,0.175,8.3,Dependiente,12,3677000.0,189,2,1,1,4387000.0,3106000.0,0.708,9050000.0,0.226,Pago mínimo,177000.0,2,12.3,1,Poor
46,Independiente,Formal,113,5638000.0,0.519,9.4,Independiente,4,2674000.0,202,4,1,1,9085000.0,3626000.0,0.399,22033000.0,0.326,Pago superior al mínimo,1018000.0,1,13.3,1,Poor
45,Cuenta propia,Formal,43,3511000.0,0.303,3.6,Independiente,9,1264000.0,113,2,1,1,4320000.0,2579000.0,0.597,13746000.0,0.326,Pago total,2317000.0,1,16.3,1,Poor
25,Dependiente,Formal,52,4657000.0,0.169,4.3,Dependiente,11,4669000.0,71,4,0,1,5517000.0,3093000.0,0.561,3093000.0,0.055,Pago total,2885000.0,1,12.2,0,Good
37,Cuenta propia,Informal,25,3661000.0,0.374,2.1,Sin cotizacion,0,0.0,96,3,1,1,3017000.0,604000.0,0.2,14624000.0,0.333,Pago total,549000.0,0,0.0,2,Good
37,Cuenta propia,Informal,55,2469000.0,0.555,4.6,Sin cotizacion,0,0.0,63,1,1,0,0.0,0.0,0.0,4575000.0,0.154,No aplica,0.0,0,0.0,0,Poor
27,Dependiente,Formal,107,3849000.0,0.18,8.9,Dependiente,7,3801000.0,95,3,1,1,11183000.0,3547000.0,0.317,6986000.0,0.151,Pago superior al mínimo,1475000.0,0,0.0,3,Standard
59,Pensionado,No aplica,204,1530000.0,0.318,17.0,Pensionado,12,1537000.0,111,3,0,0,0.0,0.0,0.0,0.0,0.0,No aplica,0.0,0,0.0,1,Good
50,Dependiente,Informal,36,1806000.0,0.084,3.0,Sin cotizacion,0,0.0,200,3,1,0,0.0,0.0,0.0,3089000.0,0.143,No aplica,0.0,0,0.0,1,Good
46,Dependiente,Formal,49,5856000.0,0.112,4.1,Dependiente,8,6071000.0,130,4,2,1,4797000.0,3425000.0,0.714,15909000.0,0.226,Pago mínimo,327000.0,1,7.4,1,Standard
32,Dependiente,Formal,19,4929000.0,0.072,1.6,Dependiente,11,4904000.0,72,5,2,1,7333000.0,4273000.0,0.583,37371000.0,0.632,Pago superior al mínimo,1512000.0,2,7.5,3,Standard
38,Cuenta propia,Informal,24,3469000.0,0.652,2.0,Sin cotizacion,0,0.0,221,2,1,1,3678000.0,2789000.0,0.758,5444000.0,0.131,Pago superior al mínimo,949000.0,2,5.4,2,Standard
36,Independiente,Informal,62,1770000.0,0.493,5.2,Sin cotizacion,0,0.0,28,2,1,0,0.0,0.0,0.0,4418000.0,0.208,No aplica,0.0,1,13.8,0,Poor
43,Dependiente,Formal,45,5724000.0,0.243,3.8,Dependiente,12,5561000.0,249,4,2,1,5841000.0,1527000.0,0.261,27629000.0,0.402,Pago total,1405000.0,1,14.0,1,Standard
56,Independiente,Formal,54,2073000.0,0.275,4.5,Independiente,2,925000.0,391,4,2,1,2227000.0,1420000.0,0.638,14774000.0,0.594,Pago mínimo,119000.0,3,23.8,2,Poor
26,Independiente,Informal,49,5214000.0,0.224,4.1,Sin cotizacion,0,0.0,28,3,1,1,5144000.0,3879000.0,0.754,16329000.0,0.261,Pago mínimo,432000.0,2,18.5,3,Poor
40,Dependiente,Formal,52,3278000.0,0.15,4.3,Dependiente,12,3116000.0,134,2,1,0,0.0,0.0,0.0,6359000.0,0.162,No aplica,0.0,1,6.0,0,Good
52,Cuenta propia,Informal,25,7509000.0,0.627,2.1,Sin cotizacion,0,0.0,149,5,0,1,11342000.0,2101000.0,0.185,2101000.0,0.023,Pago superior al mínimo,677000.0,2,10.5,2,Poor
49,Cuenta propia,Informal,49,796000.0,0.266,4.1,Sin cotizacion,0,0.0,269,2,1,0,0.0,0.0,0.0,782000.0,0.082,No aplica,0.0,0,0.0,0,Good
38,Dependiente,Formal,18,7982000.0,0.043,1.5,Dependiente,12,8042000.0,209,2,0,1,15006000.0,7269000.0,0.484,7269000.0,0.076,Pago superior al mínimo,2760000.0,0,0.0,0,Good
44,Desempleado,No aplica,0,0.0,0.827,0.0,Sin cotizacion,0,0.0,91,2,2,0,0.0,0.0,0.0,0.0,0.0,No aplica,0.0,0,0.0,2,Good
40,Dependiente,Formal,33,5908000.0,0.161,2.8,Dependiente,12,5557000.0,45,3,1,1,10417000.0,3212000.0,0.308,14639000.0,0.206,Pago total,2790000.0,0,0.0,0,Good
39,Desempleado,No aplica,0,0.0,0.645,0.0,Sin cotizacion,0,0.0,54,1,1,0,0.0,0.0,0.0,0.0,0.0,No aplica,0.0,3,52.0,1,Poor
34,Independiente,Formal,152,4814000.0,0.452,12.7,Independiente,8,1728000.0,171,2,1,1,2784000.0,592000.0,0.213,10969000.0,0.19,Pago superior al mínimo,147000.0,1,3.8,0,Good
38,Independiente,Informal,49,2520000.0,0.502,4.1,Sin cotizacion,0,0.0,141,2,1,1,5204000.0,2188000.0,0.42,12686000.0,0.42,Pago superior al mínimo,566000.0,1,7.0,3,Poor
65,Dependiente,Formal,103,2863000.0,0.307,8.6,Dependiente,10,2948000.0,550,2,1,1,5084000.0,2866000.0,0.564,7728000.0,0.225,Pago mínimo,185000.0,5,8.9,0,Poor
42,Cuenta propia,Informal,36,1333000.0,0.417,3.0,Sin cotizacion,0,0.0,269,1,0,1,1328000.0,1170000.0,0.881,1170000.0,0.073,Pago mínimo,77000.0,3,7.7,0,Poor
43,Dependiente,Formal,80,4731000.0,0.205,6.7,Dependiente,10,4602000.0,135,5,0,1,8449000.0,4222000.0,0.5,4222000.0,0.074,Pago superior al mínimo,1629000.0,1,9.4,3,Poor
27,Dependiente,Formal,46,2127000.0,0.083,3.8,Dependiente,12,1967000.0,70,3,1,1,4404000.0,730000.0,0.166,9718000.0,0.381,Pago total,712000.0,0,0.0,0,Good
41,Dependiente,Formal,168,2636000.0,0.125,14.0,Dependiente,11,2560000.0,69,2,2,1,2984000.0,1762000.0,0.59,13813000.0,0.437,Pago mínimo,243000.0,1,3.3,0,Poor
39,Independiente,Informal,24,960000.0,0.34,2.0,Sin cotizacion,0,0.0,69,1,0,0,0.0,0.0,0.0,0.0,0.0,No aplica,0.0,0,0.0,0,Good
58,Independiente,Informal,54,2015000.0,0.489,4.5,Sin cotizacion,0,0.0,231,4,2,0,0.0,0.0,0.0,12993000.0,0.537,No aplica,0.0,0,0.0,2,Standard
67,Pensionado,No aplica,154,4511000.0,0.154,12.8,Pensionado,12,4399000.0,214,4,3,0,0.0,0.0,0.0,31994000.0,0.591,No aplica,0.0,1,12.1,3,Poor
28,Cuenta propia,Informal,18,1034000.0,0.293,1.5,Sin cotizacion,0,0.0,48,1,0,0,0.0,0.0,0.0,0.0,0.0,No aplica,0.0,0,0.0,1,Good
34,Dependiente,Formal,64,2488000.0,0.119,5.3,Dependiente,7,2362000.0,133,1,0,1,2374000.0,1010000.0,0.425,1010000.0,0.034,Pago total,955000.0,0,0.0,0,Standard
34,Independiente,Informal,36,2947000.0,0.524,3.0,Sin cotizacion,0,0.0,103,2,1,0,0.0,0.0,0.0,9131000.0,0.258,No aplica,0.0,1,4.6,0,Standard
31,Dependiente,Formal,120,2830000.0,0.057,10.0,Dependiente,9,2892000.0,39,3,0,1,7591000.0,1926000.0,0.254,1926000.0,0.057,Pago total,1750000.0,1,3.1,0,Good
46,Cuenta propia,Formal,221,10780000.0,0.374,18.4,Independiente,9,3645000.0,196,4,1,1,31835000.0,7474000.0,0.235,45605000.0,0.353,Pago superior al mínimo,2532000.0,0,0.0,0,Standard
41,Cuenta propia,Informal,14,1924000.0,0.385,1.2,Sin cotizacion,0,0.0,116,4,1,1,3648000.0,557000.0,0.153,5655000.0,0.245,Pago superior al mínimo,133000.0,1,5.6,4,Poor
50,Dependiente,Formal,91,4640000.0,0.237,7.6,Dependiente,12,4531000.0,136,5,2,1,10549000.0,5373000.0,0.509,57722000.0,1.037,Pago irregular,85000.0,6,33.0,1,Poor
33,Independiente,Formal,68,6981000.0,0.508,5.7,Independiente,10,2830000.0,108,3,1,1,9726000.0,4185000.0,0.43,17132000.0,0.205,Pago total,4136000.0,0,0.0,0,Good
26,Dependiente,Formal,21,4781000.0,0.063,1.8,Dependiente,11,4715000.0,45,5,1,1,10060000.0,8472000.0,0.842,29115000.0,0.507,Pago mínimo,695000.0,0,0.0,4,Poor
37,Dependiente,Formal,134,3967000.0,0.105,11.2,Dependiente,7,3903000.0,88,4,2,1,1952000.0,562000.0,0.288,11156000.0,0.234,Pago total,516000.0,0,0.0,0,Standard
39,Cuenta propia,Informal,22,1887000.0,0.337,1.8,Sin cotizacion,0,0.0,171,3,0,1,3378000.0,329000.0,0.097,329000.0,0.015,Pago total,304000.0,1,3.1,1,Standard
55,Independiente,Formal,51,16436000.0,0.443,4.2,Independiente,12,6099000.0,159,4,2,1,29133000.0,18844000.0,0.647,104440000.0,0.53,Pago superior al mínimo,4998000.0,2,5.4,5,Standard
57,Dependiente,Formal,134,3815000.0,0.058,11.2,Dependiente,11,3629000.0,254,2,2,1,6767000.0,2689000.0,0.397,11596000.0,0.253,Pago total,2560000.0,2,0.5,1,Good
53,Dependiente,Formal,63,3271000.0,0.157,5.2,Dependiente,12,3188000.0,93,1,0,0,0.0,0.0,0.0,0.0,0.0,No aplica,0.0,0,0.0,2,Good
48,Cuenta propia,Informal,61,1470000.0,0.786,5.1,Sin cotizacion,0,0.0,296,1,0,0,0.0,0.0,0.0,0.0,0.0,No aplica,0.0,0,0.0,0,Good
37,Dependiente,Formal,57,1642000.0,0.122,4.8,Dependiente,10,1685000.0,145,3,0,0,0.0,0.0,0.0,0.0,0.0,No aplica,0.0,0,0.0,2,Standard
43,Dependiente,Formal,84,5500000.0,0.019,7.0,Dependiente,11,5405000.0,201,5,1,1,8777000.0,3906000.0,0.445,10393000.0,0.157,Pago superior al mínimo,894000.0,1,6.1,2,Good
50,Independiente,Informal,27,505000.0,0.23,2.2,Sin cotizacion,0,0.0,281,2,1,0,0.0,0.0,0.0,2374000.0,0.392,No aplica,0.0,1,3.7,1,Poor
47,Cuenta propia,Informal,16,2279000.0,0.293,1.3,Sin cotizacion,0,0.0,224,3,1,1,3651000.0,1912000.0,0.524,19623000.0,0.718,Pago superior al mínimo,537000.0,3,2.0,2,Poor
32,Dependiente,Formal,86,3084000.0,0.132,7.2,Dependiente,10,3105000.0,125,2,1,1,3157000.0,860000.0,0.272,6414000.0,0.173,Pago total,784000.0,0,0.0,1,Good
33,Dependiente,Informal,49,8022000.0,0.326,4.1,Sin cotizacion,0,0.0,67,5,0,1,26041000.0,7238000.0,0.278,7238000.0,0.075,Pago total,6494000.0,0,0.0,0,Standard
51,Dependiente,Formal,66,1750000.0,0.074,5.5,Dependiente,8,1828000.0,288,3,1,1,4775000.0,722000.0,0.151,2542000.0,0.121,Pago total,683000.0,0,0.0,4,Standard
34,Dependiente,Formal,19,2305000.0,0.076,1.6,Dependiente,9,2360000.0,61,2,2,1,8723000.0,1612000.0,0.185,10766000.0,0.389,Pago total,1599000.0,0,0.0,2,Good
24,Dependiente,Formal,34,2895000.0,0.048,2.8,Dependiente,6,2747000.0,36,3,1,0,0.0,0.0,0.0,3508000.0,0.101,No aplica,0.0,0,0.0,0,Good
46,Independiente,Informal,20,2487000.0,0.493,1.7,Sin cotizacion,0,0.0,232,1,0,1,2520000.0,1398000.0,0.555,1398000.0,0.047,Pago total,1187000.0,0,0.0,0,Poor
52,Independiente,Formal,128,3085000.0,0.197,10.7,Independiente,9,1289000.0,342,2,2,1,5663000.0,2179000.0,0.385,30865000.0,0.834,Pago superior al mínimo,459000.0,2,6.0,2,Good
45,Independiente,Informal,29,2688000.0,0.428,2.4,Sin cotizacion,0,0.0,261,2,2,0,0.0,0.0,0.0,15910000.0,0.493,No aplica,0.0,1,12.0,0,Good
35,Dependiente,Formal,127,1983000.0,0.038,10.6,Dependiente,11,2066000.0,82,2,0,1,3779000.0,2753000.0,0.728,2753000.0,0.116,Pago superior al mínimo,823000.0,1,9.4,0,Good
48,Cuenta propia,Formal,107,2966000.0,0.544,8.9,Independiente,7,1117000.0,61,3,0,0,0.0,0.0,0.0,0.0,0.0,No aplica,0.0,0,0.0,1,Good
59,Independiente,Informal,21,515000.0,0.167,1.8,Sin cotizacion,0,0.0,294,2,2,0,0.0,0.0,0.0,3008000.0,0.487,No aplica,0.0,1,6.7,4,Standard
31,Desempleado,No aplica,0,887000.0,0.324,0.0,Sin cotizacion,0,0.0,90,1,0,1,500000.0,70000.0,0.14,70000.0,0.007,Pago total,68000.0,0,0.0,0,Poor
57,Cuenta propia,Formal,73,1683000.0,0.275,6.1,Independiente,9,566000.0,426,4,2,0,0.0,0.0,0.0,6250000.0,0.309,No aplica,0.0,1,7.0,2,Standard
36,Dependiente,Formal,97,1472000.0,0.418,8.1,Dependiente,10,1446000.0,76,2,0,1,1907000.0,636000.0,0.334,636000.0,0.036,Pago superior al mínimo,268000.0,1,21.0,2,Poor
42,Independiente,Formal,43,2991000.0,0.462,3.6,Independiente,9,1219000.0,114,3,0,1,4548000.0,1360000.0,0.299,1360000.0,0.038,Pago total,1228000.0,0,0.0,0,Poor
42,Dependiente,Formal,93,8020000.0,0.206,7.8,Dependiente,8,8210000.0,244,5,1,1,12323000.0,6957000.0,0.565,17012000.0,0.177,Pago superior al mínimo,2334000.0,1,9.8,0,Standard
38,Independiente,Informal,43,4208000.0,0.207,3.6,Sin cotizacion,0,0.0,74,3,0,0,0.0,0.0,0.0,0.0,0.0,No aplica,0.0,0,0.0,0,Standard
40,Dependiente,Formal,41,6071000.0,0.175,3.4,Dependiente,11,5945000.0,178,5,1,1,5514000.0,1979000.0,0.359,26102000.0,0.358,Pago superior al mínimo,621000.0,1,13.5,1,Standard
31,Dependiente,Formal,83,3524000.0,0.071,6.9,Dependiente,10,3237000.0,113,4,1,0,0.0,0.0,0.0,6562000.0,0.155,No aplica,0.0,0,0.0,2,Standard
60,Desempleado,No aplica,0,300000.0,0.666,0.0,Sin cotizacion,0,0.0,188,1,0,0,0.0,0.0,0.0,0.0,0.0,No aplica,0.0,0,0.0,0,Good
52,Dependiente,Formal,62,5436000.0,0.187,5.2,Dependiente,9,5158000.0,348,2,0,1,11391000.0,5677000.0,0.498,5677000.0,0.087,Pago superior al mínimo,1498000.0,1,6.5,0,Standard
22,Desempleado,No aplica,0,0.0,0.812,0.0,Sin cotizacion,0,0.0,2,3,0,0,0.0,0.0,0.0,0.0,0.0,No aplica,0.0,0,0.0,1,Good
22,Dependiente,Formal,29,3396000.0,0.173,2.4,Dependiente,11,3445000.0,32,2,1,1,5182000.0,2728000.0,0.526,6191000.0,0.152,Pago superior al mínimo,825000.0,1,9.5,0,Poor
26,Independiente,Formal,49,6240000.0,0.337,4.1,Independiente,5,2993000.0,84,4,3,1,6655000.0,4250000.0,0.639,106900000.0,1.428,Pago irregular,66000.0,3,32.4,1,Poor
51,Independiente,Informal,20,2860000.0,0.739,1.7,Sin cotizacion,0,0.0,130,1,0,1,4977000.0,2494000.0,0.501,2494000.0,0.073,Pago superior al mínimo,548000.0,0,0.0,0,Good
20,Cuenta propia,Informal,24,987000.0,0.561,2.0,Sin cotizacion,0,0.0,6,2,1,0,0.0,0.0,0.0,9838000.0,0.831,No aplica,0.0,1,13.8,0,Poor
33,Dependiente,Formal,34,3271000.0,0.103,2.8,Dependiente,12,3268000.0,58,3,1,0,0.0,0.0,0.0,7246000.0,0.185,No aplica,0.0,1,4.7,0,Good
41,Dependiente,Formal,45,3192000.0,0.044,3.8,Dependiente,12,3360000.0,208,4,0,1,2744000.0,314000.0,0.114,314000.0,0.008,Pago total,307000.0,0,0.0,1,Good
55,Dependiente,Formal,80,5050000.0,0.091,6.7,Dependiente,11,4836000.0,342,4,0,1,7826000.0,3723000.0,0.476,3723000.0,0.061,Pago superior al mínimo,1017000.0,1,4.5,1,Standard
36,Dependiente,Formal,67,3383000.0,0.079,5.6,Dependiente,9,3295000.0,119,1,0,0,0.0,0.0,0.0,0.0,0.0,No aplica,0.0,0,0.0,0,Standard
31,Independiente,Formal,59,1942000.0,0.219,4.9,Independiente,10,621000.0,77,2,1,0,0.0,0.0,0.0,4896000.0,0.21,No aplica,0.0,1,1.4,0,Standard
47,Cuenta propia,Formal,58,3402000.0,0.673,4.8,Independiente,10,1411000.0,255,2,2,0,0.0,0.0,0.0,44193000.0,1.083,No aplica,0.0,5,10.7,3,Poor
33,Cuenta propia,Informal,53,1180000.0,0.364,4.4,Sin cotizacion,0,0.0,152,2,1,0,0.0,0.0,0.0,1945000.0,0.137,No aplica,0.0,1,10.8,0,Standard
23,Independiente,Formal,42,2736000.0,0.449,3.5,Independiente,8,997000.0,18,2,0,0,0.0,0.0,0.0,0.0,0.0,No aplica,0.0,0,0.0,1,Good
29,Cuenta propia,Informal,13,1367000.0,0.467,1.1,Sin cotizacion,0,0.0,48,1,0,0,0.0,0.0,0.0,0.0,0.0,No aplica,0.0,0,0.0,0,Good
42,Independiente,Formal,18,4851000.0,0.277,1.5,Independiente,7,2057000.0,195,4,3,1,6079000.0,577000.0,0.095,61052000.0,1.049,Pago superior al mínimo,132000.0,1,4.4,4,Standard
35,Dependiente,Informal,21,1125000.0,0.129,1.8,Sin cotizacion,0,0.0,93,1,0,1,1490000.0,849000.0,0.57,849000.0,0.063,Pago superior al mínimo,297000.0,0,0.0,0,Standard
42,Cuenta propia,Informal,10,2228000.0,0.63,0.8,Sin cotizacion,0,0.0,92,3,1,1,2154000.0,240000.0,0.111,3312000.0,0.124,Pago superior al mínimo,66000.0,1,3.1,2,Standard
48,Independiente,Informal,24,6611000.0,0.092,2.0,Sin cotizacion,0,0.0,200,3,0,0,0.0,0.0,0.0,0.0,0.0,No aplica,0.0,0,0.0,1,Standard
28,Independiente,Informal,6,2557000.0,0.242,0.5,Sin cotizacion,0,0.0,68,2,0,1,2049000.0,1005000.0,0.49,1005000.0,0.033,Pago superior al mínimo,323000.0,1,13.6,0,Good
29,Dependiente,Formal,55,2420000.0,0.202,4.6,Dependiente,8,2371000.0,121,3,0,1,1881000.0,729000.0,0.388,729000.0,0.025,Pago superior al mínimo,356000.0,0,0.0,0,Standard
40,Dependiente,Formal,76,3127000.0,0.097,6.3,Dependiente,9,3380000.0,156,3,2,1,2336000.0,1177000.0,0.504,18275000.0,0.487,Pago total,986000.0,1,16.1,1,Good
58,Independiente,Formal,64,5345000.0,0.108,5.3,Independiente,10,2521000.0,310,4,2,1,7306000.0,5567000.0,0.762,16986000.0,0.265,Pago irregular,137000.0,1,13.9,2,Good
50,Cuenta propia,Formal,89,3419000.0,0.483,7.4,Independiente,12,1094000.0,293,2,0,1,5386000.0,1863000.0,0.346,1863000.0,0.045,Pago total,1682000.0,0,0.0,0,Good
43,Dependiente,Formal,112,7477000.0,0.279,9.3,Dependiente,10,7654000.0,192,4,0,1,11535000.0,1844000.0,0.16,1844000.0,0.021,Pago total,1632000.0,0,0.0,2,Standard
41,Dependiente,Formal,75,1792000.0,0.058,6.2,Dependiente,7,1739000.0,216,3,1,1,1708000.0,500000.0,0.293,3535000.0,0.164,Pago total,410000.0,0,0.0,1,Standard
38,Desempleado,No aplica,0,0.0,0.549,0.0,Sin cotizacion,0,0.0,39,1,0,0,0.0,0.0,0.0,0.0,0.0,No aplica,0.0,0,0.0,2,Standard
40,Dependiente,Formal,65,4150000.0,0.243,5.4,Dependiente,4,4257000.0,84,2,1,1,3149000.0,2581000.0,0.82,5406000.0,0.109,Pago superior al mínimo,1093000.0,3,44.6,2,Poor
50,Dependiente,Formal,81,4318000.0,0.15,6.8,Dependiente,10,4086000.0,291,4,2,1,6867000.0,1353000.0,0.197,25126000.0,0.485,Pago total,1210000.0,0,0.0,1,Good
54,Dependiente,Formal,77,5917000.0,0.067,6.4,Dependiente,9,6258000.0,203,4,1,1,9244000.0,1652000.0,0.179,16998000.0,0.239,Pago total,1407000.0,0,0.0,1,Standard
52,Independiente,Formal,97,4156000.0,0.532,8.1,Independiente,7,1834000.0,251,3,2,1,8878000.0,2388000.0,0.269,10951000.0,0.22,Pago superior al mínimo,1029000.0,0,0.0,1,Standard
41,Cuenta propia,Informal,31,1031000.0,0.458,2.6,Sin cotizacion,0,0.0,243,1,1,1,792000.0,367000.0,0.463,8958000.0,0.724,Pago superior al mínimo,116000.0,2,1.9,0,Good
38,Dependiente,Formal,32,3438000.0,0.063,2.7,Dependiente,9,3244000.0,65,1,0,1,4159000.0,2565000.0,0.617,2565000.0,0.062,Pago total,2215000.0,1,5.4,0,Good
29,Cuenta propia,Informal,58,2876000.0,0.665,4.8,Sin cotizacion,0,0.0,67,1,1,1,4582000.0,2118000.0,0.462,8163000.0,0.237,Pago superior al mínimo,902000.0,2,4.3,1,Poor
59,Dependiente,Formal,23,3322000.0,0.265,1.9,Dependiente,11,3298000.0,340,3,0,1,2204000.0,1236000.0,0.561,1236000.0,0.031,Pago superior al mínimo,288000.0,0,0.0,0,Good
33,Cuenta propia,Informal,47,3029000.0,0.495,3.9,Sin cotizacion,0,0.0,58,2,0,0,0.0,0.0,0.0,0.0,0.0,No aplica,0.0,0,0.0,0,Good
36,Independiente,Formal,80,8328000.0,0.158,6.7,Independiente,10,3385000.0,171,2,1,1,10086000.0,7502000.0,0.744,22704000.0,0.227,Pago superior al mínimo,3546000.0,0,0.0,1,Standard
44,Cuenta propia,Informal,39,2629000.0,0.71,3.2,Sin cotizacion,0,0.0,260,4,0,0,0.0,0.0,0.0,0.0,0.0,No aplica,0.0,0,0.0,1,Good
43,Dependiente,Formal,68,3753000.0,0.324,5.7,Dependiente,12,3861000.0,169,2,0,0,0.0,0.0,0.0,0.0,0.0,No aplica,0.0,0,0.0,3,Poor
29,Desempleado,No aplica,0,1420000.0,0.881,0.0,Sin cotizacion,0,0.0,44,1,0,0,0.0,0.0,0.0,0.0,0.0,No aplica,0.0,0,0.0,0,Poor
58,Cuenta propia,Informal,18,1641000.0,0.566,1.5,Sin cotizacion,0,0.0,171,4,2,0,0.0,0.0,0.0,3477000.0,0.177,No aplica,0.0,1,9.3,1,Poor
47,Dependiente,Formal,62,3507000.0,0.034,5.2,Dependiente,11,3505000.0,180,1,1,0,0.0,0.0,0.0,11654000.0,0.277,No aplica,0.0,1,6.3,0,Standard
25,Cuenta propia,Informal,63,929000.0,0.434,5.2,Sin cotizacion,0,0.0,49,3,1,1,561000.0,273000.0,0.487,1310000.0,0.118,Pago superior al mínimo,58000.0,1,5.3,0,Poor
37,Dependiente,Formal,82,2111000.0,0.034,6.8,Dependiente,8,2177000.0,120,3,2,1,2167000.0,1266000.0,0.584,15148000.0,0.598,Pago superior al mínimo,306000.0,1,0.5,1,Standard
28,Cuenta propia,Informal,40,1925000.0,0.564,3.3,Sin cotizacion,0,0.0,46,2,1,1,4670000.0,916000.0,0.196,3095000.0,0.134,Pago total,775000.0,0,0.0,0,Poor
26,Dependiente,Formal,96,3320000.0,0.176,8.0,Dependiente,12,3311000.0,50,2,0,1,10770000.0,4901000.0,0.455,4901000.0,0.123,Pago superior al mínimo,1973000.0,2,15.1,2,Standard
21,Desempleado,No aplica,0,2972000.0,0.673,0.0,Sin cotizacion,0,0.0,28,2,1,1,4124000.0,1841000.0,0.446,9726000.0,0.273,Pago mínimo,219000.0,3,31.6,0,Poor
42,Dependiente,Informal,68,2119000.0,0.24,5.7,Sin cotizacion,0,0.0,150,3,1,1,3237000.0,1793000.0,0.554,5529000.0,0.217,Pago superior al mínimo,894000.0,2,9.4,3,Poor
37,Dependiente,Formal,95,3723000.0,0.198,7.9,Dependiente,8,3814000.0,159,1,0,1,4940000.0,2337000.0,0.473,2337000.0,0.052,Pago total,2125000.0,0,0.0,1,Poor
36,Dependiente,Formal,161,3248000.0,0.23,13.4,Dependiente,11,3070000.0,51,3,0,1,6407000.0,417000.0,0.065,417000.0,0.011,Pago total,403000.0,0,0.0,0,Good
46,Dependiente,Formal,82,6443000.0,0.107,6.8,Dependiente,7,6436000.0,188,5,2,0,0.0,0.0,0.0,42909000.0,0.555,No aplica,0.0,0,0.0,0,Standard
32,Dependiente,Formal,95,6086000.0,0.028,7.9,Dependiente,6,6366000.0,106,3,0,1,11628000.0,2181000.0,0.188,2181000.0,0.03,Pago superior al mínimo,732000.0,0,0.0,1,Standard
51,Dependiente,Informal,55,1027000.0,0.161,4.6,Sin cotizacion,0,0.0,348,1,1,1,680000.0,352000.0,0.518,1234000.0,0.1,Pago superior al mínimo,138000.0,3,12.1,1,Poor
34,Independiente,Formal,123,5208000.0,0.443,10.2,Independiente,9,2377000.0,150,2,1,1,8752000.0,5903000.0,0.674,19919000.0,0.319,Pago superior al mínimo,1288000.0,1,4.4,1,Standard
23,Dependiente,Formal,39,1688000.0,0.189,3.2,Dependiente,7,1700000.0,53,2,0,0,0.0,0.0,0.0,0.0,0.0,No aplica,0.0,0,0.0,0,Standard
37,Dependiente,Formal,31,7880000.0,0.038,2.6,Dependiente,9,7849000.0,57,2,0,1,5951000.0,3652000.0,0.614,3652000.0,0.039,Pago superior al mínimo,1631000.0,0,0.0,2,Standard
55,Cuenta propia,Informal,12,3144000.0,0.666,1.0,Sin cotizacion,0,0.0,278,2,1,1,6921000.0,3086000.0,0.446,6410000.0,0.17,Pago superior al mínimo,1220000.0,2,2.9,0,Poor
39,Dependiente,Formal,51,2519000.0,0.239,4.2,Dependiente,10,2657000.0,234,3,1,1,5457000.0,2990000.0,0.548,6299000.0,0.208,Pago total,2768000.0,0,0.0,2,Standard
36,Cuenta propia,Informal,56,1728000.0,0.449,4.7,Sin cotizacion,0,0.0,86,2,0,1,1102000.0,785000.0,0.712,785000.0,0.038,Pago superior al mínimo,209000.0,2,42.1,2,Standard
20,Desempleado,No aplica,0,768000.0,0.651,0.0,Sin cotizacion,0,0.0,16,3,1,1,1573000.0,246000.0,0.156,2485000.0,0.27,Pago total,217000.0,1,8.6,0,Poor
33,Independiente,Formal,58,8191000.0,0.45,4.8,Independiente,11,3243000.0,136,4,1,1,6503000.0,707000.0,0.109,17593000.0,0.179,Pago superior al mínimo,190000.0,0,0.0,3,Standard
30,Independiente,Informal,28,7250000.0,0.434,2.3,Sin cotizacion,0,0.0,82,2,1,1,8734000.0,1477000.0,0.169,19960000.0,0.229,Pago total,1390000.0,0,0.0,2,Standard
55,Pensionado,No aplica,111,1106000.0,0.012,9.2,Pensionado,12,1144000.0,80,1,0,0,0.0,0.0,0.0,0.0,0.0,No aplica,0.0,0,0.0,2,Good
65,Dependiente,Formal,33,2098000.0,0.228,2.8,Dependiente,9,2089000.0,374,3,2,1,1550000.0,700000.0,0.452,14381000.0,0.571,Pago superior al mínimo,349000.0,1,10.7,0,Standard
44,Dependiente,Formal,50,6288000.0,0.044,4.2,Dependiente,10,6298000.0,286,4,1,1,10263000.0,2514000.0,0.245,16521000.0,0.219,Pago total,2108000.0,1,1.5,0,Standard
32,Dependiente,Formal,43,5002000.0,0.121,3.6,Dependiente,12,4781000.0,97,4,1,1,13194000.0,8360000.0,0.634,17509000.0,0.292,Pago superior al mínimo,1983000.0,3,22.9,2,Poor
36,Cuenta propia,Informal,49,2909000.0,0.538,4.1,Sin cotizacion,0,0.0,84,2,1,0,0.0,0.0,0.0,3036000.0,0.087,No aplica,0.0,3,18.6,1,Standard
63,Dependiente,Formal,30,4010000.0,0.294,2.5,Dependiente,8,3810000.0,436,5,2,1,4791000.0,2794000.0,0.583,69653000.0,1.447,Pago irregular,75000.0,3,10.7,2,Poor
46,Independiente,Formal,35,4046000.0,0.164,2.9,Independiente,11,1777000.0,193,2,0,1,4131000.0,480000.0,0.116,480000.0,0.01,Pago total,432000.0,1,2.2,1,Good
34,Desempleado,No aplica,0,1209000.0,0.612,0.0,Sin cotizacion,0,0.0,155,1,0,0,0.0,0.0,0.0,0.0,0.0,No aplica,0.0,0,0.0,1,Good
47,Cuenta propia,Informal,37,4046000.0,0.398,3.1,Sin cotizacion,0,0.0,191,4,0,1,5176000.0,2019000.0,0.39,2019000.0,0.042,Pago superior al mínimo,829000.0,0,0.0,2,Poor
45,Dependiente,Formal,58,14933000.0,0.188,4.8,Dependiente,12,15962000.0,97,5,3,1,37411000.0,8721000.0,0.233,136605000.0,0.762,Pago superior al mínimo,3042000.0,2,4.2,1,Poor
50,Dependiente,Informal,24,2893000.0,0.419,2.0,Sin cotizacion,0,0.0,155,2,1,1,5910000.0,390000.0,0.066,6178000.0,0.178,Pago total,389000.0,0,0.0,1,Standard
26,Cuenta propia,Informal,56,1173000.0,0.234,4.7,Sin cotizacion,0,0.0,61,1,0,0,0.0,0.0,0.0,0.0,0.0,No aplica,0.0,0,0.0,0,Good
34,Independiente,Informal,24,2900000.0,0.379,2.0,Sin cotizacion,0,0.0,102,1,0,1,7044000.0,6074000.0,0.862,6074000.0,0.175,Pago mínimo,754000.0,1,4.5,0,Poor
45,Dependiente,Formal,67,4331000.0,0.036,5.6,Dependiente,12,4349000.0,215,2,2,0,0.0,0.0,0.0,14069000.0,0.271,No aplica,0.0,0,0.0,1,Good
19,Dependiente,Formal,12,2281000.0,0.091,1.0,Dependiente,10,2266000.0,3,3,2,1,2923000.0,1583000.0,0.542,12024000.0,0.439,Pago superior al mínimo,405000.0,3,15.9,1,Poor
40,Cuenta propia,Informal,28,2907000.0,0.446,2.3,Sin cotizacion,0,0.0,194,3,1,1,1432000.0,1227000.0,0.857,7022000.0,0.201,Pago mínimo,97000.0,1,2.8,1,Poor
37,Independiente,Informal,50,1027000.0,0.399,4.2,Sin cotizacion,0,0.0,87,2,0,1,597000.0,454000.0,0.76,454000.0,0.037,Pago mínimo,59000.0,5,22.9,0,Poor
46,Cuenta propia,Informal,23,1422000.0,0.358,1.9,Sin cotizacion,0,0.0,268,2,1,1,1696000.0,348000.0,0.205,4358000.0,0.255,Pago total,340000.0,1,5.9,1,Good
47,Cuenta propia,Informal,34,3890000.0,0.312,2.8,Sin cotizacion,0,0.0,145,1,1,0,0.0,0.0,0.0,5358000.0,0.115,No aplica,0.0,1,7.2,0,Good
55,Independiente,Formal,54,1409000.0,0.1,4.5,Independiente,8,621000.0,130,2,1,0,0.0,0.0,0.0,8397000.0,0.497,No aplica,0.0,0,0.0,2,Good
35,Dependiente,Formal,18,5249000.0,0.094,1.5,Dependiente,11,5320000.0,98,3,2,0,0.0,0.0,0.0,32876000.0,0.522,No aplica,0.0,3,37.5,2,Poor
34,Dependiente,Formal,44,1398000.0,0.064,3.7,Dependiente,6,1264000.0,141,2,1,1,964000.0,313000.0,0.325,1177000.0,0.07,Pago total,284000.0,0,0.0,3,Good
27,Dependiente,Formal,49,1465000.0,0.054,4.1,Dependiente,6,1523000.0,59,2,0,0,0.0,0.0,0.0,0.0,0.0,No aplica,0.0,0,0.0,2,Poor
27,Dependiente,Formal,66,2550000.0,0.128,5.5,Dependiente,10,2414000.0,62,3,0,0,0.0,0.0,0.0,0.0,0.0,No aplica,0.0,0,0.0,0,Standard
30,Cuenta propia,Informal,44,2340000.0,0.566,3.7,Sin cotizacion,0,0.0,122,2,1,0,0.0,0.0,0.0,5643000.0,0.201,No aplica,0.0,1,12.3,1,Good
32,Independiente,Informal,26,6733000.0,0.466,2.2,Sin cotizacion,0,0.0,50,3,0,1,12059000.0,5790000.0,0.48,5790000.0,0.072,Pago superior al mínimo,1941000.0,0,0.0,1,Good
32,Cuenta propia,Informal,22,2039000.0,0.635,1.8,Sin cotizacion,0,0.0,118,4,2,1,2392000.0,463000.0,0.194,14230000.0,0.582,Pago superior al mínimo,114000.0,0,0.0,3,Poor
44,Dependiente,Formal,75,3435000.0,0.095,6.2,Dependiente,12,3433000.0,276,3,0,0,0.0,0.0,0.0,0.0,0.0,No aplica,0.0,0,0.0,0,Good
49,Independiente,Informal,29,4541000.0,0.555,2.4,Sin cotizacion,0,0.0,198,3,1,1,2600000.0,1564000.0,0.602,5415000.0,0.099,Pago superior al mínimo,428000.0,4,24.9,1,Poor
43,Independiente,Informal,10,1457000.0,0.308,0.8,Sin cotizacion,0,0.0,212,2,0,0,0.0,0.0,0.0,0.0,0.0,No aplica,0.0,0,0.0,1,Poor
36,Independiente,Formal,128,4276000.0,0.441,10.7,Independiente,5,1635000.0,69,2,0,1,6481000.0,2329000.0,0.359,2329000.0,0.045,Pago superior al mínimo,958000.0,1,8.9,1,Good
23,Independiente,Informal,24,911000.0,0.218,2.0,Sin cotizacion,0,0.0,36,2,0,0,0.0,0.0,0.0,0.0,0.0,No aplica,0.0,0,0.0,1,Good
40,Dependiente,Formal,65,3826000.0,0.175,5.4,Dependiente,11,3728000.0,212,3,0,1,3556000.0,1607000.0,0.452,1607000.0,0.035,Pago superior al mínimo,345000.0,0,0.0,0,Standard
44,Dependiente,Formal,27,3620000.0,0.06,2.2,Dependiente,9,3627000.0,269,2,0,0,0.0,0.0,0.0,0.0,0.0,No aplica,0.0,0,0.0,1,Standard
34,Dependiente,Formal,110,2408000.0,0.213,9.2,Dependiente,11,2494000.0,92,2,1,0,0.0,0.0,0.0,9854000.0,0.341,No aplica,0.0,0,0.0,3,Standard
48,Dependiente,Formal,51,4298000.0,0.308,4.2,Dependiente,10,4303000.0,177,4,1,0,0.0,0.0,0.0,12948000.0,0.251,No aplica,0.0,2,15.8,0,Standard
42,Dependiente,Formal,135,4040000.0,0.114,11.2,Dependiente,7,4268000.0,237,3,0,0,0.0,0.0,0.0,0.0,0.0,No aplica,0.0,0,0.0,2,Standard
60,Cuenta propia,Informal,28,5260000.0,0.47,2.3,Sin cotizacion,0,0.0,451,4,1,1,6235000.0,2503000.0,0.401,6997000.0,0.111,Pago superior al mínimo,955000.0,1,8.3,1,Good
60,Pensionado,No aplica,221,1214000.0,0.116,18.4,Pensionado,12,1270000.0,284,1,1,1,2521000.0,1243000.0,0.493,3413000.0,0.234,Pago superior al mínimo,333000.0,0,0.0,2,Good
31,Independiente,Informal,23,2327000.0,0.345,1.9,Sin cotizacion,0,0.0,96,3,1,0,0.0,0.0,0.0,2214000.0,0.079,No aplica,0.0,0,0.0,0,Standard
28,Independiente,Formal,32,2178000.0,0.372,2.7,Independiente,7,1004000.0,57,1,1,1,5010000.0,1235000.0,0.247,8739000.0,0.334,Pago total,1043000.0,1,4.2,1,Standard
36,Dependiente,Formal,79,5227000.0,0.159,6.6,Dependiente,9,5215000.0,115,3,2,1,12148000.0,8499000.0,0.7,19289000.0,0.308,Pago superior al mínimo,2773000.0,0,0.0,0,Poor
47,Independiente,Formal,79,7130000.0,0.246,6.6,Independiente,6,2716000.0,169,2,0,0,0.0,0.0,0.0,0.0,0.0,No aplica,0.0,0,0.0,0,Good
26,Dependiente,Formal,15,3964000.0,0.312,1.2,Dependiente,10,3959000.0,61,3,1,0,0.0,0.0,0.0,4319000.0,0.091,No aplica,0.0,1,9.4,1,Poor
63,Independiente,Informal,10,1734000.0,0.258,0.8,Sin cotizacion,0,0.0,86,2,0,1,3084000.0,524000.0,0.17,524000.0,0.025,Pago total,467000.0,0,0.0,2,Standard
32,Dependiente,Formal,109,5038000.0,0.045,9.1,Dependiente,12,5265000.0,110,3,2,0,0.0,0.0,0.0,21258000.0,0.352,No aplica,0.0,0,0.0,1,Good
42,Dependiente,Formal,51,1890000.0,0.224,4.2,Dependiente,11,1971000.0,209,2,0,1,5494000.0,3869000.0,0.704,3869000.0,0.171,Pago superior al mínimo,1527000.0,2,7.4,1,Poor
54,Dependiente,Formal,91,1827000.0,0.236,7.6,Dependiente,12,1644000.0,221,1,0,0,0.0,0.0,0.0,0.0,0.0,No aplica,0.0,0,0.0,0,Good
48,Dependiente,Formal,166,2247000.0,0.135,13.8,Dependiente,12,2274000.0,57,2,2,1,2548000.0,982000.0,0.385,35513000.0,1.317,Pago total,815000.0,1,0.7,1,Good
31,Dependiente,Formal,82,3294000.0,0.045,6.8,Dependiente,11,2982000.0,31,2,2,0,0.0,0.0,0.0,29139000.0,0.737,No aplica,0.0,1,4.0,2,Good
50,Desempleado,No aplica,0,4987000.0,0.81,0.0,Sin cotizacion,0,0.0,362,5,0,1,5988000.0,1891000.0,0.316,1891000.0,0.032,Pago total,1643000.0,2,10.9,1,Standard
36,Dependiente,Formal,64,5691000.0,0.183,5.3,Dependiente,9,5687000.0,83,3,0,1,5458000.0,2516000.0,0.461,2516000.0,0.037,Pago superior al mínimo,625000.0,1,3.7,2,Poor
43,Dependiente,Formal,44,3925000.0,0.093,3.7,Dependiente,12,3842000.0,230,1,1,1,5274000.0,3596000.0,0.682,7723000.0,0.164,Pago superior al mínimo,1291000.0,1,6.5,1,Poor
55,Dependiente,Formal,75,7267000.0,0.014,6.2,Dependiente,11,7024000.0,363,2,0,0,0.0,0.0,0.0,0.0,0.0,No aplica,0.0,0,0.0,2,Good
46,Independiente,Informal,38,4894000.0,0.226,3.2,Sin cotizacion,0,0.0,238,3,2,0,0.0,0.0,0.0,8831000.0,0.15,No aplica,0.0,1,21.3,0,Standard
58,Dependiente,Formal,67,2364000.0,0.079,5.6,Dependiente,12,2444000.0,389,2,2,1,3074000.0,1354000.0,0.44,7792000.0,0.275,Pago mínimo,94000.0,2,7.6,3,Poor
61,Dependiente,Formal,93,3011000.0,0.155,7.8,Dependiente,11,2933000.0,334,2,0,1,4235000.0,2791000.0,0.659,2791000.0,0.077,Pago superior al mínimo,1295000.0,0,0.0,1,Standard
43,Dependiente,Formal,33,6039000.0,0.244,2.8,Dependiente,12,6037000.0,101,3,0,1,7751000.0,2160000.0,0.279,2160000.0,0.03,Pago total,1752000.0,0,0.0,2,Standard
63,Dependiente,Formal,68,2590000.0,0.059,5.7,Dependiente,12,2493000.0,255,3,0,1,5134000.0,810000.0,0.158,810000.0,0.026,Pago total,740000.0,0,0.0,0,Good
49,Dependiente,Informal,29,3393000.0,0.101,2.4,Sin cotizacion,0,0.0,292,1,0,1,4556000.0,3531000.0,0.775,3531000.0,0.087,Pago superior al mínimo,1455000.0,1,5.1,0,Good
48,Dependiente,Formal,47,5406000.0,0.128,3.9,Dependiente,12,5422000.0,216,4,1,1,6789000.0,1863000.0,0.274,6209000.0,0.096,Pago total,1825000.0,0,0.0,0,Good
52,Dependiente,Formal,78,3548000.0,0.195,6.5,Dependiente,11,3684000.0,252,2,1,1,5529000.0,1355000.0,0.245,13190000.0,0.31,Pago superior al mínimo,371000.0,1,5.0,0,Good
47,Dependiente,Formal,32,4232000.0,0.125,2.7,Dependiente,10,4083000.0,300,5,1,1,3133000.0,1198000.0,0.382,14185000.0,0.279,Pago total,1121000.0,0,0.0,0,Good
32,Dependiente,Formal,42,4917000.0,0.133,3.5,Dependiente,12,5043000.0,101,4,1,1,3728000.0,2566000.0,0.688,20376000.0,0.345,Pago superior al mínimo,1060000.0,1,2.7,0,Good
39,Cuenta propia,Informal,23,3656000.0,0.382,1.9,Sin cotizacion,0,0.0,176,1,0,0,0.0,0.0,0.0,0.0,0.0,No aplica,0.0,0,0.0,0,Standard
63,Pensionado,No aplica,170,3059000.0,0.023,14.2,Pensionado,12,3064000.0,462,4,1,0,0.0,0.0,0.0,6316000.0,0.172,No aplica,0.0,1,11.5,3,Good
30,Dependiente,Formal,80,3287000.0,0.121,6.7,Dependiente,12,3293000.0,41,1,0,1,3851000.0,2550000.0,0.662,2550000.0,0.065,Pago superior al mínimo,950000.0,0,0.0,0,Standard
32,Dependiente,Formal,85,4405000.0,0.358,7.1,Dependiente,10,4343000.0,85,3,2,1,7562000.0,949000.0,0.125,20000000.0,0.378,Pago superior al mínimo,432000.0,2,12.1,2,Standard
37,Cuenta propia,Informal,16,502000.0,0.427,1.3,Sin cotizacion,0,0.0,190,3,1,1,666000.0,298000.0,0.447,800000.0,0.133,Pago superior al mínimo,100000.0,0,0.0,2,Good
63,Cuenta propia,Formal,134,6489000.0,0.494,11.2,Independiente,9,2796000.0,71,3,2,0,0.0,0.0,0.0,31035000.0,0.399,No aplica,0.0,1,10.9,0,Poor
30,Dependiente,Formal,78,3115000.0,0.199,6.5,Dependiente,11,3199000.0,63,3,0,1,3554000.0,1648000.0,0.464,1648000.0,0.044,Pago total,1554000.0,0,0.0,0,Good
61,Independiente,Informal,87,1694000.0,0.71,7.2,Sin cotizacion,0,0.0,150,4,2,1,2359000.0,762000.0,0.323,16173000.0,0.796,Pago superior al mínimo,194000.0,5,22.6,2,Poor
43,Dependiente,Formal,121,4977000.0,0.179,10.1,Dependiente,5,4950000.0,117,4,1,1,10943000.0,4590000.0,0.419,12115000.0,0.203,Pago superior al mínimo,2254000.0,3,38.6,0,Poor
27,Dependiente,Formal,48,4128000.0,0.065,4.0,Dependiente,9,4161000.0,86,4,2,1,3280000.0,1568000.0,0.478,23076000.0,0.466,Pago superior al mínimo,603000.0,0,0.0,2,Poor
52,Dependiente,Formal,31,2571000.0,0.123,2.6,Dependiente,9,2647000.0,264,3,2,1,3530000.0,2505000.0,0.71,13252000.0,0.43,Pago mínimo,309000.0,1,6.4,2,Standard
41,Cuenta propia,Formal,27,2260000.0,0.411,2.2,Independiente,12,953000.0,156,2,1,0,0.0,0.0,0.0,3196000.0,0.118,No aplica,0.0,1,12.4,0,Poor
46,Dependiente,Formal,17,3980000.0,0.026,1.4,Dependiente,9,3931000.0,52,4,1,1,3111000.0,776000.0,0.249,11900000.0,0.249,Pago total,667000.0,1,9.4,0,Standard
30,Independiente,Informal,34,2386000.0,0.437,2.8,Sin cotizacion,0,0.0,18,2,1,1,2104000.0,877000.0,0.417,16427000.0,0.574,Pago superior al mínimo,287000.0,1,4.3,0,Poor
56,Pensionado,No aplica,145,5192000.0,0.102,12.1,Pensionado,12,5374000.0,347,4,1,1,7050000.0,3404000.0,0.483,28788000.0,0.462,Pago mínimo,230000.0,5,19.2,3,Poor
27,Dependiente,Formal,87,3163000.0,0.214,7.2,Dependiente,11,3272000.0,37,3,1,1,6002000.0,2623000.0,0.437,6284000.0,0.166,Pago superior al mínimo,1273000.0,0,0.0,0,Poor
45,Dependiente,Formal,47,3656000.0,0.051,3.9,Dependiente,12,3965000.0,125,2,1,0,0.0,0.0,0.0,7899000.0,0.18,No aplica,0.0,0,0.0,1,Standard
36,Dependiente,Informal,16,1663000.0,0.154,1.3,Sin cotizacion,0,0.0,119,3,1,0,0.0,0.0,0.0,5350000.0,0.268,No aplica,0.0,0,0.0,0,Standard
36,Dependiente,Formal,85,2438000.0,0.024,7.1,Dependiente,9,2285000.0,95,1,0,1,3504000.0,1748000.0,0.499,1748000.0,0.06,Pago total,1715000.0,0,0.0,1,Standard
53,Dependiente,Formal,173,4760000.0,0.191,14.4,Dependiente,7,4894000.0,138,3,0,0,0.0,0.0,0.0,0.0,0.0,No aplica,0.0,0,0.0,0,Good
26,Cuenta propia,Informal,65,1314000.0,0.769,5.4,Sin cotizacion,0,0.0,69,2,1,0,0.0,0.0,0.0,2774000.0,0.176,No aplica,0.0,4,11.2,0,Poor
35,Independiente,Informal,42,2237000.0,0.144,3.5,Sin cotizacion,0,0.0,189,1,0,1,3910000.0,1555000.0,0.398,1555000.0,0.058,Pago superior al mínimo,382000.0,1,1.4,0,Good
41,Independiente,Informal,61,3184000.0,0.291,5.1,Sin cotizacion,0,0.0,145,4,1,1,4612000.0,1719000.0,0.373,4481000.0,0.117,Pago superior al mínimo,470000.0,0,0.0,3,Good
41,Dependiente,Formal,81,3832000.0,0.075,6.8,Dependiente,12,4009000.0,179,3,0,0,0.0,0.0,0.0,0.0,0.0,No aplica,0.0,0,0.0,4,Good
40,Cuenta propia,Informal,3,2345000.0,0.412,0.2,Sin cotizacion,0,0.0,252,2,1,1,5735000.0,4219000.0,0.736,7087000.0,0.252,Pago mínimo,435000.0,0,0.0,2,Standard
37,Desempleado,No aplica,0,967000.0,0.679,0.0,Sin cotizacion,0,0.0,118,1,0,0,0.0,0.0,0.0,0.0,0.0,No aplica,0.0,0,0.0,1,Poor
46,Cuenta propia,Informal,47,387000.0,0.357,3.9,Sin cotizacion,0,0.0,329,2,2,0,0.0,0.0,0.0,2327000.0,0.501,No aplica,0.0,1,9.0,1,Good
29,Dependiente,Informal,41,2930000.0,0.078,3.4,Sin cotizacion,0,0.0,81,2,1,1,5065000.0,4884000.0,0.964,25410000.0,0.723,Pago mínimo,302000.0,0,0.0,0,Poor
22,Cuenta propia,Formal,48,1259000.0,0.626,4.0,Independiente,11,554000.0,43,2,1,1,1571000.0,1087000.0,0.692,2740000.0,0.181,Pago mínimo,118000.0,1,15.9,0,Poor
39,Dependiente,Formal,46,4488000.0,0.037,3.8,Dependiente,8,4443000.0,158,3,1,1,9029000.0,1711000.0,0.19,6544000.0,0.122,Pago superior al mínimo,479000.0,1,14.4,2,Good
59,Dependiente,Formal,111,2665000.0,0.199,9.2,Dependiente,12,2520000.0,454,3,1,0,0.0,0.0,0.0,11098000.0,0.347,No aplica,0.0,0,0.0,2,Good
37,Dependiente,Formal,33,6119000.0,0.047,2.8,Dependiente,12,6496000.0,174,3,1,1,8182000.0,6436000.0,0.787,20688000.0,0.282,Pago superior al mínimo,2525000.0,2,7.8,0,Poor
22,Cuenta propia,Informal,33,3294000.0,0.18,2.8,Sin cotizacion,0,0.0,21,2,0,1,5621000.0,1672000.0,0.297,1672000.0,0.042,Pago total,1364000.0,1,4.4,0,Standard
74,Pensionado,No aplica,181,3229000.0,0.376,15.1,Pensionado,12,3182000.0,379,1,1,0,0.0,0.0,0.0,5015000.0,0.129,No aplica,0.0,1,23.1,0,Standard
25,Dependiente,Formal,12,4453000.0,0.146,1.0,Dependiente,12,4400000.0,54,5,3,1,8912000.0,5453000.0,0.612,29018000.0,0.543,Pago mínimo,362000.0,1,22.6,1,Good
52,Dependiente,Formal,49,2853000.0,0.184,4.1,Dependiente,9,3089000.0,215,2,0,0,0.0,0.0,0.0,0.0,0.0,No aplica,0.0,0,0.0,0,Good
53,Dependiente,Formal,83,3019000.0,0.194,6.9,Dependiente,10,2865000.0,299,2,1,1,7956000.0,733000.0,0.092,6240000.0,0.172,Pago total,664000.0,0,0.0,2,Good
50,Dependiente,Informal,20,4129000.0,0.027,1.7,Sin cotizacion,0,0.0,248,2,0,1,11955000.0,1673000.0,0.14,1673000.0,0.034,Pago total,1571000.0,0,0.0,1,Standard
49,Dependiente,Formal,128,2824000.0,0.032,10.7,Dependiente,11,2917000.0,276,2,0,0,0.0,0.0,0.0,0.0,0.0,No aplica,0.0,0,0.0,0,Standard
48,Dependiente,Formal,73,7647000.0,0.07,6.1,Dependiente,10,7416000.0,203,2,1,1,23851000.0,12306000.0,0.516,37228000.0,0.406,Pago superior al mínimo,4616000.0,1,2.1,3,Poor
41,Independiente,Informal,24,2153000.0,0.465,2.0,Sin cotizacion,0,0.0,98,2,1,0,0.0,0.0,0.0,4993000.0,0.193,No aplica,0.0,0,0.0,1,Standard
36,Dependiente,Formal,111,4429000.0,0.121,9.2,Dependiente,6,4292000.0,163,5,1,1,9104000.0,3527000.0,0.387,6803000.0,0.128,Pago superior al mínimo,1036000.0,0,0.0,5,Good
55,Dependiente,Formal,52,10262000.0,0.135,4.3,Dependiente,8,10331000.0,225,4,1,0,0.0,0.0,0.0,18895000.0,0.153,No aplica,0.0,0,0.0,0,Good
48,Dependiente,Formal,35,2904000.0,0.14,2.9,Dependiente,11,2983000.0,162,1,0,1,3656000.0,2660000.0,0.728,2660000.0,0.076,Pago mínimo,288000.0,0,0.0,0,Standard
59,Pensionado,No aplica,223,2579000.0,0.396,18.6,Pensionado,12,2653000.0,171,2,0,0,0.0,0.0,0.0,0.0,0.0,No aplica,0.0,0,0.0,0,Standard
25,Independiente,Informal,11,5062000.0,0.242,0.9,Sin cotizacion,0,0.0,33,2,1,1,7757000.0,3160000.0,0.407,36548000.0,0.602,Pago mínimo,245000.0,3,16.4,0,Poor
39,Independiente,Informal,21,5486000.0,0.18,1.8,Sin cotizacion,0,0.0,231,5,1,1,5343000.0,2584000.0,0.484,25150000.0,0.382,Pago superior al mínimo,1260000.0,0,0.0,1,Standard
56,Dependiente,Formal,66,3443000.0,0.147,5.5,Dependiente,10,3592000.0,127,2,1,1,3686000.0,2361000.0,0.641,17920000.0,0.434,Pago mínimo,156000.0,4,39.1,0,Poor
19,Cuenta propia,Formal,12,1165000.0,0.397,1.0,Independiente,1,433000.0,7,1,0,0,0.0,0.0,0.0,0.0,0.0,No aplica,0.0,0,0.0,2,Good
44,Dependiente,Informal,148,2310000.0,0.131,12.3,Sin cotizacion,0,0.0,176,4,2,1,3254000.0,1275000.0,0.392,6643000.0,0.24,Pago superior al mínimo,488000.0,0,0.0,4,Good
45,Independiente,Formal,81,10979000.0,0.334,6.8,Independiente,11,3889000.0,274,4,1,1,19210000.0,10772000.0,0.561,38544000.0,0.293,Pago superior al mínimo,3641000.0,1,21.7,1,Standard
38,Cuenta propia,Informal,27,1719000.0,0.133,2.2,Sin cotizacion,0,0.0,191,2,0,1,1669000.0,762000.0,0.457,762000.0,0.037,Pago superior al mínimo,231000.0,1,5.9,1,Standard
48,Independiente,Formal,47,4640000.0,0.199,3.9,Independiente,8,1792000.0,211,5,3,0,0.0,0.0,0.0,51605000.0,0.927,No aplica,0.0,1,13.6,4,Poor
29,Cuenta propia,Informal,37,1403000.0,0.317,3.1,Sin cotizacion,0,0.0,73,1,0,1,2214000.0,1889000.0,0.853,1889000.0,0.112,Pago superior al mínimo,658000.0,1,14.7,0,Standard
44,Independiente,Informal,60,4801000.0,0.373,5.0,Sin cotizacion,0,0.0,161,3,0,1,3215000.0,2109000.0,0.656,2109000.0,0.037,Pago superior al mínimo,497000.0,0,0.0,1,Poor
30,Dependiente,Formal,25,3546000.0,0.078,2.1,Dependiente,9,3595000.0,56,3,1,1,4048000.0,2240000.0,0.553,9682000.0,0.228,Pago superior al mínimo,737000.0,0,0.0,0,Good
74,Pensionado,No aplica,205,1592000.0,0.073,17.1,Pensionado,12,1582000.0,167,2,1,0,0.0,0.0,0.0,6870000.0,0.36,No aplica,0.0,0,0.0,0,Good
40,Dependiente,Formal,59,2384000.0,0.165,4.9,Dependiente,11,2146000.0,78,2,2,1,4475000.0,3872000.0,0.865,9337000.0,0.326,Pago superior al mínimo,1819000.0,1,18.6,2,Poor
24,Dependiente,Formal,72,1252000.0,0.248,6.0,Dependiente,10,1160000.0,61,2,0,1,1557000.0,1195000.0,0.768,1195000.0,0.08,Pago total,993000.0,0,0.0,1,Standard
50,Dependiente,Formal,67,2745000.0,0.183,5.6,Dependiente,11,2719000.0,208,4,2,1,6685000.0,1821000.0,0.272,14433000.0,0.438,Pago total,1661000.0,0,0.0,2,Standard
37,Dependiente,Formal,83,5106000.0,0.169,6.9,Dependiente,4,5281000.0,115,4,2,1,9056000.0,3592000.0,0.397,17479000.0,0.285,Pago superior al mínimo,1560000.0,1,11.9,6,Poor
34,Dependiente,Formal,159,6274000.0,0.098,13.2,Dependiente,4,6047000.0,45,3,1,0,0.0,0.0,0.0,32770000.0,0.435,No aplica,0.0,0,0.0,3,Standard
46,Dependiente,Informal,50,3904000.0,0.037,4.2,Sin cotizacion,0,0.0,259,1,0,0,0.0,0.0,0.0,0.0,0.0,No aplica,0.0,0,0.0,2,Standard
50,Dependiente,Formal,56,5121000.0,0.171,4.7,Dependiente,11,5271000.0,111,4,1,1,2904000.0,1270000.0,0.437,11152000.0,0.181,Pago superior al mínimo,566000.0,0,0.0,0,Standard
48,Independiente,Formal,38,4062000.0,0.448,3.2,Independiente,12,1382000.0,318,3,0,1,6144000.0,1603000.0,0.261,1603000.0,0.033,Pago total,1338000.0,1,5.5,2,Standard
46,Dependiente,Formal,59,5547000.0,0.085,4.9,Dependiente,9,5604000.0,82,3,2,0,0.0,0.0,0.0,19350000.0,0.291,No aplica,0.0,2,12.5,2,Standard
44,Dependiente,Formal,38,4366000.0,0.18,3.2,Dependiente,11,4412000.0,42,4,2,0,0.0,0.0,0.0,8344000.0,0.159,No aplica,0.0,1,17.7,0,Good
29,Independiente,Formal,70,11672000.0,0.37,5.8,Independiente,6,4888000.0,59,5,1,1,15336000.0,11148000.0,0.727,51142000.0,0.365,Pago mínimo,1382000.0,1,5.3,2,Poor
43,Dependiente,Formal,70,3635000.0,0.187,5.8,Dependiente,9,3488000.0,139,1,1,1,8400000.0,3861000.0,0.46,13550000.0,0.311,Pago total,3677000.0,0,0.0,1,Poor
46,Independiente,Informal,9,7897000.0,0.582,0.8,Sin cotizacion,0,0.0,257,3,1,1,5735000.0,2034000.0,0.355,17642000.0,0.186,Pago total,1850000.0,0,0.0,1,Poor
44,Independiente,Informal,32,5447000.0,0.178,2.7,Sin cotizacion,0,0.0,211,2,0,1,11023000.0,2985000.0,0.271,2985000.0,0.046,Pago total,2641000.0,0,0.0,0,Good
19,Desempleado,No aplica,0,0.0,0.886,0.0,Sin cotizacion,0,0.0,1,1,0,0,0.0,0.0,0.0,0.0,0.0,No aplica,0.0,0,0.0,0,Standard
26,Independiente,Formal,96,5623000.0,0.44,8.0,Independiente,4,1901000.0,31,3,2,1,14200000.0,2530000.0,0.178,35818000.0,0.531,Pago superior al mínimo,553000.0,1,14.8,1,Poor
42,Dependiente,Formal,68,4875000.0,0.064,5.7,Dependiente,12,5017000.0,255,5,2,1,12442000.0,3572000.0,0.287,42701000.0,0.73,Pago superior al mínimo,723000.0,1,29.6,2,Poor
56,Cuenta propia,Informal,22,8206000.0,0.425,1.8,Sin cotizacion,0,0.0,362,5,3,1,10153000.0,6269000.0,0.617,62411000.0,0.634,Pago mínimo,679000.0,1,3.4,2,Poor
48,Dependiente,Formal,93,3276000.0,0.084,7.8,Dependiente,9,3076000.0,214,4,0,1,6448000.0,762000.0,0.118,762000.0,0.019,Pago total,665000.0,0,0.0,4,Good
27,Dependiente,Formal,60,3013000.0,0.037,5.0,Dependiente,9,2920000.0,45,2,0,1,4688000.0,3399000.0,0.725,3399000.0,0.094,Pago total,2910000.0,0,0.0,0,Standard
44,Cuenta propia,Informal,28,2192000.0,0.403,2.3,Sin cotizacion,0,0.0,258,1,0,1,6634000.0,1774000.0,0.267,1774000.0,0.067,Pago total,1460000.0,1,5.8,0,Good
31,Dependiente,Formal,111,1180000.0,0.095,9.2,Dependiente,12,1246000.0,20,1,1,0,0.0,0.0,0.0,3151000.0,0.223,No aplica,0.0,1,10.7,1,Good
43,Cuenta propia,Informal,15,1492000.0,0.545,1.2,Sin cotizacion,0,0.0,67,1,0,1,2884000.0,1067000.0,0.37,1067000.0,0.06,Pago superior al mínimo,512000.0,2,11.3,0,Standard
33,Cuenta propia,Informal,52,1405000.0,0.677,4.3,Sin cotizacion,0,0.0,86,2,1,1,2008000.0,553000.0,0.275,4549000.0,0.27,Pago total,463000.0,1,11.4,3,Poor
27,Cuenta propia,Informal,9,11714000.0,0.823,0.8,Sin cotizacion,0,0.0,80,3,0,1,17139000.0,11494000.0,0.671,11494000.0,0.082,Pago superior al mínimo,4580000.0,0,0.0,0,Standard
34,Cuenta propia,Informal,97,2399000.0,0.491,8.1,Sin cotizacion,0,0.0,115,1,1,1,1964000.0,943000.0,0.48,2470000.0,0.086,Pago superior al mínimo,200000.0,2,5.9,0,Standard
43,Dependiente,Formal,40,4745000.0,0.019,3.3,Dependiente,8,4777000.0,100,5,1,1,4891000.0,1875000.0,0.383,14768000.0,0.259,Pago total,1747000.0,0,0.0,1,Good
37,Dependiente,Formal,68,1845000.0,0.125,5.7,Dependiente,9,1872000.0,169,2,1,0,0.0,0.0,0.0,1273000.0,0.057,No aplica,0.0,0,0.0,1,Good
28,Independiente,Formal,120,3427000.0,0.205,10.0,Independiente,4,1456000.0,93,2,1,1,4407000.0,3696000.0,0.839,10583000.0,0.257,Pago mínimo,426000.0,3,28.0,1,Poor
41,Dependiente,Formal,27,5675000.0,0.304,2.2,Dependiente,12,5809000.0,218,3,1,1,10388000.0,5268000.0,0.507,21637000.0,0.318,Pago superior al mínimo,2486000.0,1,13.3,0,Standard
39,Independiente,Informal,21,17748000.0,0.312,1.8,Sin cotizacion,0,0.0,149,6,1,1,12136000.0,8447000.0,0.696,19275000.0,0.091,Pago mínimo,923000.0,0,0.0,4,Poor
49,Independiente,Informal,50,1760000.0,0.329,4.2,Sin cotizacion,0,0.0,236,3,0,1,2781000.0,1703000.0,0.612,1703000.0,0.081,Pago superior al mínimo,354000.0,2,9.8,0,Standard
30,Independiente,Formal,22,1123000.0,0.493,1.8,Independiente,7,448000.0,45,1,0,1,1060000.0,883000.0,0.833,883000.0,0.066,Pago mínimo,129000.0,5,16.7,0,Standard
35,Dependiente,Formal,84,2466000.0,0.26,7.0,Dependiente,12,2377000.0,29,3,0,1,1739000.0,576000.0,0.331,576000.0,0.019,Pago total,472000.0,0,0.0,0,Standard
37,Dependiente,Formal,77,2524000.0,0.196,6.4,Dependiente,8,2776000.0,86,3,1,1,2168000.0,178000.0,0.082,5399000.0,0.178,Pago superior al mínimo,48000.0,1,5.4,2,Poor
31,Dependiente,Formal,20,2373000.0,0.03,1.7,Dependiente,5,2345000.0,77,3,1,1,3267000.0,410000.0,0.125,4181000.0,0.147,Pago total,389000.0,0,0.0,1,Poor
39,Dependiente,Formal,18,5488000.0,0.113,1.5,Dependiente,12,5561000.0,77,5,1,1,8611000.0,3539000.0,0.411,12877000.0,0.196,Pago total,3328000.0,0,0.0,0,Good
47,Cuenta propia,Informal,4,2908000.0,0.819,0.3,Sin cotizacion,0,0.0,190,2,1,1,4569000.0,800000.0,0.175,10436000.0,0.299,Pago superior al mínimo,333000.0,1,13.1,1,Standard
47,Dependiente,Formal,76,2378000.0,0.052,6.3,Dependiente,11,2420000.0,96,2,0,0,0.0,0.0,0.0,0.0,0.0,No aplica,0.0,0,0.0,1,Good
46,Dependiente,Informal,17,5836000.0,0.142,1.4,Sin cotizacion,0,0.0,170,4,1,1,6844000.0,2713000.0,0.396,42855000.0,0.612,Pago superior al mínimo,884000.0,0,0.0,3,Poor
37,Dependiente,Formal,26,8373000.0,0.348,2.2,Dependiente,10,8195000.0,118,4,1,1,9532000.0,6420000.0,0.674,33426000.0,0.333,Pago superior al mínimo,2019000.0,1,16.0,0,Good
36,Independiente,Formal,105,1290000.0,0.476,8.8,Independiente,9,494000.0,111,2,0,0,0.0,0.0,0.0,0.0,0.0,No aplica,0.0,0,0.0,1,Good
28,Independiente,Formal,120,7676000.0,0.341,10.0,Independiente,7,3527000.0,60,2,0,1,10771000.0,3907000.0,0.363,3907000.0,0.042,Pago superior al mínimo,1471000.0,1,7.1,0,Poor
20,Dependiente,Formal,24,2710000.0,0.127,2.0,Dependiente,11,2630000.0,4,2,0,1,1675000.0,1061000.0,0.633,1061000.0,0.033,Pago superior al mínimo,299000.0,0,0.0,3,Standard
32,Dependiente,Formal,68,2213000.0,0.137,5.7,Dependiente,11,2250000.0,125,2,1,1,3090000.0,932000.0,0.302,5431000.0,0.205,Pago total,782000.0,0,0.0,2,Good
18,Independiente,Formal,0,1223000.0,0.836,0.0,Independiente,0,0.0,0,0,0,0,0.0,0.0,0.0,0.0,0.0,No aplica,0.0,0,0.0,1,Good
31,Dependiente,Formal,25,2728000.0,0.263,2.1,Dependiente,7,2826000.0,88,1,0,1,4299000.0,1103000.0,0.257,1103000.0,0.034,Pago total,917000.0,0,0.0,0,Good
38,Independiente,Formal,33,2842000.0,0.574,2.8,Independiente,12,1112000.0,115,1,0,1,2189000.0,512000.0,0.234,512000.0,0.015,Pago superior al mínimo,162000.0,0,0.0,0,Good
30,Independiente,Informal,18,2721000.0,0.519,1.5,Sin cotizacion,0,0.0,94,1,0,1,5572000.0,4333000.0,0.778,4333000.0,0.133,Pago irregular,311000.0,2,4.5,2,Poor
41,Dependiente,Formal,123,9782000.0,0.065,10.2,Dependiente,10,9745000.0,152,4,3,0,0.0,0.0,0.0,24462000.0,0.208,No aplica,0.0,1,3.3,1,Standard
20,Dependiente,Formal,24,2328000.0,0.073,2.0,Dependiente,8,2417000.0,19,2,1,0,0.0,0.0,0.0,11327000.0,0.405,No aplica,0.0,0,0.0,0,Good
19,Desempleado,No aplica,0,0.0,0.666,0.0,Sin cotizacion,0,0.0,3,1,0,1,909000.0,540000.0,0.594,540000.0,2.0,Pago irregular,40000.0,1,21.5,0,Poor
30,Dependiente,Formal,66,1756000.0,0.353,5.5,Dependiente,9,1746000.0,87,3,0,1,2909000.0,1418000.0,0.487,1418000.0,0.067,Pago total,1387000.0,0,0.0,3,Poor
42,Independiente,Informal,33,4889000.0,0.497,2.8,Sin cotizacion,0,0.0,239,4,0,1,4097000.0,3363000.0,0.821,3363000.0,0.057,Pago superior al mínimo,879000.0,0,0.0,0,Poor
35,Dependiente,Informal,53,2137000.0,0.111,4.4,Sin cotizacion,0,0.0,128,2,0,0,0.0,0.0,0.0,0.0,0.0,No aplica,0.0,0,0.0,0,Good
41,Dependiente,Formal,99,6641000.0,0.102,8.2,Dependiente,12,6089000.0,226,4,0,0,0.0,0.0,0.0,0.0,0.0,No aplica,0.0,0,0.0,0,Good
51,Dependiente,Formal,66,2320000.0,0.33,5.5,Dependiente,10,2460000.0,249,1,0,1,4278000.0,1728000.0,0.404,1728000.0,0.062,Pago total,1588000.0,1,5.8,0,Standard
45,Dependiente,Formal,113,3716000.0,0.102,9.4,Dependiente,11,3571000.0,179,3,0,1,4866000.0,2916000.0,0.599,2916000.0,0.065,Pago superior al mínimo,1152000.0,0,0.0,1,Good
28,Desempleado,No aplica,0,1121000.0,0.72,0.0,Sin cotizacion,0,0.0,66,3,1,0,0.0,0.0,0.0,2016000.0,0.15,No aplica,0.0,0,0.0,0,Standard
48,Dependiente,Formal,50,2498000.0,0.15,4.2,Dependiente,12,2520000.0,117,1,1,1,2800000.0,1179000.0,0.421,2849000.0,0.095,Pago total,1052000.0,1,4.2,0,Good
32,Dependiente,Informal,49,1404000.0,0.508,4.1,Sin cotizacion,0,0.0,79,2,1,1,2765000.0,1046000.0,0.378,2371000.0,0.141,Pago superior al mínimo,388000.0,1,5.1,0,Poor
39,Dependiente,Formal,111,4261000.0,0.203,9.2,Dependiente,11,4036000.0,181,2,1,0,0.0,0.0,0.0,3735000.0,0.073,No aplica,0.0,1,4.7,0,Poor
33,Dependiente,Formal,102,3503000.0,0.144,8.5,Dependiente,11,3431000.0,158,4,2,1,2376000.0,1966000.0,0.827,8758000.0,0.208,Pago superior al mínimo,467000.0,1,14.6,3,Good
53,Dependiente,Formal,37,5492000.0,0.049,3.1,Dependiente,9,5396000.0,197,3,1,1,9999000.0,8241000.0,0.824,29473000.0,0.447,Pago mínimo,1153000.0,2,6.9,1,Poor
31,Dependiente,Formal,58,3232000.0,0.042,4.8,Dependiente,11,3255000.0,62,2,1,1,5472000.0,2135000.0,0.39,9488000.0,0.245,Pago total,1766000.0,1,6.7,0,Standard
31,Independiente,Informal,6,2128000.0,0.26,0.5,Sin cotizacion,0,0.0,116,3,1,0,0.0,0.0,0.0,6049000.0,0.237,No aplica,0.0,1,4.7,2,Standard
37,Dependiente,Formal,30,4142000.0,0.025,2.5,Dependiente,10,3997000.0,208,3,1,1,5484000.0,4347000.0,0.793,5688000.0,0.114,Pago superior al mínimo,1958000.0,1,5.4,1,Poor
18,Dependiente,Formal,0,6115000.0,0.106,0.0,Dependiente,0,0.0,0,0,0,0,0.0,0.0,0.0,0.0,0.0,No aplica,0.0,0,0.0,1,Good
34,Cuenta propia,Informal,31,887000.0,0.438,2.6,Sin cotizacion,0,0.0,84,1,0,0,0.0,0.0,0.0,0.0,0.0,No aplica,0.0,0,0.0,0,Good
40,Dependiente,Formal,78,2436000.0,0.185,6.5,Dependiente,12,2629000.0,144,3,0,0,0.0,0.0,0.0,0.0,0.0,No aplica,0.0,0,0.0,1,Good
31,Desempleado,No aplica,0,921000.0,0.881,0.0,Sin cotizacion,0,0.0,60,2,1,0,0.0,0.0,0.0,3034000.0,0.275,No aplica,0.0,1,15.3,0,Good
22,Dependiente,Formal,29,2522000.0,0.088,2.4,Dependiente,8,2524000.0,34,3,1,0,0.0,0.0,0.0,7595000.0,0.251,No aplica,0.0,1,15.2,0,Standard
22,Desempleado,No aplica,0,2133000.0,0.537,0.0,Sin cotizacion,0,0.0,35,2,2,1,3247000.0,1380000.0,0.425,4043000.0,0.158,Pago superior al mínimo,298000.0,0,0.0,2,Standard
30,Independiente,Informal,27,2418000.0,0.477,2.2,Sin cotizacion,0,0.0,116,3,0,0,0.0,0.0,0.0,0.0,0.0,No aplica,0.0,0,0.0,2,Standard
59,Desempleado,No aplica,0,555000.0,0.365,0.0,Sin cotizacion,0,0.0,52,1,0,1,500000.0,89000.0,0.178,89000.0,0.013,Pago total,78000.0,0,0.0,1,Poor
53,Desempleado,No aplica,0,1120000.0,0.95,0.0,Sin cotizacion,0,0.0,388,2,1,1,1384000.0,563000.0,0.407,1560000.0,0.116,Pago superior al mínimo,146000.0,0,0.0,1,Poor
33,Dependiente,Formal,104,1351000.0,0.04,8.7,Dependiente,9,1399000.0,39,1,1,0,0.0,0.0,0.0,5662000.0,0.349,No aplica,0.0,2,8.2,1,Poor
47,Desempleado,No aplica,0,678000.0,0.782,0.0,Sin cotizacion,0,0.0,301,1,0,0,0.0,0.0,0.0,0.0,0.0,No aplica,0.0,0,0.0,0,Standard
41,Dependiente,Formal,74,3419000.0,0.142,6.2,Dependiente,6,3418000.0,204,3,0,1,4216000.0,2024000.0,0.48,2024000.0,0.049,Pago superior al mínimo,501000.0,1,6.5,3,Standard
40,Dependiente,Informal,42,10083000.0,0.244,3.5,Sin cotizacion,0,0.0,105,4,0,1,27831000.0,4224000.0,0.152,4224000.0,0.035,Pago superior al mínimo,1699000.0,0,0.0,0,Poor
50,Dependiente,Informal,31,2940000.0,0.221,2.6,Sin cotizacion,0,0.0,156,2,0,0,0.0,0.0,0.0,0.0,0.0,No aplica,0.0,0,0.0,1,Standard
36,Dependiente,Informal,17,1744000.0,0.221,1.4,Sin cotizacion,0,0.0,157,3,2,0,0.0,0.0,0.0,4735000.0,0.226,No aplica,0.0,2,12.3,3,Good
34,Dependiente,Formal,35,2066000.0,0.113,2.9,Dependiente,10,2148000.0,166,2,1,1,1936000.0,1409000.0,0.728,9373000.0,0.378,Pago superior al mínimo,657000.0,0,0.0,1,Standard
35,Independiente,Formal,58,1179000.0,0.072,4.8,Independiente,5,377000.0,50,1,0,0,0.0,0.0,0.0,0.0,0.0,No aplica,0.0,0,0.0,0,Good
50,Dependiente,Formal,91,4699000.0,0.217,7.6,Dependiente,12,4567000.0,147,3,2,1,2654000.0,1763000.0,0.664,20683000.0,0.367,Pago superior al mínimo,771000.0,1,4.3,3,Poor
34,Independiente,Informal,15,4163000.0,0.358,1.2,Sin cotizacion,0,0.0,132,4,1,0,0.0,0.0,0.0,5966000.0,0.119,No aplica,0.0,3,21.6,3,Poor
30,Cuenta propia,Informal,20,1450000.0,0.594,1.7,Sin cotizacion,0,0.0,79,1,1,0,0.0,0.0,0.0,2648000.0,0.152,No aplica,0.0,0,0.0,1,Standard
30,Dependiente,Formal,66,3284000.0,0.093,5.5,Dependiente,12,3215000.0,41,3,1,1,4627000.0,949000.0,0.205,2749000.0,0.07,Pago total,814000.0,0,0.0,0,Good
20,Dependiente,Formal,24,1728000.0,0.057,2.0,Dependiente,11,1691000.0,9,2,0,1,2198000.0,826000.0,0.376,826000.0,0.04,Pago total,761000.0,0,0.0,1,Good
49,Dependiente,Informal,37,2937000.0,0.166,3.1,Sin cotizacion,0,0.0,34,2,1,0,0.0,0.0,0.0,7524000.0,0.213,No aplica,0.0,1,12.6,0,Poor
35,Dependiente,Formal,75,4342000.0,0.054,6.2,Dependiente,7,4432000.0,55,3,1,1,4621000.0,3068000.0,0.664,7051000.0,0.135,Pago total,2635000.0,0,0.0,0,Standard
29,Dependiente,Formal,53,2569000.0,0.289,4.4,Dependiente,10,2629000.0,66,2,1,0,0.0,0.0,0.0,1564000.0,0.051,No aplica,0.0,1,5.9,1,Good
41,Dependiente,Formal,144,7969000.0,0.141,12.0,Dependiente,12,7945000.0,145,4,3,1,5459000.0,4086000.0,0.748,22339000.0,0.234,Pago superior al mínimo,928000.0,1,3.7,1,Poor
34,Dependiente,Formal,69,2373000.0,0.186,5.8,Dependiente,8,2368000.0,127,2,1,1,2057000.0,384000.0,0.187,3013000.0,0.106,Pago superior al mínimo,90000.0,1,25.6,1,Poor
45,Desempleado,No aplica,0,1052000.0,0.612,0.0,Sin cotizacion,0,0.0,95,1,1,0,0.0,0.0,0.0,3078000.0,0.244,No aplica,0.0,0,0.0,0,Good
37,Independiente,Formal,107,1008000.0,0.533,8.9,Independiente,10,484000.0,86,1,0,0,0.0,0.0,0.0,0.0,0.0,No aplica,0.0,0,0.0,0,Standard
59,Dependiente,Formal,35,1550000.0,0.094,2.9,Dependiente,10,1570000.0,425,4,0,0,0.0,0.0,0.0,0.0,0.0,No aplica,0.0,0,0.0,5,Standard
29,Independiente,Formal,61,4909000.0,0.525,5.1,Independiente,12,1571000.0,50,3,1,1,5031000.0,1380000.0,0.274,7221000.0,0.123,Pago superior al mínimo,348000.0,1,9.0,4,Poor
42,Dependiente,Formal,224,4611000.0,0.023,18.7,Dependiente,9,4753000.0,164,3,1,1,5726000.0,1462000.0,0.255,16501000.0,0.298,Pago total,1363000.0,0,0.0,1,Standard
25,Dependiente,Formal,70,2299000.0,0.147,5.8,Dependiente,6,2350000.0,55,2,0,0,0.0,0.0,0.0,0.0,0.0,No aplica,0.0,0,0.0,2,Good
30,Independiente,Informal,22,6465000.0,0.287,1.8,Sin cotizacion,0,0.0,103,3,2,1,3562000.0,157000.0,0.044,46133000.0,0.595,Pago superior al mínimo,38000.0,3,17.3,0,Good
51,Dependiente,Formal,109,3635000.0,0.128,9.1,Dependiente,11,3804000.0,333,2,2,1,8702000.0,2068000.0,0.238,29288000.0,0.671,Pago total,1893000.0,0,0.0,1,Poor
45,Dependiente,Formal,55,2974000.0,0.18,4.6,Dependiente,9,3045000.0,67,3,1,0,0.0,0.0,0.0,19638000.0,0.55,No aplica,0.0,1,4.4,4,Poor
37,Desempleado,No aplica,0,2901000.0,0.63,0.0,Sin cotizacion,0,0.0,155,3,1,1,7501000.0,3018000.0,0.402,10899000.0,0.313,Pago superior al mínimo,605000.0,0,0.0,0,Poor
33,Cuenta propia,Informal,25,1175000.0,0.577,2.1,Sin cotizacion,0,0.0,72,1,0,1,942000.0,305000.0,0.324,305000.0,0.022,Pago total,289000.0,0,0.0,1,Standard
30,Independiente,Formal,22,1697000.0,0.247,1.8,Independiente,10,617000.0,61,4,0,1,1200000.0,599000.0,0.499,599000.0,0.029,Pago superior al mínimo,166000.0,1,4.5,2,Standard
41,Independiente,Formal,16,4486000.0,0.395,1.3,Independiente,4,1954000.0,152,3,0,0,0.0,0.0,0.0,0.0,0.0,No aplica,0.0,0,0.0,2,Poor
44,Independiente,Formal,81,17822000.0,0.442,6.8,Independiente,9,7200000.0,119,5,2,1,14785000.0,654000.0,0.044,104683000.0,0.489,Pago superior al mínimo,242000.0,2,23.9,3,Poor
27,Dependiente,Formal,50,1351000.0,0.107,4.2,Dependiente,10,1408000.0,94,1,0,1,2359000.0,1433000.0,0.607,1433000.0,0.088,Pago superior al mínimo,436000.0,0,0.0,2,Standard
41,Dependiente,Formal,88,3495000.0,0.258,7.3,Dependiente,11,3711000.0,254,2,1,0,0.0,0.0,0.0,4602000.0,0.11,No aplica,0.0,0,0.0,1,Standard
59,Dependiente,Formal,78,4944000.0,0.04,6.5,Dependiente,12,4920000.0,269,4,1,1,5991000.0,4248000.0,0.709,6447000.0,0.109,Pago mínimo,439000.0,1,9.9,3,Good
60,Independiente,Formal,68,4508000.0,0.372,5.7,Independiente,12,1961000.0,225,4,1,0,0.0,0.0,0.0,11123000.0,0.206,No aplica,0.0,1,4.9,2,Good
43,Dependiente,Formal,57,4513000.0,0.236,4.8,Dependiente,12,4700000.0,140,3,0,0,0.0,0.0,0.0,0.0,0.0,No aplica,0.0,0,0.0,1,Good
47,Dependiente,Formal,41,2861000.0,0.245,3.4,Dependiente,12,2879000.0,150,3,1,1,3540000.0,369000.0,0.104,2720000.0,0.079,Pago total,310000.0,1,6.8,1,Good
24,Desempleado,No aplica,0,0.0,0.695,0.0,Sin cotizacion,0,0.0,12,2,1,0,0.0,0.0,0.0,0.0,0.0,No aplica,0.0,0,0.0,0,Poor
30,Cuenta propia,Informal,15,1258000.0,0.225,1.2,Sin cotizacion,0,0.0,37,3,0,1,3591000.0,1739000.0,0.484,1739000.0,0.115,Pago superior al mínimo,671000.0,1,12.6,0,Poor
59,Cuenta propia,Informal,9,1748000.0,0.868,0.8,Sin cotizacion,0,0.0,274,2,0,1,2551000.0,913000.0,0.358,913000.0,0.044,Pago superior al mínimo,424000.0,1,0.4,1,Poor
29,Dependiente,Informal,29,2188000.0,0.446,2.4,Sin cotizacion,0,0.0,34,1,0,1,4586000.0,1383000.0,0.302,1383000.0,0.053,Pago total,1266000.0,0,0.0,1,Standard
51,Cuenta propia,Informal,79,2772000.0,0.477,6.6,Sin cotizacion,0,0.0,335,4,0,1,5316000.0,2604000.0,0.49,2604000.0,0.078,Pago superior al mínimo,866000.0,0,0.0,2,Poor
53,Dependiente,Formal,174,3938000.0,0.274,14.5,Dependiente,11,4246000.0,122,2,0,1,5893000.0,2167000.0,0.368,2167000.0,0.046,Pago superior al mínimo,741000.0,0,0.0,1,Good
57,Cuenta propia,Formal,40,5184000.0,0.393,3.3,Independiente,4,2290000.0,117,2,0,0,0.0,0.0,0.0,0.0,0.0,No aplica,0.0,0,0.0,1,Standard
72,Dependiente,Formal,101,5607000.0,0.17,8.4,Dependiente,11,5476000.0,487,3,0,0,0.0,0.0,0.0,0.0,0.0,No aplica,0.0,0,0.0,1,Standard
40,Cuenta propia,Informal,66,2028000.0,0.601,5.5,Sin cotizacion,0,0.0,227,3,1,1,1540000.0,1221000.0,0.793,3124000.0,0.128,Pago mínimo,110000.0,2,3.8,0,Standard
48,Dependiente,Formal,46,2504000.0,0.179,3.8,Dependiente,8,2530000.0,241,2,0,1,3311000.0,1961000.0,0.592,1961000.0,0.065,Pago superior al mínimo,531000.0,1,10.8,0,Standard
40,Cuenta propia,Informal,47,3204000.0,0.378,3.9,Sin cotizacion,0,0.0,166,2,1,1,3243000.0,750000.0,0.231,10517000.0,0.274,Pago superior al mínimo,235000.0,2,6.6,0,Standard
44,Cuenta propia,Formal,113,1782000.0,0.811,9.4,Independiente,7,774000.0,40,1,1,0,0.0,0.0,0.0,6679000.0,0.312,No aplica,0.0,1,15.2,1,Poor
20,Dependiente,Formal,24,2710000.0,0.082,2.0,Dependiente,11,2918000.0,6,2,1,1,4176000.0,1123000.0,0.269,7141000.0,0.22,Pago superior al mínimo,367000.0,0,0.0,0,Good
40,Dependiente,Formal,82,2036000.0,0.32,6.8,Dependiente,11,2087000.0,178,1,1,0,0.0,0.0,0.0,1981000.0,0.081,No aplica,0.0,2,9.9,0,Good
35,Desempleado,No aplica,0,1825000.0,0.855,0.0,Sin cotizacion,0,0.0,74,1,0,1,3705000.0,1283000.0,0.346,1283000.0,0.059,Pago mínimo,153000.0,0,0.0,0,Poor
66,Cuenta propia,Informal,13,2400000.0,0.517,1.1,Sin cotizacion,0,0.0,352,3,0,0,0.0,0.0,0.0,0.0,0.0,No aplica,0.0,0,0.0,1,Standard
23,Cuenta propia,Formal,60,1154000.0,0.608,5.0,Independiente,7,475000.0,46,1,0,1,921000.0,584000.0,0.634,584000.0,0.042,Pago superior al mínimo,173000.0,1,7.5,0,Good
36,Independiente,Formal,65,1655000.0,0.512,5.4,Independiente,11,746000.0,123,1,1,0,0.0,0.0,0.0,2754000.0,0.139,No aplica,0.0,2,1.3,1,Standard
35,Dependiente,Formal,23,3723000.0,0.124,1.9,Dependiente,12,3690000.0,123,2,1,1,4801000.0,2143000.0,0.446,20770000.0,0.465,Pago superior al mínimo,671000.0,0,0.0,1,Standard
37,Dependiente,Formal,44,6870000.0,0.128,3.7,Dependiente,11,6598000.0,130,5,1,1,14427000.0,7171000.0,0.497,18735000.0,0.227,Pago total,6630000.0,0,0.0,1,Good
46,Dependiente,Formal,41,3285000.0,0.154,3.4,Dependiente,11,3377000.0,274,2,0,1,9007000.0,6231000.0,0.692,6231000.0,0.158,Pago superior al mínimo,2722000.0,1,2.3,1,Standard
54,Independiente,Formal,111,4184000.0,0.648,9.2,Independiente,7,1610000.0,296,3,1,1,2697000.0,379000.0,0.141,6418000.0,0.128,Pago total,367000.0,0,0.0,2,Standard
30,Dependiente,Informal,28,3943000.0,0.133,2.3,Sin cotizacion,0,0.0,52,2,1,1,4595000.0,2065000.0,0.449,21059000.0,0.445,Pago total,1899000.0,0,0.0,1,Good
56,Independiente,Informal,15,3796000.0,0.498,1.2,Sin cotizacion,0,0.0,326,1,0,0,0.0,0.0,0.0,0.0,0.0,No aplica,0.0,0,0.0,1,Standard
44,Dependiente,Formal,89,1892000.0,0.109,7.4,Dependiente,12,2081000.0,136,3,1,1,2821000.0,468000.0,0.166,17132000.0,0.755,Pago superior al mínimo,158000.0,0,0.0,1,Good
31,Independiente,Formal,56,3941000.0,0.334,4.7,Independiente,7,1616000.0,59,3,1,1,5146000.0,760000.0,0.148,7127000.0,0.151,Pago total,708000.0,0,0.0,0,Good
42,Cuenta propia,Informal,34,6277000.0,0.888,2.8,Sin cotizacion,0,0.0,166,2,0,1,6165000.0,3384000.0,0.549,3384000.0,0.045,Pago total,2728000.0,0,0.0,0,Standard
23,Desempleado,No aplica,0,882000.0,0.885,0.0,Sin cotizacion,0,0.0,24,2,1,1,527000.0,40000.0,0.076,652000.0,0.062,Pago mínimo,4000.0,0,0.0,1,Standard
37,Dependiente,Formal,60,3583000.0,0.033,5.0,Dependiente,12,3685000.0,178,3,1,1,4369000.0,2211000.0,0.506,9747000.0,0.227,Pago total,1905000.0,1,1.8,1,Good
43,Cuenta propia,Formal,171,2735000.0,0.583,14.2,Independiente,12,1025000.0,60,4,2,0,0.0,0.0,0.0,8786000.0,0.268,No aplica,0.0,2,10.6,2,Poor
58,Cuenta propia,Informal,34,708000.0,0.214,2.8,Sin cotizacion,0,0.0,240,2,0,1,515000.0,169000.0,0.328,169000.0,0.02,Pago total,153000.0,2,3.3,0,Good
35,Independiente,Informal,48,1671000.0,0.565,4.0,Sin cotizacion,0,0.0,185,1,0,0,0.0,0.0,0.0,0.0,0.0,No aplica,0.0,0,0.0,0,Poor
48,Desempleado,No aplica,0,357000.0,0.475,0.0,Sin cotizacion,0,0.0,263,2,2,1,500000.0,91000.0,0.182,3828000.0,0.894,Pago total,78000.0,1,4.6,3,Standard
28,Dependiente,Formal,111,5009000.0,0.025,9.2,Dependiente,12,5262000.0,68,4,0,0,0.0,0.0,0.0,0.0,0.0,No aplica,0.0,0,0.0,1,Good
62,Dependiente,Formal,63,2870000.0,0.167,5.2,Dependiente,12,2867000.0,367,3,1,1,5645000.0,1561000.0,0.277,4057000.0,0.118,Pago total,1305000.0,0,0.0,1,Good
25,Cuenta propia,Formal,84,956000.0,0.34,7.0,Independiente,9,378000.0,72,3,0,0,0.0,0.0,0.0,0.0,0.0,No aplica,0.0,0,0.0,2,Good
43,Dependiente,Formal,101,3740000.0,0.318,8.4,Dependiente,12,3725000.0,242,3,1,0,0.0,0.0,0.0,4119000.0,0.092,No aplica,0.0,1,15.5,1,Standard
50,Cuenta propia,Informal,4,1472000.0,0.386,0.3,Sin cotizacion,0,0.0,244,1,0,0,0.0,0.0,0.0,0.0,0.0,No aplica,0.0,0,0.0,1,Good
43,Cuenta propia,Informal,17,2360000.0,0.628,1.4,Sin cotizacion,0,0.0,177,2,0,1,5005000.0,3593000.0,0.718,3593000.0,0.127,Pago superior al mínimo,980000.0,1,3.4,0,Standard
28,Dependiente,Formal,63,2948000.0,0.157,5.2,Dependiente,12,2796000.0,40,2,1,1,4795000.0,1726000.0,0.36,6361000.0,0.18,Pago total,1637000.0,0,0.0,0,Standard
55,Pensionado,No aplica,187,1457000.0,0.086,15.6,Pensionado,12,1446000.0,226,1,0,1,4782000.0,327000.0,0.068,327000.0,0.019,Pago total,286000.0,1,3.8,3,Good
33,Dependiente,Formal,46,2717000.0,0.194,3.8,Dependiente,9,2776000.0,88,3,1,0,0.0,0.0,0.0,8529000.0,0.262,No aplica,0.0,1,9.7,2,Good
38,Dependiente,Informal,39,3151000.0,0.169,3.2,Sin cotizacion,0,0.0,85,1,0,1,8900000.0,2180000.0,0.245,2180000.0,0.058,Pago total,2060000.0,0,0.0,0,Good
57,Cuenta propia,Informal,24,2379000.0,0.515,2.0,Sin cotizacion,0,0.0,290,1,0,1,1913000.0,1058000.0,0.553,1058000.0,0.037,Pago superior al mínimo,450000.0,1,10.0,0,Standard
50,Cuenta propia,Informal,29,2181000.0,0.455,2.4,Sin cotizacion,0,0.0,288,2,1,0,0.0,0.0,0.0,2193000.0,0.084,No aplica,0.0,2,3.9,2,Good
54,Dependiente,Formal,54,9541000.0,0.276,4.5,Dependiente,5,8951000.0,320,6,2,1,12793000.0,2025000.0,0.158,78671000.0,0.687,Pago superior al mínimo,417000.0,0,0.0,1,Poor
57,Independiente,Formal,58,7093000.0,0.666,4.8,Independiente,9,3127000.0,268,3,0,1,17137000.0,2425000.0,0.142,2425000.0,0.028,Pago total,2396000.0,1,10.5,0,Standard
33,Independiente,Formal,37,6579000.0,0.193,3.1,Independiente,12,2561000.0,63,3,0,1,12466000.0,5184000.0,0.416,5184000.0,0.066,Pago superior al mínimo,1192000.0,0,0.0,2,Standard
39,Independiente,Formal,78,3620000.0,0.248,6.5,Independiente,12,1483000.0,125,3,1,0,0.0,0.0,0.0,5261000.0,0.121,No aplica,0.0,1,4.7,3,Good
24,Independiente,Informal,43,2675000.0,0.203,3.6,Sin cotizacion,0,0.0,67,2,1,1,6037000.0,2722000.0,0.451,4722000.0,0.147,Pago superior al mínimo,929000.0,1,20.5,3,Poor
45,Dependiente,Formal,29,3193000.0,0.035,2.4,Dependiente,12,2908000.0,288,2,2,0,0.0,0.0,0.0,7367000.0,0.192,No aplica,0.0,0,0.0,0,Standard
52,Dependiente,Formal,47,5661000.0,0.087,3.9,Dependiente,9,5712000.0,93,4,1,1,7876000.0,3443000.0,0.437,8099000.0,0.119,Pago total,3409000.0,1,8.4,2,Good
42,Dependiente,Formal,67,3580000.0,0.041,5.6,Dependiente,10,3431000.0,127,2,0,1,1530000.0,393000.0,0.257,393000.0,0.009,Pago superior al mínimo,97000.0,0,0.0,0,Standard
34,Cuenta propia,Informal,77,2339000.0,0.577,6.4,Sin cotizacion,0,0.0,137,3,1,0,0.0,0.0,0.0,2020000.0,0.072,No aplica,0.0,2,4.3,1,Standard
36,Dependiente,Formal,36,3799000.0,0.013,3.0,Dependiente,11,3746000.0,191,2,0,1,8671000.0,2917000.0,0.336,2917000.0,0.064,Pago superior al mínimo,752000.0,0,0.0,2,Good
45,Dependiente,Formal,55,3844000.0,0.073,4.6,Dependiente,11,3603000.0,127,1,0,1,6023000.0,3867000.0,0.642,3867000.0,0.084,Pago superior al mínimo,1045000.0,2,8.6,0,Poor
39,Desempleado,No aplica,0,2488000.0,0.642,0.0,Sin cotizacion,0,0.0,85,2,1,1,2246000.0,668000.0,0.297,18078000.0,0.606,Pago superior al mínimo,300000.0,1,11.5,2,Poor
28,Dependiente,Formal,50,4008000.0,0.172,4.2,Dependiente,10,3867000.0,87,3,0,1,4557000.0,1303000.0,0.286,1303000.0,0.027,Pago superior al mínimo,589000.0,2,9.2,3,Poor
24,Desempleado,No aplica,0,621000.0,0.532,0.0,Sin cotizacion,0,0.0,29,2,0,1,959000.0,66000.0,0.069,66000.0,0.009,Pago superior al mínimo,31000.0,1,3.9,0,Standard
23,Independiente,Informal,36,3770000.0,0.256,3.0,Sin cotizacion,0,0.0,15,3,1,0,0.0,0.0,0.0,8249000.0,0.182,No aplica,0.0,1,12.4,1,Good
62,Pensionado,No aplica,123,1913000.0,0.142,10.2,Pensionado,12,1904000.0,82,4,0,1,1339000.0,1015000.0,0.758,1015000.0,0.044,Pago total,915000.0,0,0.0,0,Poor
34,Dependiente,Formal,45,3033000.0,0.096,3.8,Dependiente,11,3000000.0,138,3,0,1,8216000.0,6813000.0,0.829,6813000.0,0.187,Pago superior al mínimo,3207000.0,1,3.8,0,Poor
34,Dependiente,Informal,98,1302000.0,0.342,8.2,Sin cotizacion,0,0.0,134,1,0,0,0.0,0.0,0.0,0.0,0.0,No aplica,0.0,0,0.0,0,Good
27,Independiente,Informal,5,3401000.0,0.325,0.4,Sin cotizacion,0,0.0,33,3,1,1,3841000.0,2214000.0,0.576,15780000.0,0.387,Pago mínimo,170000.0,2,3.1,0,Standard
34,Cuenta propia,Informal,28,2849000.0,0.441,2.3,Sin cotizacion,0,0.0,108,2,1,0,0.0,0.0,0.0,4361000.0,0.128,No aplica,0.0,1,5.7,0,Standard
44,Independiente,Informal,29,2233000.0,0.372,2.4,Sin cotizacion,0,0.0,94,4,0,1,1854000.0,711000.0,0.383,711000.0,0.027,Pago total,656000.0,1,15.7,1,Good
60,Dependiente,Formal,51,5504000.0,0.061,4.2,Dependiente,11,5699000.0,351,4,0,1,16239000.0,2700000.0,0.166,2700000.0,0.041,Pago total,2391000.0,0,0.0,1,Good
42,Independiente,Informal,58,688000.0,0.379,4.8,Sin cotizacion,0,0.0,176,1,0,1,525000.0,335000.0,0.638,335000.0,0.041,Pago superior al mínimo,96000.0,1,6.6,1,Good
37,Independiente,Formal,72,2494000.0,0.505,6.0,Independiente,10,811000.0,217,1,1,1,2422000.0,406000.0,0.168,7817000.0,0.261,Pago total,387000.0,1,9.6,0,Standard
37,Independiente,Formal,145,3535000.0,0.315,12.1,Independiente,10,1407000.0,110,2,2,1,4934000.0,2192000.0,0.444,10567000.0,0.249,Pago superior al mínimo,922000.0,1,5.0,0,Poor
27,Independiente,Formal,23,1647000.0,0.292,1.9,Independiente,10,652000.0,17,2,0,1,2176000.0,1183000.0,0.544,1183000.0,0.06,Pago superior al mínimo,502000.0,1,7.9,1,Poor
60,Desempleado,No aplica,0,344000.0,0.367,0.0,Sin cotizacion,0,0.0,439,1,1,1,500000.0,19000.0,0.038,2113000.0,0.512,Pago total,17000.0,0,0.0,1,Good
39,Independiente,Formal,81,2042000.0,0.292,6.8,Independiente,6,779000.0,137,3,0,0,0.0,0.0,0.0,0.0,0.0,No aplica,0.0,0,0.0,0,Standard
30,Dependiente,Informal,35,979000.0,0.371,2.9,Sin cotizacion,0,0.0,120,1,0,0,0.0,0.0,0.0,0.0,0.0,No aplica,0.0,0,0.0,0,Standard
29,Dependiente,Formal,85,4469000.0,0.066,7.1,Dependiente,12,4306000.0,62,2,0,1,6486000.0,4884000.0,0.753,4884000.0,0.091,Pago superior al mínimo,1471000.0,0,0.0,1,Poor
48,Dependiente,Formal,105,5616000.0,0.153,8.8,Dependiente,9,5864000.0,257,3,1,0,0.0,0.0,0.0,9528000.0,0.141,No aplica,0.0,0,0.0,0,Good
38,Dependiente,Formal,126,2998000.0,0.086,10.5,Dependiente,12,3244000.0,71,3,1,1,3443000.0,1374000.0,0.399,4836000.0,0.134,Pago total,1284000.0,0,0.0,2,Good
53,Dependiente,Informal,90,5646000.0,0.075,7.5,Sin cotizacion,0,0.0,311,4,0,1,5016000.0,3463000.0,0.69,3463000.0,0.051,Pago superior al mínimo,902000.0,0,0.0,3,Good
37,Dependiente,Formal,32,3630000.0,0.022,2.7,Dependiente,8,3381000.0,173,2,2,1,14618000.0,4328000.0,0.296,10662000.0,0.245,Pago total,3678000.0,0,0.0,0,Good
43,Dependiente,Formal,82,6907000.0,0.158,6.8,Dependiente,11,6652000.0,255,3,0,1,22024000.0,10781000.0,0.49,10781000.0,0.13,Pago superior al mínimo,5253000.0,2,3.4,2,Standard
27,Dependiente,Formal,108,2075000.0,0.094,9.0,Dependiente,12,1992000.0,30,1,0,1,2191000.0,1827000.0,0.834,1827000.0,0.073,Pago irregular,80000.0,2,2.9,1,Poor
58,Desempleado,No aplica,0,0.0,0.641,0.0,Sin cotizacion,0,0.0,136,3,1,0,0.0,0.0,0.0,0.0,0.0,No aplica,0.0,2,10.2,0,Good
61,Pensionado,No aplica,177,1538000.0,0.111,14.8,Pensionado,12,1525000.0,390,2,2,1,1398000.0,206000.0,0.147,2894000.0,0.157,Pago total,194000.0,0,0.0,0,Good
57,Dependiente,Formal,38,3484000.0,0.006,3.2,Dependiente,4,3659000.0,219,4,3,1,5983000.0,998000.0,0.167,65202000.0,1.56,Pago superior al mínimo,336000.0,5,25.8,3,Poor
63,Pensionado,No aplica,129,2146000.0,0.169,10.8,Pensionado,12,2180000.0,412,3,0,1,3066000.0,466000.0,0.152,466000.0,0.018,Pago total,373000.0,0,0.0,1,Standard
53,Dependiente,Formal,44,4252000.0,0.061,3.7,Dependiente,12,4226000.0,174,3,0,1,1731000.0,391000.0,0.226,391000.0,0.008,Pago total,353000.0,1,11.0,0,Good
48,Dependiente,Formal,78,5475000.0,0.305,6.5,Dependiente,5,5479000.0,171,4,1,1,5387000.0,3365000.0,0.625,12873000.0,0.196,Pago superior al mínimo,1218000.0,0,0.0,2,Poor
40,Dependiente,Formal,46,3124000.0,0.152,3.8,Dependiente,4,3084000.0,66,2,1,1,1493000.0,738000.0,0.494,5909000.0,0.158,Pago superior al mínimo,169000.0,0,0.0,0,Standard
42,Dependiente,Formal,66,4495000.0,0.066,5.5,Dependiente,12,4628000.0,152,5,2,1,4415000.0,3032000.0,0.687,150000000.0,2.781,Pago mínimo,216000.0,1,3.2,2,Poor
61,Cuenta propia,Formal,26,2334000.0,0.251,2.2,Independiente,11,1014000.0,421,3,0,0,0.0,0.0,0.0,0.0,0.0,No aplica,0.0,0,0.0,1,Standard
30,Independiente,Informal,8,4913000.0,0.503,0.7,Sin cotizacion,0,0.0,129,3,0,1,8702000.0,4362000.0,0.501,4362000.0,0.074,Pago mínimo,273000.0,2,1.6,0,Poor
30,Dependiente,Formal,89,3037000.0,0.36,7.4,Dependiente,7,3109000.0,95,3,0,1,4540000.0,390000.0,0.086,390000.0,0.011,Pago total,381000.0,0,0.0,0,Good
37,Dependiente,Formal,11,3447000.0,0.202,0.9,Dependiente,11,3144000.0,23,2,1,0,0.0,0.0,0.0,18584000.0,0.449,No aplica,0.0,2,11.8,1,Poor
46,Dependiente,Informal,71,2180000.0,0.178,5.9,Sin cotizacion,0,0.0,311,2,1,1,1140000.0,765000.0,0.671,2696000.0,0.103,Pago superior al mínimo,160000.0,0,0.0,1,Good
45,Dependiente,Formal,78,3603000.0,0.099,6.5,Dependiente,11,3605000.0,72,3,2,1,4062000.0,1402000.0,0.345,35978000.0,0.832,Pago mínimo,177000.0,0,0.0,2,Poor
34,Dependiente,Formal,30,2431000.0,0.137,2.5,Dependiente,7,2413000.0,102,1,0,1,3770000.0,1114000.0,0.295,1114000.0,0.038,Pago total,987000.0,0,0.0,0,Good
37,Dependiente,Formal,76,2401000.0,0.075,6.3,Dependiente,12,2496000.0,150,2,1,1,5035000.0,3584000.0,0.712,7392000.0,0.257,Pago superior al mínimo,720000.0,0,0.0,0,Good
39,Cuenta propia,Formal,51,3635000.0,0.518,4.2,Independiente,9,1489000.0,185,3,0,1,4877000.0,2536000.0,0.52,2536000.0,0.058,Pago superior al mínimo,849000.0,3,9.1,0,Poor
52,Cuenta propia,Informal,14,1082000.0,0.203,1.2,Sin cotizacion,0,0.0,246,3,1,1,1635000.0,620000.0,0.379,2609000.0,0.201,Pago superior al mínimo,306000.0,0,0.0,0,Standard
57,Independiente,Informal,62,2314000.0,0.766,5.2,Sin cotizacion,0,0.0,188,4,2,1,2312000.0,784000.0,0.339,7081000.0,0.255,Pago total,698000.0,0,0.0,3,Standard
50,Cuenta propia,Informal,42,4702000.0,0.44,3.5,Sin cotizacion,0,0.0,299,4,1,1,4659000.0,2098000.0,0.45,10624000.0,0.188,Pago superior al mínimo,591000.0,1,1.9,1,Good
29,Dependiente,Informal,19,1842000.0,0.304,1.6,Sin cotizacion,0,0.0,119,2,0,1,1903000.0,397000.0,0.209,397000.0,0.018,Pago total,391000.0,0,0.0,1,Poor
41,Dependiente,Formal,42,5407000.0,0.067,3.5,Dependiente,9,5527000.0,215,4,0,1,7084000.0,4905000.0,0.692,4905000.0,0.076,Pago superior al mínimo,1099000.0,0,0.0,0,Good
45,Dependiente,Formal,149,2971000.0,0.245,12.4,Dependiente,12,2912000.0,143,2,2,0,0.0,0.0,0.0,8029000.0,0.225,No aplica,0.0,1,1.9,2,Good
22,Cuenta propia,Informal,38,833000.0,0.336,3.2,Sin cotizacion,0,0.0,38,1,0,1,527000.0,52000.0,0.099,52000.0,0.005,Pago total,49000.0,0,0.0,2,Poor
41,Desempleado,No aplica,0,1992000.0,0.363,0.0,Sin cotizacion,0,0.0,112,2,0,1,1473000.0,184000.0,0.125,184000.0,0.008,Pago total,156000.0,1,23.7,1,Standard
67,Pensionado,No aplica,186,1517000.0,0.231,15.5,Pensionado,12,1560000.0,78,4,3,1,2387000.0,1397000.0,0.585,8698000.0,0.478,Pago superior al mínimo,576000.0,1,5.0,3,Poor
47,Dependiente,Formal,42,5613000.0,0.425,3.5,Dependiente,12,5890000.0,103,4,2,1,6913000.0,3167000.0,0.458,20267000.0,0.301,Pago mínimo,202000.0,3,14.4,3,Poor
56,Cuenta propia,Informal,16,1131000.0,0.503,1.3,Sin cotizacion,0,0.0,204,2,1,1,944000.0,432000.0,0.458,3501000.0,0.258,Pago superior al mínimo,93000.0,2,4.5,1,Standard
28,Dependiente,Formal,120,2471000.0,0.027,10.0,Dependiente,11,2310000.0,65,1,1,0,0.0,0.0,0.0,6852000.0,0.231,No aplica,0.0,0,0.0,0,Standard
44,Cuenta propia,Informal,46,526000.0,0.476,3.8,Sin cotizacion,0,0.0,180,1,0,0,0.0,0.0,0.0,0.0,0.0,No aplica,0.0,0,0.0,1,Good
35,Dependiente,Formal,64,8051000.0,0.192,5.3,Dependiente,12,7634000.0,144,6,2,1,10754000.0,6876000.0,0.639,42053000.0,0.435,Pago mínimo,812000.0,2,10.3,5,Poor
45,Dependiente,Informal,9,3638000.0,0.126,0.8,Sin cotizacion,0,0.0,155,3,1,0,0.0,0.0,0.0,19061000.0,0.437,No aplica,0.0,0,0.0,0,Good
25,Independiente,Formal,49,5199000.0,0.573,4.1,Independiente,12,2238000.0,58,5,2,1,4967000.0,1315000.0,0.265,42936000.0,0.688,Pago superior al mínimo,412000.0,5,46.6,0,Poor
28,Independiente,Formal,79,2591000.0,0.722,6.6,Independiente,6,1019000.0,80,2,0,1,3953000.0,1418000.0,0.359,1418000.0,0.046,Pago total,1415000.0,1,17.7,1,Poor
25,Dependiente,Formal,84,2050000.0,0.116,7.0,Dependiente,12,2134000.0,56,1,1,1,2846000.0,1646000.0,0.578,11302000.0,0.459,Pago superior al mínimo,606000.0,0,0.0,1,Good
44,Independiente,Formal,69,7027000.0,0.27,5.8,Independiente,8,2879000.0,209,3,2,1,8320000.0,3054000.0,0.367,20387000.0,0.242,Pago superior al mínimo,661000.0,0,0.0,2,Standard
29,Dependiente,Formal,112,1902000.0,0.123,9.3,Dependiente,10,1955000.0,88,2,0,0,0.0,0.0,0.0,0.0,0.0,No aplica,0.0,0,0.0,1,Poor
34,Independiente,Informal,32,2248000.0,0.473,2.7,Sin cotizacion,0,0.0,171,2,0,0,0.0,0.0,0.0,0.0,0.0,No aplica,0.0,0,0.0,0,Standard
28,Cuenta propia,Informal,56,779000.0,0.377,4.7,Sin cotizacion,0,0.0,103,1,1,0,0.0,0.0,0.0,734000.0,0.079,No aplica,0.0,1,7.6,1,Standard
24,Cuenta propia,Informal,25,1944000.0,0.571,2.1,Sin cotizacion,0,0.0,15,1,0,1,1533000.0,372000.0,0.243,372000.0,0.016,Pago total,308000.0,0,0.0,0,Standard
51,Independiente,Formal,108,1269000.0,0.038,9.0,Independiente,12,470000.0,214,3,0,1,1140000.0,536000.0,0.47,536000.0,0.035,Pago total,525000.0,1,6.3,1,Good
48,Dependiente,Formal,51,2049000.0,0.083,4.2,Dependiente,12,2077000.0,72,4,1,1,1936000.0,130000.0,0.067,5043000.0,0.205,Pago total,106000.0,0,0.0,2,Standard
20,Dependiente,Formal,24,1987000.0,0.172,2.0,Dependiente,9,2014000.0,6,2,0,1,1534000.0,393000.0,0.256,393000.0,0.016,Pago total,357000.0,0,0.0,0,Poor
45,Cuenta propia,Informal,34,3451000.0,0.338,2.8,Sin cotizacion,0,0.0,200,3,2,1,4616000.0,2796000.0,0.606,20880000.0,0.504,Pago mínimo,145000.0,0,0.0,2,Poor
56,Dependiente,Formal,15,3141000.0,0.136,1.2,Dependiente,11,3054000.0,292,2,2,1,4577000.0,357000.0,0.078,6923000.0,0.184,Pago total,337000.0,0,0.0,1,Good
39,Dependiente,Formal,43,5679000.0,0.157,3.6,Dependiente,11,5907000.0,188,3,2,1,12024000.0,3923000.0,0.326,32107000.0,0.471,Pago superior al mínimo,950000.0,0,0.0,2,Standard
35,Dependiente,Formal,25,6868000.0,0.049,2.1,Dependiente,7,6347000.0,82,5,0,1,8456000.0,5365000.0,0.634,5365000.0,0.065,Pago superior al mínimo,1363000.0,0,0.0,1,Poor
57,Dependiente,Formal,201,3473000.0,0.086,16.8,Dependiente,12,3502000.0,230,2,0,0,0.0,0.0,0.0,0.0,0.0,No aplica,0.0,0,0.0,0,Good
38,Independiente,Formal,85,1526000.0,0.694,7.1,Independiente,11,531000.0,114,3,1,0,0.0,0.0,0.0,997000.0,0.054,No aplica,0.0,0,0.0,1,Good
51,Dependiente,Formal,49,6162000.0,0.061,4.1,Dependiente,12,5910000.0,372,3,1,1,8164000.0,2164000.0,0.265,12035000.0,0.163,Pago total,1854000.0,1,2.6,2,Standard
35,Independiente,Formal,28,1419000.0,0.185,2.3,Independiente,10,624000.0,21,2,0,0,0.0,0.0,0.0,0.0,0.0,No aplica,0.0,0,0.0,0,Good
53,Dependiente,Informal,31,1661000.0,0.368,2.6,Sin cotizacion,0,0.0,172,3,0,1,1514000.0,807000.0,0.533,807000.0,0.04,Pago total,646000.0,0,0.0,0,Good
49,Dependiente,Formal,84,1856000.0,0.195,7.0,Dependiente,9,1774000.0,215,3,1,0,0.0,0.0,0.0,1593000.0,0.072,No aplica,0.0,0,0.0,1,Good
37,Dependiente,Formal,49,5510000.0,0.22,4.1,Dependiente,12,5258000.0,6,3,1,1,6427000.0,3125000.0,0.486,17566000.0,0.266,Pago superior al mínimo,1117000.0,0,0.0,3,Poor
33,Dependiente,Formal,75,4424000.0,0.277,6.2,Dependiente,10,4527000.0,89,2,1,1,6853000.0,4355000.0,0.635,19149000.0,0.361,Pago superior al mínimo,2139000.0,0,0.0,1,Poor
29,Dependiente,Formal,117,6769000.0,0.204,9.8,Dependiente,5,6468000.0,93,3,1,1,8450000.0,3658000.0,0.433,7151000.0,0.088,Pago total,3435000.0,0,0.0,1,Good
37,Independiente,Formal,39,2964000.0,0.652,3.2,Independiente,12,1306000.0,78,3,1,1,10402000.0,8074000.0,0.776,8864000.0,0.249,Pago superior al mínimo,3922000.0,2,8.4,1,Poor
34,Dependiente,Formal,48,2387000.0,0.223,4.0,Dependiente,12,2449000.0,110,2,1,1,2095000.0,802000.0,0.383,14170000.0,0.495,Pago mínimo,51000.0,1,8.6,0,Standard
33,Cuenta propia,Informal,7,1371000.0,0.656,0.6,Sin cotizacion,0,0.0,89,1,0,0,0.0,0.0,0.0,0.0,0.0,No aplica,0.0,0,0.0,1,Good
31,Dependiente,Formal,119,1836000.0,0.178,9.9,Dependiente,11,1779000.0,114,2,1,0,0.0,0.0,0.0,1714000.0,0.078,No aplica,0.0,0,0.0,0,Standard
23,Dependiente,Formal,11,5782000.0,0.016,0.9,Dependiente,4,6009000.0,34,3,0,1,3520000.0,2879000.0,0.818,2879000.0,0.041,Pago superior al mínimo,784000.0,0,0.0,1,Standard
34,Independiente,Formal,53,30000000.0,0.431,4.4,Independiente,6,9674000.0,63,5,2,1,26790000.0,13700000.0,0.511,97656000.0,0.271,Pago superior al mínimo,4168000.0,1,10.2,1,Standard
42,Dependiente,Formal,142,2716000.0,0.1,11.8,Dependiente,10,2767000.0,131,2,1,1,7118000.0,1705000.0,0.24,4447000.0,0.136,Pago total,1617000.0,0,0.0,0,Good
40,Dependiente,Formal,13,4813000.0,0.04,1.1,Dependiente,11,4573000.0,140,4,1,1,11894000.0,4653000.0,0.391,25158000.0,0.436,Pago superior al mínimo,2321000.0,0,0.0,0,Standard
48,Dependiente,Informal,37,2506000.0,0.303,3.1,Sin cotizacion,0,0.0,216,2,1,1,2827000.0,671000.0,0.237,9915000.0,0.33,Pago total,652000.0,1,5.2,4,Poor
33,Dependiente,Formal,88,4172000.0,0.119,7.3,Dependiente,11,4085000.0,107,3,0,0,0.0,0.0,0.0,0.0,0.0,No aplica,0.0,0,0.0,0,Good
24,Cuenta propia,Informal,42,3742000.0,0.486,3.5,Sin cotizacion,0,0.0,10,2,0,0,0.0,0.0,0.0,0.0,0.0,No aplica,0.0,0,0.0,2,Good
42,Dependiente,Formal,100,2249000.0,0.142,8.3,Dependiente,12,2208000.0,153,2,0,1,3026000.0,1404000.0,0.464,1404000.0,0.052,Pago superior al mínimo,528000.0,1,3.2,0,Poor
51,Cuenta propia,Formal,73,1652000.0,0.523,6.1,Independiente,10,745000.0,314,2,1,1,3471000.0,953000.0,0.275,3596000.0,0.181,Pago mínimo,103000.0,1,4.9,2,Good
25,Cuenta propia,Informal,33,4188000.0,0.556,2.8,Sin cotizacion,0,0.0,48,3,2,1,9310000.0,6856000.0,0.736,32919000.0,0.655,Pago mínimo,871000.0,6,23.6,3,Poor
23,Dependiente,Formal,25,3822000.0,0.067,2.1,Dependiente,11,3745000.0,11,1,0,1,1823000.0,1247000.0,0.684,1247000.0,0.027,Pago superior al mínimo,320000.0,0,0.0,0,Standard
48,Cuenta propia,Informal,27,2905000.0,0.187,2.2,Sin cotizacion,0,0.0,315,3,1,1,4373000.0,2642000.0,0.604,9613000.0,0.276,Pago mínimo,349000.0,1,4.8,0,Poor
25,Dependiente,Formal,72,3919000.0,0.194,6.0,Dependiente,12,3907000.0,17,1,1,1,10012000.0,2450000.0,0.245,12008000.0,0.255,Pago total,2322000.0,1,7.8,0,Standard
35,Desempleado,No aplica,0,1257000.0,0.476,0.0,Sin cotizacion,0,0.0,96,2,2,0,0.0,0.0,0.0,7568000.0,0.502,No aplica,0.0,2,6.2,4,Standard
44,Dependiente,Formal,44,2779000.0,0.048,3.7,Dependiente,12,2730000.0,283,1,0,0,0.0,0.0,0.0,0.0,0.0,No aplica,0.0,0,0.0,0,Standard
37,Independiente,Informal,15,2416000.0,0.081,1.2,Sin cotizacion,0,0.0,177,3,1,0,0.0,0.0,0.0,4805000.0,0.166,No aplica,0.0,1,2.9,0,Good
30,Dependiente,Formal,84,2512000.0,0.084,7.0,Dependiente,12,2413000.0,94,3,0,1,3977000.0,1917000.0,0.482,1917000.0,0.064,Pago total,1560000.0,0,0.0,2,Good
43,Dependiente,Formal,95,3711000.0,0.279,7.9,Dependiente,12,3558000.0,92,2,0,1,2082000.0,871000.0,0.418,871000.0,0.02,Pago total,704000.0,0,0.0,2,Poor
56,Cuenta propia,Formal,42,3767000.0,0.434,3.5,Independiente,6,1553000.0,323,1,0,0,0.0,0.0,0.0,0.0,0.0,No aplica,0.0,0,0.0,1,Good
51,Independiente,Formal,58,1505000.0,0.482,4.8,Independiente,12,600000.0,346,2,0,1,5237000.0,2512000.0,0.48,2512000.0,0.139,Pago superior al mínimo,619000.0,0,0.0,0,Standard
45,Dependiente,Formal,78,6385000.0,0.028,6.5,Dependiente,8,6580000.0,136,4,2,0,0.0,0.0,0.0,18250000.0,0.238,No aplica,0.0,0,0.0,2,Good
25,Dependiente,Formal,44,1866000.0,0.096,3.7,Dependiente,12,1848000.0,47,2,1,1,3329000.0,2106000.0,0.633,8766000.0,0.391,Pago superior al mínimo,834000.0,1,7.1,1,Poor
36,Independiente,Formal,65,3199000.0,0.342,5.4,Independiente,11,1253000.0,177,2,0,0,0.0,0.0,0.0,0.0,0.0,No aplica,0.0,0,0.0,1,Good
29,Independiente,Formal,74,8108000.0,0.322,6.2,Independiente,10,3492000.0,36,3,0,1,5513000.0,1113000.0,0.202,1113000.0,0.011,Pago total,1103000.0,1,10.3,3,Poor
53,Desempleado,No aplica,0,678000.0,0.659,0.0,Sin cotizacion,0,0.0,208,1,0,0,0.0,0.0,0.0,0.0,0.0,No aplica,0.0,0,0.0,0,Good
37,Independiente,Informal,88,5362000.0,0.476,7.3,Sin cotizacion,0,0.0,107,4,2,1,5463000.0,1687000.0,0.309,25489000.0,0.396,Pago total,1387000.0,1,6.5,2,Standard
20,Desempleado,No aplica,0,0.0,0.893,0.0,Sin cotizacion,0,0.0,5,1,1,0,0.0,0.0,0.0,0.0,0.0,No aplica,0.0,1,9.2,1,Poor
20,Desempleado,No aplica,0,0.0,0.565,0.0,Sin cotizacion,0,0.0,6,3,0,0,0.0,0.0,0.0,0.0,0.0,No aplica,0.0,0,0.0,0,Good
26,Dependiente,Formal,58,3859000.0,0.048,4.8,Dependiente,9,3802000.0,37,3,1,0,0.0,0.0,0.0,8296000.0,0.179,No aplica,0.0,0,0.0,1,Standard
20,Dependiente,Formal,22,3536000.0,0.063,1.8,Dependiente,8,3332000.0,17,2,2,1,6429000.0,3604000.0,0.561,13046000.0,0.307,Pago superior al mínimo,1379000.0,3,26.3,2,Poor
44,Cuenta propia,Informal,8,4261000.0,0.621,0.7,Sin cotizacion,0,0.0,192,4,0,1,4641000.0,1022000.0,0.22,1022000.0,0.02,Pago superior al mínimo,387000.0,0,0.0,3,Good
39,Independiente,Formal,44,1326000.0,0.404,3.7,Independiente,5,575000.0,63,2,1,0,0.0,0.0,0.0,1125000.0,0.071,No aplica,0.0,0,0.0,1,Good
38,Dependiente,Formal,54,3455000.0,0.097,4.5,Dependiente,12,3361000.0,219,1,0,1,8342000.0,5231000.0,0.627,5231000.0,0.126,Pago superior al mínimo,1313000.0,0,0.0,1,Good
37,Dependiente,Informal,60,1313000.0,0.107,5.0,Sin cotizacion,0,0.0,61,1,0,1,2555000.0,827000.0,0.324,827000.0,0.052,Pago total,705000.0,0,0.0,0,Good
41,Desempleado,No aplica,0,677000.0,0.71,0.0,Sin cotizacion,0,0.0,59,1,0,0,0.0,0.0,0.0,0.0,0.0,No aplica,0.0,0,0.0,0,Good
19,Cuenta propia,Formal,12,1114000.0,0.362,1.0,Independiente,9,449000.0,6,1,0,0,0.0,0.0,0.0,0.0,0.0,No aplica,0.0,0,0.0,1,Standard
45,Dependiente,Formal,60,2386000.0,0.094,5.0,Dependiente,11,2326000.0,140,4,1,1,3845000.0,584000.0,0.152,3746000.0,0.131,Pago total,530000.0,0,0.0,1,Standard
19,Independiente,Formal,12,4368000.0,0.436,1.0,Independiente,12,1577000.0,10,4,3,1,3893000.0,1635000.0,0.42,31911000.0,0.609,Pago superior al mínimo,492000.0,2,4.0,1,Poor
32,Dependiente,Formal,127,2504000.0,0.204,10.6,Dependiente,9,2314000.0,90,1,0,1,3802000.0,1751000.0,0.461,1751000.0,0.058,Pago total,1456000.0,0,0.0,0,Good
33,Dependiente,Formal,93,5289000.0,0.151,7.8,Dependiente,12,5361000.0,118,4,1,1,18130000.0,8744000.0,0.482,18740000.0,0.295,Pago superior al mínimo,2876000.0,0,0.0,0,Poor
45,Dependiente,Formal,55,3503000.0,0.177,4.6,Dependiente,10,3153000.0,217,4,1,1,6159000.0,2471000.0,0.401,5916000.0,0.141,Pago total,2021000.0,0,0.0,0,Standard
53,Dependiente,Formal,62,2478000.0,0.022,5.2,Dependiente,8,2607000.0,172,1,1,0,0.0,0.0,0.0,1981000.0,0.067,No aplica,0.0,1,4.1,3,Standard
46,Independiente,Formal,65,3706000.0,0.391,5.4,Independiente,12,1635000.0,266,3,0,1,6750000.0,588000.0,0.087,588000.0,0.013,Pago total,539000.0,1,5.8,0,Poor
43,Dependiente,Formal,132,3159000.0,0.261,11.0,Dependiente,11,3044000.0,261,3,0,0,0.0,0.0,0.0,0.0,0.0,No aplica,0.0,0,0.0,2,Good
25,Cuenta propia,Formal,84,3656000.0,0.413,7.0,Independiente,4,1695000.0,28,3,2,1,2569000.0,1075000.0,0.418,7704000.0,0.176,Pago superior al mínimo,262000.0,0,0.0,1,Poor
36,Cuenta propia,Formal,105,1580000.0,0.195,8.8,Independiente,9,758000.0,147,3,1,1,1741000.0,1029000.0,0.591,3850000.0,0.203,Pago total,973000.0,0,0.0,2,Good
52,Dependiente,Formal,82,3524000.0,0.105,6.8,Dependiente,12,3485000.0,228,4,3,1,4688000.0,1319000.0,0.281,61037000.0,1.443,Pago irregular,58000.0,3,10.8,3,Poor
41,Independiente,Formal,73,10303000.0,0.508,6.1,Independiente,4,4291000.0,54,2,1,1,13951000.0,3993000.0,0.286,13401000.0,0.108,Pago total,3257000.0,1,8.0,0,Standard
31,Dependiente,Formal,60,4203000.0,0.241,5.0,Dependiente,10,4226000.0,56,2,1,0,0.0,0.0,0.0,13363000.0,0.265,No aplica,0.0,4,21.5,3,Standard
40,Cuenta propia,Informal,11,6834000.0,0.357,0.9,Sin cotizacion,0,0.0,218,2,1,1,14080000.0,3132000.0,0.222,8645000.0,0.105,Pago superior al mínimo,836000.0,1,5.4,1,Good
26,Dependiente,Formal,92,5558000.0,0.082,7.7,Dependiente,12,5895000.0,69,2,2,1,4365000.0,249000.0,0.057,36873000.0,0.553,Pago total,221000.0,0,0.0,4,Standard
32,Independiente,Formal,48,2100000.0,0.495,4.0,Independiente,12,723000.0,140,1,0,1,3084000.0,1197000.0,0.388,1197000.0,0.048,Pago total,1052000.0,1,1.3,0,Poor
32,Independiente,Formal,99,7114000.0,0.256,8.2,Independiente,11,2781000.0,27,4,0,0,0.0,0.0,0.0,0.0,0.0,No aplica,0.0,0,0.0,1,Standard
36,Dependiente,Formal,19,7020000.0,0.174,1.6,Dependiente,9,7278000.0,101,5,1,0,0.0,0.0,0.0,9002000.0,0.107,No aplica,0.0,1,17.6,3,Standard
50,Dependiente,Formal,36,7953000.0,0.083,3.0,Dependiente,11,8212000.0,200,3,0,1,11034000.0,5155000.0,0.467,5155000.0,0.054,Pago superior al mínimo,2308000.0,0,0.0,2,Good
41,Independiente,Informal,55,5757000.0,0.214,4.6,Sin cotizacion,0,0.0,38,5,2,1,14026000.0,9907000.0,0.706,31636000.0,0.458,Pago irregular,498000.0,3,24.6,2,Poor
26,Independiente,Informal,72,4802000.0,0.252,6.0,Sin cotizacion,0,0.0,80,3,2,1,7018000.0,3536000.0,0.504,33874000.0,0.588,Pago superior al mínimo,1648000.0,2,2.5,1,Poor
42,Dependiente,Formal,99,3283000.0,0.041,8.2,Dependiente,12,3277000.0,143,1,1,0,0.0,0.0,0.0,6943000.0,0.176,No aplica,0.0,1,13.4,1,Poor
34,Independiente,Formal,39,2218000.0,0.438,3.2,Independiente,5,1011000.0,13,3,0,1,2268000.0,334000.0,0.147,334000.0,0.013,Pago total,304000.0,0,0.0,1,Good
47,Dependiente,Formal,111,3373000.0,0.015,9.2,Dependiente,11,3405000.0,250,2,1,1,1707000.0,589000.0,0.345,8485000.0,0.21,Pago superior al mínimo,173000.0,1,10.0,1,Standard
56,Cuenta propia,Informal,16,720000.0,0.331,1.3,Sin cotizacion,0,0.0,180,1,0,0,0.0,0.0,0.0,0.0,0.0,No aplica,0.0,0,0.0,0,Poor
37,Dependiente,Formal,111,6536000.0,0.142,9.2,Dependiente,12,6566000.0,175,5,0,0,0.0,0.0,0.0,0.0,0.0,No aplica,0.0,0,0.0,2,Good
20,Desempleado,No aplica,0,2502000.0,0.842,0.0,Sin cotizacion,0,0.0,10,2,1,1,3054000.0,1284000.0,0.42,6621000.0,0.221,Pago mínimo,68000.0,3,10.8,1,Poor
42,Dependiente,Formal,34,2668000.0,0.218,2.8,Dependiente,12,2742000.0,134,3,2,1,3538000.0,2119000.0,0.599,37645000.0,1.176,Pago mínimo,151000.0,2,16.5,5,Poor
18,Dependiente,Formal,0,1814000.0,0.06,0.0,Dependiente,0,0.0,0,1,0,0,0.0,0.0,0.0,0.0,0.0,No aplica,0.0,0,0.0,0,Standard
37,Dependiente,Formal,11,2651000.0,0.295,0.9,Dependiente,7,2645000.0,155,3,0,1,3293000.0,1584000.0,0.481,1584000.0,0.05,Pago superior al mínimo,439000.0,1,8.4,0,Poor
50,Dependiente,Formal,36,7820000.0,0.202,3.0,Dependiente,9,7836000.0,269,3,1,1,18177000.0,3948000.0,0.217,10765000.0,0.115,Pago total,3230000.0,0,0.0,2,Good
34,Dependiente,Formal,92,1708000.0,0.2,7.7,Dependiente,11,1654000.0,140,1,0,1,3033000.0,1022000.0,0.337,1022000.0,0.05,Pago total,926000.0,0,0.0,0,Standard
23,Dependiente,Formal,60,4585000.0,0.381,5.0,Dependiente,11,5044000.0,53,3,1,1,4747000.0,3204000.0,0.675,11567000.0,0.21,Pago superior al mínimo,1254000.0,2,4.5,1,Standard
35,Cuenta propia,Formal,115,7299000.0,0.495,9.6,Independiente,11,2781000.0,53,3,0,1,7375000.0,5468000.0,0.741,5468000.0,0.062,Pago mínimo,301000.0,4,12.9,1,Poor
52,Dependiente,Formal,97,3697000.0,0.148,8.1,Dependiente,9,3805000.0,129,4,1,1,5220000.0,2656000.0,0.509,10098000.0,0.228,Pago total,2308000.0,1,15.3,1,Good
36,Dependiente,Formal,26,2961000.0,0.165,2.2,Dependiente,4,3187000.0,149,3,1,1,2372000.0,797000.0,0.336,4120000.0,0.116,Pago superior al mínimo,166000.0,0,0.0,4,Poor
44,Dependiente,Formal,52,3978000.0,0.079,4.3,Dependiente,11,3764000.0,195,1,0,0,0.0,0.0,0.0,0.0,0.0,No aplica,0.0,0,0.0,0,Good
25,Dependiente,Formal,84,1880000.0,0.435,7.0,Dependiente,12,1926000.0,32,4,1,0,0.0,0.0,0.0,6319000.0,0.28,No aplica,0.0,1,10.5,2,Standard
32,Dependiente,Formal,67,11136000.0,0.118,5.6,Dependiente,12,11146000.0,121,3,1,1,13110000.0,8778000.0,0.67,25554000.0,0.191,Pago mínimo,1079000.0,4,33.0,2,Poor
52,Dependiente,Formal,32,5394000.0,0.169,2.7,Dependiente,11,5781000.0,306,4,1,0,0.0,0.0,0.0,18307000.0,0.283,No aplica,0.0,0,0.0,0,Good
70,Cuenta propia,Informal,22,983000.0,0.3,1.8,Sin cotizacion,0,0.0,213,1,0,1,1275000.0,858000.0,0.673,858000.0,0.073,Pago superior al mínimo,300000.0,0,0.0,0,Poor
36,Dependiente,Formal,17,2458000.0,0.018,1.4,Dependiente,12,2369000.0,156,2,1,1,2302000.0,637000.0,0.277,5831000.0,0.198,Pago mínimo,76000.0,1,4.4,0,Poor
29,Dependiente,Formal,102,3542000.0,0.15,8.5,Dependiente,10,3435000.0,74,2,0,1,4151000.0,3719000.0,0.896,3719000.0,0.087,Pago superior al mínimo,1434000.0,1,1.4,1,Standard
31,Independiente,Formal,28,1593000.0,0.44,2.3,Independiente,9,634000.0,54,3,1,1,1417000.0,586000.0,0.414,3099000.0,0.162,Pago total,569000.0,1,6.1,1,Poor
42,Dependiente,Formal,66,1912000.0,0.037,5.5,Dependiente,4,1874000.0,61,2,1,1,7802000.0,1972000.0,0.253,13688000.0,0.597,Pago total,1924000.0,0,0.0,0,Standard
20,Independiente,Informal,11,2687000.0,0.357,0.9,Sin cotizacion,0,0.0,17,3,1,1,7487000.0,2632000.0,0.352,4265000.0,0.132,Pago superior al mínimo,968000.0,1,7.8,3,Standard
54,Desempleado,No aplica,0,1471000.0,0.525,0.0,Sin cotizacion,0,0.0,224,3,1,0,0.0,0.0,0.0,4401000.0,0.249,No aplica,0.0,1,11.2,0,Standard
50,Dependiente,Formal,72,3584000.0,0.097,6.0,Dependiente,12,3518000.0,101,1,0,1,4078000.0,2067000.0,0.507,2067000.0,0.048,Pago total,1845000.0,1,7.8,1,Poor
19,Cuenta propia,Informal,12,370000.0,0.483,1.0,Sin cotizacion,0,0.0,7,2,1,0,0.0,0.0,0.0,1838000.0,0.414,No aplica,0.0,2,3.1,0,Standard
25,Dependiente,Formal,49,3546000.0,0.042,4.1,Dependiente,11,3834000.0,71,1,0,0,0.0,0.0,0.0,0.0,0.0,No aplica,0.0,0,0.0,0,Poor
38,Cuenta propia,Informal,68,1159000.0,0.326,5.7,Sin cotizacion,0,0.0,31,1,0,1,957000.0,398000.0,0.416,398000.0,0.029,Pago total,397000.0,0,0.0,0,Poor
51,Cuenta propia,Informal,48,1312000.0,0.574,4.0,Sin cotizacion,0,0.0,346,2,0,0,0.0,0.0,0.0,0.0,0.0,No aplica,0.0,0,0.0,0,Standard
23,Dependiente,Formal,60,2716000.0,0.098,5.0,Dependiente,10,2730000.0,47,2,0,1,929000.0,569000.0,0.612,569000.0,0.017,Pago superior al mínimo,147000.0,1,7.7,1,Poor
29,Desempleado,No aplica,0,0.0,0.899,0.0,Sin cotizacion,0,0.0,22,3,0,0,0.0,0.0,0.0,0.0,0.0,No aplica,0.0,0,0.0,3,Good
43,Dependiente,Formal,123,3037000.0,0.201,10.2,Dependiente,6,2942000.0,221,2,1,1,2075000.0,738000.0,0.356,3043000.0,0.083,Pago superior al mínimo,289000.0,0,0.0,1,Good
50,Dependiente,Formal,73,5404000.0,0.087,6.1,Dependiente,10,5320000.0,305,3,2,0,0.0,0.0,0.0,21225000.0,0.327,No aplica,0.0,0,0.0,0,Good
51,Cuenta propia,Informal,23,673000.0,0.863,1.9,Sin cotizacion,0,0.0,173,3,1,0,0.0,0.0,0.0,1832000.0,0.227,No aplica,0.0,3,7.8,0,Poor
33,Cuenta propia,Informal,39,645000.0,0.723,3.2,Sin cotizacion,0,0.0,77,1,1,1,1288000.0,680000.0,0.528,1415000.0,0.183,Pago superior al mínimo,262000.0,2,3.5,1,Poor
43,Dependiente,Formal,32,2817000.0,0.14,2.7,Dependiente,3,2863000.0,180,3,0,1,3448000.0,1082000.0,0.314,1082000.0,0.032,Pago total,1073000.0,0,0.0,1,Standard
23,Dependiente,Formal,60,4484000.0,0.051,5.0,Dependiente,9,4545000.0,55,4,1,1,6575000.0,4096000.0,0.623,17034000.0,0.317,Pago superior al mínimo,935000.0,0,0.0,0,Poor
41,Dependiente,Formal,105,2777000.0,0.166,8.8,Dependiente,12,2713000.0,156,2,1,1,4662000.0,4022000.0,0.863,18045000.0,0.542,Pago superior al mínimo,1948000.0,2,16.2,3,Standard
65,Independiente,Informal,25,2851000.0,0.487,2.1,Sin cotizacion,0,0.0,461,2,2,1,3042000.0,928000.0,0.305,19301000.0,0.564,Pago superior al mínimo,398000.0,1,7.8,3,Standard
48,Cuenta propia,Informal,19,2527000.0,0.43,1.6,Sin cotizacion,0,0.0,260,1,0,1,5486000.0,3854000.0,0.703,3854000.0,0.127,Pago superior al mínimo,920000.0,1,7.8,0,Standard
36,Dependiente,Formal,74,4074000.0,0.163,6.2,Dependiente,8,3809000.0,210,4,1,0,0.0,0.0,0.0,27642000.0,0.565,No aplica,0.0,0,0.0,3,Good
48,Dependiente,Formal,29,8068000.0,0.09,2.4,Dependiente,11,8052000.0,200,4,1,1,13184000.0,8570000.0,0.65,16689000.0,0.172,Pago superior al mínimo,2216000.0,0,0.0,1,Standard
45,Dependiente,Formal,53,5298000.0,0.234,4.4,Dependiente,8,5282000.0,246,2,1,1,6323000.0,2679000.0,0.424,11823000.0,0.186,Pago superior al mínimo,757000.0,1,18.3,0,Good
44,Dependiente,Formal,119,6012000.0,0.204,9.9,Dependiente,12,5857000.0,112,4,2,1,7493000.0,4011000.0,0.535,12934000.0,0.179,Pago total,3752000.0,1,5.1,1,Good
30,Dependiente,Formal,36,3123000.0,0.091,3.0,Dependiente,11,3283000.0,70,3,1,1,6715000.0,5829000.0,0.868,10425000.0,0.278,Pago superior al mínimo,2475000.0,0,0.0,1,Poor
55,Cuenta propia,Informal,70,6480000.0,0.545,5.8,Sin cotizacion,0,0.0,255,4,0,1,12093000.0,10626000.0,0.879,10626000.0,0.137,Pago mínimo,1315000.0,4,28.1,1,Poor
35,Desempleado,No aplica,0,0.0,0.677,0.0,Sin cotizacion,0,0.0,49,1,0,0,0.0,0.0,0.0,0.0,0.0,No aplica,0.0,0,0.0,2,Good
39,Cuenta propia,Informal,40,4765000.0,0.29,3.3,Sin cotizacion,0,0.0,110,4,2,0,0.0,0.0,0.0,26580000.0,0.465,No aplica,0.0,0,0.0,1,Good
42,Dependiente,Formal,88,22176000.0,0.129,7.3,Dependiente,8,22686000.0,158,4,1,1,14855000.0,13356000.0,0.899,65992000.0,0.248,Pago superior al mínimo,5286000.0,2,3.7,1,Poor
31,Cuenta propia,Formal,47,833000.0,0.734,3.9,Independiente,12,338000.0,111,1,0,0,0.0,0.0,0.0,0.0,0.0,No aplica,0.0,0,0.0,1,Good
39,Cuenta propia,Informal,15,2840000.0,0.244,1.2,Sin cotizacion,0,0.0,102,3,1,1,6481000.0,1407000.0,0.217,5377000.0,0.158,Pago total,1163000.0,1,6.6,0,Standard
34,Cuenta propia,Informal,25,1342000.0,0.552,2.1,Sin cotizacion,0,0.0,163,2,2,0,0.0,0.0,0.0,4945000.0,0.307,No aplica,0.0,0,0.0,0,Good
43,Dependiente,Formal,146,9549000.0,0.101,12.2,Dependiente,12,9411000.0,163,5,1,0,0.0,0.0,0.0,5272000.0,0.046,No aplica,0.0,2,3.1,3,Good
42,Dependiente,Formal,46,2046000.0,0.242,3.8,Dependiente,12,2188000.0,132,4,1,1,3039000.0,1065000.0,0.35,5260000.0,0.214,Pago superior al mínimo,227000.0,1,2.5,0,Good
31,Dependiente,Formal,15,4430000.0,0.011,1.2,Dependiente,2,4225000.0,78,4,0,1,4763000.0,3024000.0,0.635,3024000.0,0.057,Pago superior al mínimo,856000.0,1,3.8,2,Standard
44,Dependiente,Formal,70,2037000.0,0.056,5.8,Dependiente,10,1997000.0,136,2,1,0,0.0,0.0,0.0,11193000.0,0.458,No aplica,0.0,0,0.0,0,Good
31,Dependiente,Formal,116,2897000.0,0.132,9.7,Dependiente,12,2845000.0,68,2,0,1,2525000.0,541000.0,0.214,541000.0,0.016,Pago total,498000.0,0,0.0,1,Good
36,Dependiente,Formal,74,3480000.0,0.014,6.2,Dependiente,12,3522000.0,102,1,1,1,4069000.0,3382000.0,0.831,5933000.0,0.142,Pago mínimo,289000.0,4,15.4,1,Poor
26,Dependiente,Formal,96,5104000.0,0.394,8.0,Dependiente,12,5239000.0,29,2,0,1,6578000.0,2508000.0,0.381,2508000.0,0.041,Pago mínimo,339000.0,4,9.1,1,Standard
40,Independiente,Informal,46,1211000.0,0.581,3.8,Sin cotizacion,0,0.0,231,1,1,0,0.0,0.0,0.0,2383000.0,0.164,No aplica,0.0,1,14.4,0,Good
49,Dependiente,Formal,75,5378000.0,0.088,6.2,Dependiente,11,5090000.0,325,5,3,1,4632000.0,1490000.0,0.322,79941000.0,1.239,Pago superior al mínimo,665000.0,0,0.0,0,Good
45,Dependiente,Formal,56,3909000.0,0.067,4.7,Dependiente,11,3802000.0,252,3,1,1,5860000.0,3126000.0,0.533,7148000.0,0.152,Pago total,2637000.0,0,0.0,0,Good
31,Desempleado,No aplica,0,0.0,0.415,0.0,Sin cotizacion,0,0.0,13,1,0,0,0.0,0.0,0.0,0.0,0.0,No aplica,0.0,0,0.0,0,Good
45,Cuenta propia,Formal,86,2716000.0,0.38,7.2,Independiente,11,1135000.0,204,2,1,1,2072000.0,1396000.0,0.674,6170000.0,0.189,Pago mínimo,162000.0,1,9.1,0,Standard
33,Cuenta propia,Informal,8,815000.0,0.561,0.7,Sin cotizacion,0,0.0,55,1,1,0,0.0,0.0,0.0,3477000.0,0.356,No aplica,0.0,1,7.9,1,Standard
39,Desempleado,No aplica,0,1468000.0,0.708,0.0,Sin cotizacion,0,0.0,88,1,0,0,0.0,0.0,0.0,0.0,0.0,No aplica,0.0,0,0.0,0,Standard
50,Dependiente,Formal,147,6533000.0,0.024,12.2,Dependiente,7,6359000.0,355,4,0,1,2837000.0,1945000.0,0.686,1945000.0,0.025,Pago superior al mínimo,873000.0,0,0.0,1,Poor
40,Desempleado,No aplica,0,0.0,0.762,0.0,Sin cotizacion,0,0.0,100,2,1,1,1541000.0,339000.0,0.22,339000.0,2.0,Pago superior al mínimo,159000.0,3,26.0,0,Poor
23,Dependiente,Formal,60,3534000.0,0.076,5.0,Dependiente,11,3477000.0,29,3,1,1,5845000.0,2269000.0,0.388,10651000.0,0.251,Pago total,2009000.0,1,9.5,1,Standard
44,Dependiente,Formal,99,6816000.0,0.107,8.2,Dependiente,12,6863000.0,105,2,1,1,13174000.0,9117000.0,0.692,26185000.0,0.32,Pago superior al mínimo,4305000.0,1,8.4,0,Poor
32,Dependiente,Formal,64,2343000.0,0.111,5.3,Dependiente,6,2251000.0,86,2,0,1,5186000.0,2379000.0,0.459,2379000.0,0.085,Pago superior al mínimo,1004000.0,0,0.0,1,Poor
35,Dependiente,Formal,126,2135000.0,0.124,10.5,Dependiente,9,2159000.0,181,2,2,1,1332000.0,944000.0,0.709,4932000.0,0.193,Pago superior al mínimo,273000.0,1,5.4,1,Poor
26,Dependiente,Formal,59,4050000.0,0.259,4.9,Dependiente,9,4149000.0,73,5,2,1,5828000.0,2180000.0,0.374,22708000.0,0.467,Pago superior al mínimo,659000.0,2,13.4,5,Poor
31,Independiente,Formal,49,1573000.0,0.558,4.1,Independiente,12,632000.0,23,2,0,1,3072000.0,1058000.0,0.344,1058000.0,0.056,Pago total,876000.0,1,3.6,0,Poor
47,Cuenta propia,Informal,31,1308000.0,0.675,2.6,Sin cotizacion,0,0.0,172,1,0,0,0.0,0.0,0.0,0.0,0.0,No aplica,0.0,0,0.0,1,Good
62,Pensionado,No aplica,250,1228000.0,0.15,20.8,Pensionado,12,1281000.0,442,1,0,0,0.0,0.0,0.0,0.0,0.0,No aplica,0.0,0,0.0,1,Standard
52,Dependiente,Formal,44,6700000.0,0.026,3.7,Dependiente,12,6894000.0,186,3,0,1,8942000.0,2792000.0,0.312,2792000.0,0.035,Pago total,2445000.0,0,0.0,0,Poor
35,Cuenta propia,Informal,15,1003000.0,0.506,1.2,Sin cotizacion,0,0.0,165,3,1,1,1269000.0,394000.0,0.31,2028000.0,0.168,Pago superior al mínimo,122000.0,2,5.1,2,Standard
48,Independiente,Formal,39,2882000.0,0.581,3.2,Independiente,10,1148000.0,337,3,1,0,0.0,0.0,0.0,7180000.0,0.208,No aplica,0.0,0,0.0,1,Good
26,Dependiente,Formal,51,1765000.0,0.153,4.2,Dependiente,12,1742000.0,70,2,0,0,0.0,0.0,0.0,0.0,0.0,No aplica,0.0,0,0.0,2,Poor
38,Independiente,Informal,56,1992000.0,0.404,4.7,Sin cotizacion,0,0.0,174,3,1,1,3226000.0,2321000.0,0.719,7773000.0,0.325,Pago superior al mínimo,899000.0,1,6.6,2,Poor
45,Dependiente,Informal,34,2451000.0,0.377,2.8,Sin cotizacion,0,0.0,164,2,0,1,5254000.0,2795000.0,0.532,2795000.0,0.095,Pago total,2408000.0,0,0.0,0,Standard
48,Dependiente,Formal,33,5786000.0,0.24,2.8,Dependiente,10,6192000.0,47,3,2,1,7577000.0,2789000.0,0.368,22728000.0,0.327,Pago superior al mínimo,910000.0,1,11.0,0,Good
33,Cuenta propia,Informal,111,785000.0,0.655,9.2,Sin cotizacion,0,0.0,166,1,0,0,0.0,0.0,0.0,0.0,0.0,No aplica,0.0,0,0.0,0,Standard
23,Dependiente,Formal,30,2320000.0,0.13,2.5,Dependiente,12,2259000.0,15,3,0,1,3426000.0,1467000.0,0.428,1467000.0,0.053,Pago total,1212000.0,0,0.0,1,Standard
42,Dependiente,Informal,21,5629000.0,0.364,1.8,Sin cotizacion,0,0.0,147,5,3,1,5362000.0,2921000.0,0.545,81386000.0,1.205,Pago mínimo,360000.0,4,3.0,1,Poor
49,Cuenta propia,Informal,14,4787000.0,0.246,1.2,Sin cotizacion,0,0.0,227,5,1,1,4335000.0,2876000.0,0.663,16541000.0,0.288,Pago mínimo,156000.0,1,16.4,0,Standard
53,Independiente,Informal,18,1768000.0,0.513,1.5,Sin cotizacion,0,0.0,192,1,1,1,1161000.0,764000.0,0.658,2974000.0,0.14,Pago mínimo,95000.0,4,119.7,1,Poor
44,Dependiente,Formal,68,3753000.0,0.141,5.7,Dependiente,9,3712000.0,126,3,0,0,0.0,0.0,0.0,0.0,0.0,No aplica,0.0,0,0.0,1,Standard
44,Dependiente,Formal,58,9305000.0,0.11,4.8,Dependiente,11,9152000.0,210,4,0,1,5300000.0,3661000.0,0.691,3661000.0,0.033,Pago superior al mínimo,928000.0,0,0.0,1,Poor
57,Dependiente,Formal,42,2331000.0,0.095,3.5,Dependiente,9,2368000.0,349,4,0,1,3890000.0,2312000.0,0.594,2312000.0,0.083,Pago superior al mínimo,1143000.0,1,7.1,3,Poor
32,Independiente,Informal,37,590000.0,0.193,3.1,Sin cotizacion,0,0.0,112,1,1,0,0.0,0.0,0.0,530000.0,0.075,No aplica,0.0,1,13.3,1,Poor
39,Dependiente,Formal,83,2866000.0,0.076,6.9,Dependiente,6,3125000.0,115,1,0,1,3489000.0,1097000.0,0.314,1097000.0,0.032,Pago total,1095000.0,0,0.0,2,Good
18,Dependiente,Formal,0,2745000.0,0.188,0.0,Dependiente,0,0.0,0,1,0,0,0.0,0.0,0.0,0.0,0.0,No aplica,0.0,0,0.0,0,Good
31,Desempleado,No aplica,0,579000.0,0.945,0.0,Sin cotizacion,0,0.0,75,1,0,1,704000.0,279000.0,0.396,279000.0,0.04,Pago superior al mínimo,139000.0,3,12.6,0,Poor
37,Dependiente,Formal,69,3650000.0,0.057,5.8,Dependiente,9,3686000.0,139,2,1,1,6550000.0,3819000.0,0.583,22552000.0,0.515,Pago superior al mínimo,779000.0,1,6.6,1,Poor
38,Dependiente,Formal,82,3180000.0,0.042,6.8,Dependiente,10,3139000.0,59,2,2,1,9483000.0,7455000.0,0.786,33685000.0,0.883,Pago mínimo,534000.0,1,4.4,3,Poor
27,Dependiente,Formal,90,2821000.0,0.171,7.5,Dependiente,12,2842000.0,54,3,0,1,3832000.0,1372000.0,0.358,1372000.0,0.041,Pago superior al mínimo,502000.0,5,31.0,1,Poor
22,Cuenta propia,Informal,18,2253000.0,0.418,1.5,Sin cotizacion,0,0.0,20,3,0,1,1706000.0,1219000.0,0.715,1219000.0,0.045,Pago mínimo,150000.0,1,7.4,2,Poor
31,Dependiente,Formal,156,4289000.0,0.039,13.0,Dependiente,11,4064000.0,96,4,2,1,5738000.0,1600000.0,0.279,22178000.0,0.431,Pago superior al mínimo,712000.0,0,0.0,0,Standard
49,Dependiente,Formal,144,2987000.0,0.083,12.0,Dependiente,8,2965000.0,179,1,0,1,5724000.0,2278000.0,0.398,2278000.0,0.064,Pago superior al mínimo,548000.0,2,8.8,0,Poor
35,Cuenta propia,Informal,52,1184000.0,0.655,4.3,Sin cotizacion,0,0.0,72,2,1,0,0.0,0.0,0.0,1018000.0,0.072,No aplica,0.0,0,0.0,1,Good
41,Dependiente,Formal,54,2831000.0,0.077,4.5,Dependiente,12,3024000.0,208,2,0,1,1679000.0,383000.0,0.228,383000.0,0.011,Pago total,372000.0,0,0.0,1,Standard
32,Dependiente,Formal,19,1800000.0,0.203,1.6,Dependiente,9,1848000.0,127,2,2,0,0.0,0.0,0.0,5927000.0,0.274,No aplica,0.0,0,0.0,3,Standard
28,Dependiente,Formal,22,1579000.0,0.082,1.8,Dependiente,12,1657000.0,96,2,0,0,0.0,0.0,0.0,0.0,0.0,No aplica,0.0,0,0.0,0,Good
43,Dependiente,Formal,57,4344000.0,0.191,4.8,Dependiente,12,4520000.0,215,5,0,0,0.0,0.0,0.0,0.0,0.0,No aplica,0.0,0,0.0,1,Poor
52,Dependiente,Formal,144,6087000.0,0.286,12.0,Dependiente,11,5914000.0,352,2,0,1,13500000.0,2110000.0,0.156,2110000.0,0.029,Pago total,1983000.0,0,0.0,1,Good
62,Cuenta propia,Formal,60,4250000.0,0.467,5.0,Independiente,4,2025000.0,428,4,0,1,3655000.0,805000.0,0.22,805000.0,0.016,Pago total,691000.0,1,14.4,0,Poor
54,Dependiente,Formal,38,1366000.0,0.032,3.2,Dependiente,11,1269000.0,250,3,2,0,0.0,0.0,0.0,7671000.0,0.468,No aplica,0.0,1,1.8,0,Good
43,Dependiente,Formal,40,3403000.0,0.212,3.3,Dependiente,12,3448000.0,100,2,1,1,8383000.0,1934000.0,0.231,5662000.0,0.139,Pago total,1550000.0,0,0.0,1,Good
45,Cuenta propia,Informal,80,1037000.0,0.577,6.7,Sin cotizacion,0,0.0,165,2,0,0,0.0,0.0,0.0,0.0,0.0,No aplica,0.0,0,0.0,0,Standard
59,Pensionado,No aplica,167,2667000.0,0.385,13.9,Pensionado,12,2502000.0,262,1,1,0,0.0,0.0,0.0,18148000.0,0.567,No aplica,0.0,1,3.0,0,Good
32,Cuenta propia,Informal,77,1461000.0,0.298,6.4,Sin cotizacion,0,0.0,145,1,0,0,0.0,0.0,0.0,0.0,0.0,No aplica,0.0,0,0.0,0,Standard
41,Cuenta propia,Informal,14,3263000.0,0.52,1.2,Sin cotizacion,0,0.0,50,3,1,1,3986000.0,3155000.0,0.792,6137000.0,0.157,Pago superior al mínimo,1495000.0,2,1.0,0,Standard
37,Dependiente,Formal,41,3541000.0,0.441,3.4,Dependiente,10,3298000.0,41,3,0,0,0.0,0.0,0.0,0.0,0.0,No aplica,0.0,0,0.0,0,Good
20,Desempleado,No aplica,0,300000.0,0.638,0.0,Sin cotizacion,0,0.0,12,1,0,0,0.0,0.0,0.0,0.0,0.0,No aplica,0.0,0,0.0,2,Standard
53,Dependiente,Formal,50,5176000.0,0.038,4.2,Dependiente,9,5370000.0,334,3,1,1,4400000.0,3844000.0,0.874,8658000.0,0.139,Pago superior al mínimo,997000.0,0,0.0,0,Standard
42,Desempleado,No aplica,0,0.0,0.755,0.0,Sin cotizacion,0,0.0,97,1,0,0,0.0,0.0,0.0,0.0,0.0,No aplica,0.0,0,0.0,1,Standard
45,Desempleado,No aplica,0,0.0,0.789,0.0,Sin cotizacion,0,0.0,111,1,0,0,0.0,0.0,0.0,0.0,0.0,No aplica,0.0,0,0.0,1,Standard
26,Independiente,Formal,85,554000.0,0.259,7.1,Independiente,11,300000.0,72,1,1,0,0.0,0.0,0.0,1281000.0,0.193,No aplica,0.0,0,0.0,1,Standard
37,Desempleado,No aplica,0,0.0,0.895,0.0,Sin cotizacion,0,0.0,45,2,0,1,1878000.0,386000.0,0.206,386000.0,2.0,Pago mínimo,33000.0,4,14.2,1,Poor
38,Independiente,Formal,95,5763000.0,0.386,7.9,Independiente,9,2592000.0,126,3,0,1,5493000.0,4135000.0,0.753,4135000.0,0.06,Pago mínimo,558000.0,1,11.8,0,Standard
37,Dependiente,Formal,44,2867000.0,0.171,3.7,Dependiente,8,2618000.0,123,3,1,0,0.0,0.0,0.0,13011000.0,0.378,No aplica,0.0,0,0.0,3,Standard
39,Dependiente,Formal,47,2457000.0,0.202,3.9,Dependiente,12,2448000.0,137,1,0,0,0.0,0.0,0.0,0.0,0.0,No aplica,0.0,0,0.0,0,Good
36,Independiente,Informal,9,1536000.0,0.432,0.8,Sin cotizacion,0,0.0,110,2,2,1,695000.0,350000.0,0.504,1535000.0,0.083,Pago superior al mínimo,140000.0,4,22.7,1,Standard
25,Dependiente,Informal,8,2148000.0,0.365,0.7,Sin cotizacion,0,0.0,41,2,0,1,2467000.0,919000.0,0.373,919000.0,0.036,Pago superior al mínimo,220000.0,1,4.2,1,Standard
27,Independiente,Formal,39,2209000.0,0.489,3.2,Independiente,12,776000.0,63,2,0,0,0.0,0.0,0.0,0.0,0.0,No aplica,0.0,0,0.0,0,Good
41,Desempleado,No aplica,0,936000.0,0.432,0.0,Sin cotizacion,0,0.0,212,2,1,0,0.0,0.0,0.0,1081000.0,0.096,No aplica,0.0,2,5.8,1,Poor
46,Dependiente,Formal,132,3987000.0,0.104,11.0,Dependiente,10,3935000.0,54,3,1,1,10891000.0,5766000.0,0.529,7114000.0,0.149,Pago total,5742000.0,1,12.3,1,Poor
20,Desempleado,No aplica,0,863000.0,0.849,0.0,Sin cotizacion,0,0.0,15,1,1,0,0.0,0.0,0.0,4044000.0,0.39,No aplica,0.0,0,0.0,1,Poor
38,Cuenta propia,Informal,14,5150000.0,0.413,1.2,Sin cotizacion,0,0.0,110,5,3,1,4701000.0,1076000.0,0.229,18956000.0,0.307,Pago superior al mínimo,318000.0,1,4.6,2,Standard
22,Desempleado,No aplica,0,0.0,0.611,0.0,Sin cotizacion,0,0.0,21,1,0,0,0.0,0.0,0.0,0.0,0.0,No aplica,0.0,0,0.0,0,Poor
26,Desempleado,No aplica,0,1427000.0,0.891,0.0,Sin cotizacion,0,0.0,34,1,0,1,856000.0,105000.0,0.123,105000.0,0.006,Pago total,96000.0,0,0.0,0,Standard
37,Dependiente,Formal,69,3000000.0,0.113,5.8,Dependiente,6,3186000.0,55,2,1,1,2411000.0,1531000.0,0.635,19229000.0,0.534,Pago superior al mínimo,595000.0,0,0.0,2,Poor
49,Desempleado,No aplica,0,555000.0,0.683,0.0,Sin cotizacion,0,0.0,170,1,1,1,554000.0,92000.0,0.166,457000.0,0.069,Pago total,84000.0,1,3.9,2,Standard
38,Independiente,Informal,23,3926000.0,0.362,1.9,Sin cotizacion,0,0.0,74,4,1,0,0.0,0.0,0.0,3922000.0,0.083,No aplica,0.0,2,5.3,2,Poor
54,Dependiente,Formal,37,3996000.0,0.192,3.1,Dependiente,11,4282000.0,378,2,0,1,10247000.0,6830000.0,0.667,6830000.0,0.142,Pago superior al mínimo,2553000.0,1,7.3,1,Standard
30,Dependiente,Informal,44,2203000.0,0.56,3.7,Sin cotizacion,0,0.0,76,2,1,1,1302000.0,474000.0,0.364,3940000.0,0.149,Pago superior al mínimo,129000.0,1,10.7,1,Good
42,Independiente,Formal,47,2346000.0,0.426,3.9,Independiente,7,987000.0,204,1,1,1,2643000.0,887000.0,0.336,7192000.0,0.255,Pago total,880000.0,0,0.0,0,Standard
48,Dependiente,Formal,103,4311000.0,0.108,8.6,Dependiente,6,4036000.0,250,4,2,1,3088000.0,969000.0,0.314,18790000.0,0.363,Pago total,870000.0,0,0.0,1,Good
47,Independiente,Formal,105,3000000.0,0.228,8.8,Independiente,12,1055000.0,186,4,0,0,0.0,0.0,0.0,0.0,0.0,No aplica,0.0,0,0.0,0,Standard
56,Cuenta propia,Informal,20,4246000.0,0.515,1.7,Sin cotizacion,0,0.0,332,5,2,1,6793000.0,3832000.0,0.564,14943000.0,0.293,Pago mínimo,245000.0,3,24.1,3,Poor
39,Dependiente,Formal,96,2496000.0,0.069,8.0,Dependiente,12,2512000.0,205,1,1,1,5237000.0,3788000.0,0.723,4805000.0,0.16,Pago superior al mínimo,1723000.0,1,7.4,0,Poor
55,Independiente,Formal,96,5252000.0,0.271,8.0,Independiente,8,1931000.0,115,4,2,1,8232000.0,3295000.0,0.4,20799000.0,0.33,Pago mínimo,213000.0,5,7.6,1,Poor
28,Cuenta propia,Informal,24,1558000.0,0.725,2.0,Sin cotizacion,0,0.0,52,2,0,0,0.0,0.0,0.0,0.0,0.0,No aplica,0.0,0,0.0,0,Good
37,Dependiente,Formal,52,4027000.0,0.106,4.3,Dependiente,12,4133000.0,173,2,0,1,5649000.0,911000.0,0.161,911000.0,0.019,Pago total,886000.0,0,0.0,1,Good
23,Dependiente,Formal,60,2961000.0,0.42,5.0,Dependiente,6,3159000.0,22,2,1,1,2273000.0,1367000.0,0.601,6567000.0,0.185,Pago total,1247000.0,2,15.4,0,Poor
47,Dependiente,Formal,159,2735000.0,0.275,13.2,Dependiente,10,2627000.0,190,3,1,1,2923000.0,2332000.0,0.798,6307000.0,0.192,Pago mínimo,127000.0,1,4.8,2,Standard
41,Dependiente,Formal,115,6092000.0,0.084,9.6,Dependiente,7,5874000.0,108,2,2,1,8082000.0,3498000.0,0.433,61557000.0,0.842,Pago total,2884000.0,0,0.0,4,Standard
56,Pensionado,No aplica,188,1677000.0,0.314,15.7,Pensionado,12,1618000.0,256,3,1,1,4081000.0,1685000.0,0.413,4510000.0,0.224,Pago total,1666000.0,0,0.0,1,Good
33,Dependiente,Formal,19,4567000.0,0.099,1.6,Dependiente,6,4521000.0,54,4,1,0,0.0,0.0,0.0,23379000.0,0.427,No aplica,0.0,0,0.0,1,Standard
33,Independiente,Informal,29,705000.0,0.169,2.4,Sin cotizacion,0,0.0,121,1,0,0,0.0,0.0,0.0,0.0,0.0,No aplica,0.0,0,0.0,2,Good
39,Dependiente,Formal,19,3203000.0,0.123,1.6,Dependiente,11,3210000.0,53,2,0,0,0.0,0.0,0.0,0.0,0.0,No aplica,0.0,0,0.0,2,Poor
38,Dependiente,Formal,24,7184000.0,0.193,2.0,Dependiente,12,7190000.0,158,3,0,1,5369000.0,1921000.0,0.358,1921000.0,0.022,Pago total,1586000.0,1,12.9,0,Good
65,Pensionado,No aplica,135,2209000.0,0.111,11.2,Pensionado,12,2268000.0,456,3,1,1,2047000.0,403000.0,0.197,6532000.0,0.246,Pago total,370000.0,0,0.0,5,Good
44,Independiente,Informal,32,3040000.0,0.136,2.7,Sin cotizacion,0,0.0,124,3,0,1,4430000.0,2685000.0,0.606,2685000.0,0.074,Pago superior al mínimo,790000.0,0,0.0,0,Standard
57,Dependiente,Formal,44,8207000.0,0.189,3.7,Dependiente,10,8336000.0,371,5,0,1,18933000.0,202000.0,0.011,202000.0,0.002,Pago total,194000.0,0,0.0,0,Standard
31,Dependiente,Formal,121,3136000.0,0.077,10.1,Dependiente,11,3129000.0,95,3,1,1,3011000.0,168000.0,0.056,9145000.0,0.243,Pago total,161000.0,0,0.0,0,Standard
42,Dependiente,Formal,64,4227000.0,0.105,5.3,Dependiente,9,4234000.0,156,4,2,1,14931000.0,8253000.0,0.553,37714000.0,0.744,Pago irregular,526000.0,2,13.8,6,Poor
35,Dependiente,Formal,45,4589000.0,0.066,3.8,Dependiente,12,4605000.0,116,3,1,1,4471000.0,3242000.0,0.725,14868000.0,0.27,Pago superior al mínimo,850000.0,1,3.5,2,Standard
33,Independiente,Formal,93,1542000.0,0.489,7.8,Independiente,8,613000.0,166,2,0,1,1207000.0,814000.0,0.674,814000.0,0.044,Pago superior al mínimo,336000.0,0,0.0,1,Standard
38,Dependiente,Formal,43,2901000.0,0.133,3.6,Dependiente,6,2822000.0,189,2,1,1,3202000.0,1351000.0,0.422,5843000.0,0.168,Pago superior al mínimo,307000.0,1,12.4,0,Standard
21,Dependiente,Formal,36,3142000.0,0.065,3.0,Dependiente,8,2991000.0,19,3,1,0,0.0,0.0,0.0,8596000.0,0.228,No aplica,0.0,1,6.4,0,Standard
39,Dependiente,Formal,13,1779000.0,0.071,1.1,Dependiente,7,1789000.0,181,2,0,1,1578000.0,117000.0,0.074,117000.0,0.005,Pago total,95000.0,1,1.0,0,Good
44,Cuenta propia,Formal,42,5797000.0,0.443,3.5,Independiente,9,2203000.0,167,5,0,1,8061000.0,2039000.0,0.253,2039000.0,0.029,Pago total,1798000.0,0,0.0,1,Good
36,Desempleado,No aplica,0,1021000.0,0.871,0.0,Sin cotizacion,0,0.0,145,1,0,0,0.0,0.0,0.0,0.0,0.0,No aplica,0.0,0,0.0,1,Standard
30,Dependiente,Formal,117,6075000.0,0.046,9.8,Dependiente,6,6203000.0,106,3,0,1,11447000.0,3031000.0,0.265,3031000.0,0.042,Pago total,2787000.0,0,0.0,3,Good
42,Independiente,Informal,40,1480000.0,0.424,3.3,Sin cotizacion,0,0.0,142,1,0,0,0.0,0.0,0.0,0.0,0.0,No aplica,0.0,0,0.0,1,Good
58,Dependiente,Informal,35,4308000.0,0.069,2.9,Sin cotizacion,0,0.0,308,3,1,1,7864000.0,2777000.0,0.353,17920000.0,0.347,Pago total,2396000.0,1,7.1,3,Standard
25,Dependiente,Formal,84,3939000.0,0.124,7.0,Dependiente,12,3950000.0,36,3,1,1,7267000.0,4272000.0,0.588,15252000.0,0.323,Pago mínimo,344000.0,1,2.6,0,Poor
27,Independiente,Informal,63,2283000.0,0.577,5.2,Sin cotizacion,0,0.0,44,3,1,1,2520000.0,1828000.0,0.725,3570000.0,0.13,Pago mínimo,105000.0,3,13.9,1,Poor
36,Cuenta propia,Informal,29,1021000.0,0.293,2.4,Sin cotizacion,0,0.0,129,1,0,1,1382000.0,629000.0,0.455,629000.0,0.051,Pago superior al mínimo,163000.0,1,11.4,1,Standard
23,Desempleado,No aplica,0,0.0,0.637,0.0,Sin cotizacion,0,0.0,17,3,0,0,0.0,0.0,0.0,0.0,0.0,No aplica,0.0,0,0.0,1,Poor
37,Independiente,Formal,48,2465000.0,0.397,4.0,Independiente,12,987000.0,99,3,0,0,0.0,0.0,0.0,0.0,0.0,No aplica,0.0,0,0.0,1,Good
62,Cuenta propia,Formal,96,3562000.0,0.432,8.0,Independiente,7,1565000.0,447,4,1,0,0.0,0.0,0.0,12059000.0,0.282,No aplica,0.0,3,14.0,3,Standard
41,Cuenta propia,Informal,26,2282000.0,0.229,2.2,Sin cotizacion,0,0.0,95,2,0,0,0.0,0.0,0.0,0.0,0.0,No aplica,0.0,0,0.0,0,Good
45,Dependiente,Formal,48,1916000.0,0.088,4.0,Dependiente,10,1808000.0,148,2,0,0,0.0,0.0,0.0,0.0,0.0,No aplica,0.0,0,0.0,0,Standard
20,Cuenta propia,Informal,23,3104000.0,0.343,1.9,Sin cotizacion,0,0.0,17,1,1,0,0.0,0.0,0.0,10057000.0,0.27,No aplica,0.0,3,35.1,2,Poor
44,Dependiente,Formal,82,6981000.0,0.11,6.8,Dependiente,11,7475000.0,251,3,0,1,4530000.0,2419000.0,0.534,2419000.0,0.029,Pago superior al mínimo,927000.0,0,0.0,0,Standard
50,Independiente,Formal,21,11507000.0,0.335,1.8,Independiente,12,3682000.0,343,3,1,1,9380000.0,6045000.0,0.644,45904000.0,0.332,Pago superior al mínimo,2444000.0,1,24.8,2,Poor
40,Dependiente,Formal,83,2217000.0,0.102,6.9,Dependiente,6,2346000.0,97,3,0,0,0.0,0.0,0.0,0.0,0.0,No aplica,0.0,0,0.0,3,Standard
40,Dependiente,Formal,34,4260000.0,0.076,2.8,Dependiente,11,4294000.0,165,4,1,1,8611000.0,1941000.0,0.225,8883000.0,0.174,Pago superior al mínimo,917000.0,0,0.0,2,Good
45,Cuenta propia,Informal,18,1109000.0,0.59,1.5,Sin cotizacion,0,0.0,267,1,1,1,1315000.0,296000.0,0.225,1665000.0,0.125,Pago superior al mínimo,92000.0,2,24.5,1,Good
22,Dependiente,Formal,29,7184000.0,0.057,2.4,Dependiente,10,7033000.0,30,5,3,0,0.0,0.0,0.0,42016000.0,0.487,No aplica,0.0,0,0.0,1,Standard
38,Dependiente,Formal,91,3660000.0,0.163,7.6,Dependiente,11,3445000.0,111,1,1,0,0.0,0.0,0.0,13478000.0,0.307,No aplica,0.0,0,0.0,2,Poor
29,Dependiente,Formal,74,2767000.0,0.322,6.2,Dependiente,9,2701000.0,94,4,1,1,3511000.0,2553000.0,0.727,4714000.0,0.142,Pago superior al mínimo,692000.0,1,11.2,0,Standard
52,Dependiente,Informal,12,2013000.0,0.382,1.0,Sin cotizacion,0,0.0,295,1,0,0,0.0,0.0,0.0,0.0,0.0,No aplica,0.0,0,0.0,1,Good
30,Dependiente,Formal,98,3842000.0,0.057,8.2,Dependiente,8,3817000.0,80,3,1,0,0.0,0.0,0.0,7853000.0,0.17,No aplica,0.0,0,0.0,1,Good
43,Dependiente,Formal,25,4792000.0,0.122,2.1,Dependiente,9,4829000.0,54,4,1,1,7350000.0,956000.0,0.13,3583000.0,0.062,Pago total,902000.0,0,0.0,0,Good
29,Cuenta propia,Informal,22,597000.0,0.663,1.8,Sin cotizacion,0,0.0,105,2,0,1,500000.0,97000.0,0.194,97000.0,0.014,Pago total,91000.0,1,5.3,1,Standard
31,Dependiente,Formal,28,6270000.0,0.128,2.3,Dependiente,6,6633000.0,62,4,0,1,9347000.0,4742000.0,0.507,4742000.0,0.063,Pago total,4055000.0,1,9.9,2,Poor
30,Desempleado,No aplica,0,1166000.0,0.99,0.0,Sin cotizacion,0,0.0,126,1,0,0,0.0,0.0,0.0,0.0,0.0,No aplica,0.0,0,0.0,0,Standard
38,Independiente,Informal,26,4841000.0,0.361,2.2,Sin cotizacion,0,0.0,43,3,0,1,5129000.0,2869000.0,0.559,2869000.0,0.049,Pago total,2736000.0,0,0.0,1,Standard
29,Dependiente,Formal,48,3546000.0,0.16,4.0,Dependiente,9,3556000.0,28,4,3,0,0.0,0.0,0.0,8485000.0,0.199,No aplica,0.0,3,14.5,1,Standard
50,Independiente,Informal,11,950000.0,0.295,0.9,Sin cotizacion,0,0.0,179,1,0,0,0.0,0.0,0.0,0.0,0.0,No aplica,0.0,0,0.0,0,Standard
32,Dependiente,Informal,29,2003000.0,0.252,2.4,Sin cotizacion,0,0.0,142,3,0,0,0.0,0.0,0.0,0.0,0.0,No aplica,0.0,0,0.0,1,Good
40,Independiente,Formal,35,3277000.0,0.286,2.9,Independiente,11,1353000.0,129,3,1,0,0.0,0.0,0.0,13284000.0,0.338,No aplica,0.0,0,0.0,0,Good
45,Dependiente,Formal,15,2328000.0,0.079,1.2,Dependiente,11,2361000.0,67,3,1,1,4321000.0,2745000.0,0.635,8277000.0,0.296,Pago superior al mínimo,714000.0,1,6.9,1,Standard
34,Dependiente,Formal,24,1772000.0,0.252,2.0,Dependiente,11,1749000.0,59,4,2,1,2193000.0,1291000.0,0.589,4709000.0,0.221,Pago mínimo,109000.0,0,0.0,2,Standard
45,Cuenta propia,Informal,22,3168000.0,0.107,1.8,Sin cotizacion,0,0.0,22,2,0,1,2660000.0,1789000.0,0.673,1789000.0,0.047,Pago total,1519000.0,0,0.0,0,Standard
38,Cuenta propia,Informal,24,2623000.0,0.331,2.0,Sin cotizacion,0,0.0,22,3,1,1,3038000.0,1967000.0,0.647,9922000.0,0.315,Pago superior al mínimo,777000.0,0,0.0,3,Standard
39,Cuenta propia,Informal,16,933000.0,0.233,1.3,Sin cotizacion,0,0.0,192,2,1,0,0.0,0.0,0.0,1251000.0,0.112,No aplica,0.0,0,0.0,1,Good
28,Dependiente,Formal,120,2309000.0,0.273,10.0,Dependiente,2,2291000.0,42,1,0,1,1728000.0,796000.0,0.461,796000.0,0.029,Pago superior al mínimo,277000.0,0,0.0,1,Standard
38,Cuenta propia,Formal,77,4712000.0,0.312,6.4,Independiente,5,1865000.0,140,5,1,1,11049000.0,2833000.0,0.256,15202000.0,0.269,Pago total,2682000.0,1,19.7,2,Standard
27,Dependiente,Informal,39,1348000.0,0.66,3.2,Sin cotizacion,0,0.0,23,1,0,0,0.0,0.0,0.0,0.0,0.0,No aplica,0.0,0,0.0,1,Good
39,Dependiente,Formal,38,3939000.0,0.025,3.2,Dependiente,12,4038000.0,142,3,1,1,6049000.0,3724000.0,0.616,14199000.0,0.3,Pago superior al mínimo,865000.0,0,0.0,3,Standard
38,Dependiente,Formal,35,3315000.0,0.024,2.9,Dependiente,9,3194000.0,137,4,0,1,7041000.0,4567000.0,0.649,4567000.0,0.115,Pago superior al mínimo,1265000.0,4,17.5,3,Poor
47,Independiente,Formal,71,6071000.0,0.257,5.9,Independiente,12,2305000.0,158,4,2,1,11717000.0,4600000.0,0.393,42154000.0,0.579,Pago mínimo,453000.0,1,12.1,0,Poor
42,Dependiente,Formal,56,2559000.0,0.129,4.7,Dependiente,12,2595000.0,177,2,0,1,2354000.0,1060000.0,0.45,1060000.0,0.035,Pago total,860000.0,1,9.0,2,Standard
46,Dependiente,Formal,75,4076000.0,0.128,6.2,Dependiente,8,3900000.0,114,3,0,0,0.0,0.0,0.0,0.0,0.0,No aplica,0.0,0,0.0,0,Standard
53,Cuenta propia,Informal,24,2600000.0,0.33,2.0,Sin cotizacion,0,0.0,77,2,1,1,3643000.0,1267000.0,0.348,10620000.0,0.34,Pago total,1199000.0,1,6.7,0,Standard
30,Dependiente,Formal,93,3667000.0,0.323,7.8,Dependiente,12,3684000.0,46,2,1,1,5613000.0,1889000.0,0.337,8331000.0,0.189,Pago total,1618000.0,0,0.0,2,Good
33,Dependiente,Formal,65,3544000.0,0.225,5.4,Dependiente,11,3467000.0,39,3,0,1,6302000.0,2745000.0,0.436,2745000.0,0.065,Pago superior al mínimo,1046000.0,1,7.9,1,Good
40,Dependiente,Formal,59,4304000.0,0.093,4.9,Dependiente,11,4391000.0,127,4,1,1,7655000.0,4578000.0,0.598,11997000.0,0.232,Pago superior al mínimo,2154000.0,0,0.0,0,Good
37,Cuenta propia,Formal,83,9591000.0,0.57,6.9,Independiente,12,4363000.0,121,6,1,1,10153000.0,2089000.0,0.206,48027000.0,0.417,Pago superior al mínimo,576000.0,1,9.7,1,Poor
36,Dependiente,Formal,137,11190000.0,0.121,11.4,Dependiente,10,10946000.0,108,2,1,1,19223000.0,2157000.0,0.112,14810000.0,0.11,Pago total,2048000.0,1,4.0,0,Good
28,Dependiente,Formal,90,2423000.0,0.071,7.5,Dependiente,12,2496000.0,22,2,1,1,3684000.0,2824000.0,0.767,9587000.0,0.33,Pago mínimo,320000.0,2,4.8,2,Poor
47,Cuenta propia,Informal,10,452000.0,0.61,0.8,Sin cotizacion,0,0.0,188,1,0,0,0.0,0.0,0.0,0.0,0.0,No aplica,0.0,0,0.0,2,Standard
32,Cuenta propia,Informal,25,2971000.0,0.389,2.1,Sin cotizacion,0,0.0,103,1,1,0,0.0,0.0,0.0,3862000.0,0.108,No aplica,0.0,2,1.0,1,Good
21,Dependiente,Formal,36,3223000.0,0.158,3.0,Dependiente,11,3249000.0,26,2,1,1,2812000.0,2123000.0,0.755,8786000.0,0.227,Pago mínimo,144000.0,0,0.0,0,Standard
37,Independiente,Informal,36,5833000.0,0.381,3.0,Sin cotizacion,0,0.0,189,3,1,1,5760000.0,1363000.0,0.237,38268000.0,0.547,Pago total,1290000.0,0,0.0,1,Poor
36,Cuenta propia,Informal,22,2498000.0,0.654,1.8,Sin cotizacion,0,0.0,155,2,1,1,4280000.0,1196000.0,0.279,3439000.0,0.115,Pago total,971000.0,1,17.8,1,Poor
54,Independiente,Formal,64,4581000.0,0.422,5.3,Independiente,11,1762000.0,147,2,1,1,5729000.0,3981000.0,0.695,7588000.0,0.138,Pago superior al mínimo,1416000.0,2,0.9,0,Good
45,Dependiente,Formal,67,6442000.0,0.167,5.6,Dependiente,11,6444000.0,81,3,1,0,0.0,0.0,0.0,32229000.0,0.417,No aplica,0.0,0,0.0,1,Good
49,Cuenta propia,Informal,35,5615000.0,0.428,2.9,Sin cotizacion,0,0.0,133,4,1,1,7010000.0,2586000.0,0.369,15722000.0,0.233,Pago total,2130000.0,1,4.8,1,Standard
57,Independiente,Informal,10,1039000.0,0.598,0.8,Sin cotizacion,0,0.0,338,2,1,0,0.0,0.0,0.0,1315000.0,0.105,No aplica,0.0,0,0.0,2,Standard
50,Dependiente,Formal,33,2763000.0,0.081,2.8,Dependiente,7,2906000.0,85,3,1,1,2635000.0,1356000.0,0.515,6441000.0,0.194,Pago superior al mínimo,550000.0,1,28.4,2,Standard
27,Dependiente,Formal,108,3044000.0,0.21,9.0,Dependiente,9,3023000.0,37,2,0,0,0.0,0.0,0.0,0.0,0.0,No aplica,0.0,0,0.0,1,Standard
30,Dependiente,Formal,18,3456000.0,0.034,1.5,Dependiente,12,3637000.0,90,2,2,1,7219000.0,3481000.0,0.482,15619000.0,0.377,Pago superior al mínimo,1014000.0,1,14.5,0,Good
24,Dependiente,Formal,67,2780000.0,0.156,5.6,Dependiente,9,2767000.0,30,1,0,1,6573000.0,4479000.0,0.681,4479000.0,0.134,Pago total,4305000.0,1,6.7,0,Good
39,Independiente,Formal,90,5347000.0,0.483,7.5,Independiente,9,1837000.0,104,2,1,0,0.0,0.0,0.0,8898000.0,0.139,No aplica,0.0,1,4.2,0,Standard
25,Dependiente,Formal,36,4878000.0,0.293,3.0,Dependiente,10,4849000.0,75,5,1,1,4827000.0,1254000.0,0.26,24783000.0,0.423,Pago total,1126000.0,1,4.1,1,Poor
41,Dependiente,Formal,115,8085000.0,0.214,9.6,Dependiente,7,7603000.0,126,5,0,1,15173000.0,5445000.0,0.359,5445000.0,0.056,Pago superior al mínimo,1221000.0,1,2.9,0,Good
36,Dependiente,Formal,66,4586000.0,0.048,5.5,Dependiente,8,4528000.0,49,2,1,1,7950000.0,3632000.0,0.457,8708000.0,0.158,Pago total,3340000.0,0,0.0,1,Standard
63,Dependiente,Formal,139,2719000.0,0.115,11.6,Dependiente,9,2680000.0,472,3,1,1,2798000.0,1268000.0,0.453,5978000.0,0.183,Pago superior al mínimo,259000.0,0,0.0,1,Good
30,Desempleado,No aplica,0,830000.0,0.531,0.0,Sin cotizacion,0,0.0,99,2,1,1,846000.0,92000.0,0.109,917000.0,0.092,Pago total,79000.0,1,7.9,0,Standard
34,Dependiente,Formal,38,8049000.0,0.067,3.2,Dependiente,10,8634000.0,103,5,1,1,14337000.0,10080000.0,0.703,24126000.0,0.25,Pago total,8606000.0,0,0.0,3,Poor
31,Dependiente,Formal,59,2366000.0,0.119,4.9,Dependiente,12,2518000.0,98,2,1,1,1417000.0,709000.0,0.5,3802000.0,0.134,Pago superior al mínimo,350000.0,1,1.7,2,Poor
51,Dependiente,Formal,49,2949000.0,0.007,4.1,Dependiente,11,2959000.0,276,1,1,0,0.0,0.0,0.0,7236000.0,0.204,No aplica,0.0,1,1.8,0,Poor
41,Dependiente,Formal,46,3804000.0,0.376,3.8,Dependiente,11,3988000.0,112,2,0,1,1898000.0,1014000.0,0.534,1014000.0,0.022,Pago mínimo,75000.0,5,32.4,0,Poor
27,Dependiente,Formal,47,2918000.0,0.172,3.9,Dependiente,10,2872000.0,70,2,0,1,6678000.0,2191000.0,0.328,2191000.0,0.063,Pago superior al mínimo,883000.0,2,6.8,1,Good
24,Independiente,Formal,54,10332000.0,0.217,4.5,Independiente,12,3543000.0,16,5,2,1,13735000.0,6573000.0,0.479,44182000.0,0.356,Pago superior al mínimo,1822000.0,1,2.3,1,Standard
44,Desempleado,No aplica,0,975000.0,0.701,0.0,Sin cotizacion,0,0.0,187,2,0,1,1540000.0,1000000.0,0.649,1000000.0,0.085,Pago superior al mínimo,224000.0,1,13.0,1,Poor
40,Dependiente,Formal,52,2409000.0,0.123,4.3,Dependiente,11,2460000.0,150,3,2,0,0.0,0.0,0.0,14079000.0,0.487,No aplica,0.0,2,20.4,2,Good
49,Independiente,Formal,95,4652000.0,0.246,7.9,Independiente,4,1928000.0,182,3,1,1,18302000.0,9031000.0,0.493,31299000.0,0.561,Pago superior al mínimo,1977000.0,0,0.0,3,Poor
24,Independiente,Formal,72,2049000.0,0.248,6.0,Independiente,9,743000.0,66,3,1,1,2948000.0,1143000.0,0.388,3054000.0,0.124,Pago total,1126000.0,1,11.8,2,Good
55,Desempleado,No aplica,0,1108000.0,0.674,0.0,Sin cotizacion,0,0.0,234,1,0,1,1753000.0,1184000.0,0.675,1184000.0,0.089,Pago mínimo,71000.0,2,1.7,0,Poor
33,Dependiente,Formal,25,4540000.0,0.263,2.1,Dependiente,12,4378000.0,122,5,1,1,5372000.0,934000.0,0.174,10908000.0,0.2,Pago total,903000.0,0,0.0,4,Standard
55,Dependiente,Formal,47,4933000.0,0.226,3.9,Dependiente,12,5118000.0,399,2,0,0,0.0,0.0,0.0,0.0,0.0,No aplica,0.0,0,0.0,4,Standard
49,Dependiente,Formal,78,3480000.0,0.228,6.5,Dependiente,12,3246000.0,349,3,0,1,3713000.0,1485000.0,0.4,1485000.0,0.036,Pago superior al mínimo,539000.0,0,0.0,0,Poor
42,Independiente,Informal,35,11670000.0,0.208,2.9,Sin cotizacion,0,0.0,139,3,1,1,8971000.0,2974000.0,0.332,11308000.0,0.081,Pago superior al mínimo,980000.0,2,7.6,3,Standard
52,Cuenta propia,Informal,25,5818000.0,0.404,2.1,Sin cotizacion,0,0.0,72,3,0,1,9864000.0,1520000.0,0.154,1520000.0,0.022,Pago total,1519000.0,0,0.0,2,Good
55,Dependiente,Formal,64,4434000.0,0.174,5.3,Dependiente,9,4533000.0,260,4,1,1,6086000.0,3856000.0,0.634,13040000.0,0.245,Pago superior al mínimo,1802000.0,1,0.5,2,Good
40,Dependiente,Formal,53,3343000.0,0.08,4.4,Dependiente,12,3301000.0,206,3,1,1,2838000.0,2453000.0,0.864,12017000.0,0.3,Pago superior al mínimo,666000.0,1,7.4,0,Poor
38,Cuenta propia,Informal,51,1879000.0,0.566,4.2,Sin cotizacion,0,0.0,199,1,1,0,0.0,0.0,0.0,3036000.0,0.135,No aplica,0.0,1,17.3,1,Standard
42,Cuenta propia,Formal,94,2761000.0,0.157,7.8,Independiente,7,1166000.0,200,3,2,1,5565000.0,1963000.0,0.353,16216000.0,0.489,Pago superior al mínimo,745000.0,1,13.1,1,Standard
37,Desempleado,No aplica,0,450000.0,0.77,0.0,Sin cotizacion,0,0.0,129,1,0,0,0.0,0.0,0.0,0.0,0.0,No aplica,0.0,0,0.0,1,Standard
20,Desempleado,No aplica,0,880000.0,0.898,0.0,Sin cotizacion,0,0.0,10,3,1,1,910000.0,409000.0,0.449,2573000.0,0.244,Pago superior al mínimo,101000.0,2,5.1,0,Standard
44,Dependiente,Formal,55,2291000.0,0.266,4.6,Dependiente,6,2382000.0,295,3,1,0,0.0,0.0,0.0,6691000.0,0.243,No aplica,0.0,0,0.0,1,Standard
28,Independiente,Informal,28,5004000.0,0.593,2.3,Sin cotizacion,0,0.0,107,2,0,1,6840000.0,3272000.0,0.478,3272000.0,0.054,Pago superior al mínimo,1241000.0,2,5.4,1,Poor
43,Independiente,Formal,55,1981000.0,0.49,4.6,Independiente,9,723000.0,148,2,2,1,3333000.0,1761000.0,0.528,5388000.0,0.227,Pago superior al mínimo,419000.0,4,5.1,1,Standard
45,Dependiente,Formal,60,3313000.0,0.159,5.0,Dependiente,7,3162000.0,67,2,1,1,4816000.0,440000.0,0.091,13865000.0,0.349,Pago total,407000.0,0,0.0,1,Good
35,Dependiente,Formal,107,2868000.0,0.285,8.9,Dependiente,11,3036000.0,117,2,1,1,3457000.0,1252000.0,0.362,5910000.0,0.172,Pago superior al mínimo,616000.0,3,15.8,0,Good
35,Independiente,Informal,22,1018000.0,0.25,1.8,Sin cotizacion,0,0.0,175,2,1,0,0.0,0.0,0.0,695000.0,0.057,No aplica,0.0,0,0.0,3,Poor
31,Dependiente,Formal,46,3845000.0,0.215,3.8,Dependiente,12,3836000.0,96,2,0,1,2757000.0,1672000.0,0.606,1672000.0,0.036,Pago superior al mínimo,626000.0,0,0.0,1,Good
45,Cuenta propia,Informal,28,2058000.0,0.622,2.3,Sin cotizacion,0,0.0,159,2,0,1,2996000.0,995000.0,0.332,995000.0,0.04,Pago superior al mínimo,237000.0,2,7.0,0,Good
27,Independiente,Formal,108,2331000.0,0.039,9.0,Independiente,12,963000.0,31,1,0,1,4765000.0,1826000.0,0.383,1826000.0,0.065,Pago total,1753000.0,1,3.2,0,Good
23,Desempleado,No aplica,0,2833000.0,0.714,0.0,Sin cotizacion,0,0.0,50,3,1,1,2217000.0,1892000.0,0.853,5011000.0,0.147,Pago mínimo,157000.0,0,0.0,0,Poor
48,Dependiente,Formal,55,2089000.0,0.156,4.6,Dependiente,11,2165000.0,336,2,1,1,1501000.0,879000.0,0.586,2723000.0,0.109,Pago total,720000.0,0,0.0,1,Good
47,Dependiente,Formal,42,3183000.0,0.103,3.5,Dependiente,11,3061000.0,238,3,1,1,8092000.0,510000.0,0.063,5003000.0,0.131,Pago total,475000.0,0,0.0,0,Good
37,Independiente,Informal,44,4055000.0,0.229,3.7,Sin cotizacion,0,0.0,57,5,1,1,3400000.0,2130000.0,0.626,6767000.0,0.139,Pago superior al mínimo,957000.0,1,12.2,1,Standard
57,Dependiente,Formal,93,1391000.0,0.187,7.8,Dependiente,12,1441000.0,238,1,1,0,0.0,0.0,0.0,1029000.0,0.062,No aplica,0.0,0,0.0,1,Good
38,Independiente,Formal,69,11236000.0,0.2,5.8,Independiente,10,4782000.0,30,3,1,1,11440000.0,7207000.0,0.63,14785000.0,0.11,Pago total,6461000.0,0,0.0,0,Standard
56,Cuenta propia,Informal,18,2603000.0,0.234,1.5,Sin cotizacion,0,0.0,314,4,1,0,0.0,0.0,0.0,5127000.0,0.164,No aplica,0.0,0,0.0,3,Poor
47,Dependiente,Formal,100,7289000.0,0.106,8.3,Dependiente,12,7718000.0,183,2,0,1,8309000.0,1385000.0,0.167,1385000.0,0.016,Pago total,1366000.0,0,0.0,2,Standard
32,Dependiente,Informal,11,1421000.0,0.125,0.9,Sin cotizacion,0,0.0,117,2,1,0,0.0,0.0,0.0,7161000.0,0.42,No aplica,0.0,1,12.1,1,Standard
50,Dependiente,Formal,13,5005000.0,0.044,1.1,Dependiente,12,5296000.0,240,2,0,1,9473000.0,674000.0,0.071,674000.0,0.011,Pago superior al mínimo,273000.0,0,0.0,1,Good
40,Dependiente,Formal,57,3830000.0,0.152,4.8,Dependiente,9,3840000.0,30,3,1,1,2637000.0,1249000.0,0.474,9609000.0,0.209,Pago total,1155000.0,0,0.0,1,Good
48,Cuenta propia,Informal,88,4094000.0,0.371,7.3,Sin cotizacion,0,0.0,192,3,0,1,4705000.0,2903000.0,0.617,2903000.0,0.059,Pago superior al mínimo,889000.0,1,6.5,0,Standard
37,Cuenta propia,Informal,32,1756000.0,0.248,2.7,Sin cotizacion,0,0.0,111,3,0,1,1362000.0,442000.0,0.325,442000.0,0.021,Pago total,381000.0,1,23.7,1,Standard
49,Independiente,Informal,23,4193000.0,0.144,1.9,Sin cotizacion,0,0.0,180,4,3,1,13833000.0,5430000.0,0.393,22519000.0,0.448,Pago superior al mínimo,1547000.0,0,0.0,2,Standard
34,Independiente,Formal,80,7824000.0,0.588,6.7,Independiente,2,3365000.0,103,2,0,1,7764000.0,3516000.0,0.453,3516000.0,0.037,Pago superior al mínimo,1714000.0,0,0.0,1,Standard
50,Dependiente,Formal,80,2977000.0,0.18,6.7,Dependiente,10,2982000.0,266,3,0,1,2499000.0,816000.0,0.327,816000.0,0.023,Pago total,759000.0,0,0.0,3,Good
29,Cuenta propia,Informal,60,2242000.0,0.593,5.0,Sin cotizacion,0,0.0,103,2,0,1,2116000.0,364000.0,0.172,364000.0,0.014,Pago total,334000.0,1,5.1,1,Standard
38,Independiente,Informal,16,646000.0,0.749,1.3,Sin cotizacion,0,0.0,184,1,1,1,773000.0,63000.0,0.082,712000.0,0.092,Pago total,54000.0,1,4.1,2,Good
30,Independiente,Formal,81,5769000.0,0.372,6.8,Independiente,12,2341000.0,99,2,1,1,8042000.0,3755000.0,0.467,8781000.0,0.127,Pago total,3270000.0,0,0.0,2,Standard
55,Desempleado,No aplica,0,1388000.0,0.898,0.0,Sin cotizacion,0,0.0,143,1,1,0,0.0,0.0,0.0,2340000.0,0.14,No aplica,0.0,4,52.2,0,Standard
29,Dependiente,Formal,62,3595000.0,0.09,5.2,Dependiente,12,3433000.0,104,3,1,1,6440000.0,1913000.0,0.297,8232000.0,0.191,Pago total,1637000.0,0,0.0,0,Standard
30,Cuenta propia,Informal,30,2344000.0,0.388,2.5,Sin cotizacion,0,0.0,84,4,1,1,2131000.0,1525000.0,0.716,8235000.0,0.293,Pago superior al mínimo,377000.0,0,0.0,2,Poor
40,Dependiente,Formal,61,3644000.0,0.015,5.1,Dependiente,11,3611000.0,141,3,0,1,3368000.0,613000.0,0.182,613000.0,0.014,Pago total,603000.0,1,8.9,1,Standard
20,Dependiente,Formal,24,1749000.0,0.233,2.0,Dependiente,8,1623000.0,17,3,1,1,897000.0,293000.0,0.327,3067000.0,0.146,Pago total,269000.0,0,0.0,2,Standard
40,Dependiente,Formal,26,4243000.0,0.375,2.2,Dependiente,7,4220000.0,85,4,3,1,3393000.0,1369000.0,0.403,64149000.0,1.26,Pago mínimo,169000.0,0,0.0,1,Poor
56,Pensionado,No aplica,154,3283000.0,0.071,12.8,Pensionado,12,3413000.0,326,3,2,1,3236000.0,1192000.0,0.368,6854000.0,0.174,Pago total,1067000.0,0,0.0,3,Good
48,Cuenta propia,Informal,27,1258000.0,0.256,2.2,Sin cotizacion,0,0.0,301,1,1,1,3275000.0,455000.0,0.139,1666000.0,0.11,Pago total,369000.0,0,0.0,0,Good
53,Independiente,Informal,36,2878000.0,0.15,3.0,Sin cotizacion,0,0.0,136,3,1,1,3871000.0,1668000.0,0.431,9184000.0,0.266,Pago superior al mínimo,569000.0,0,0.0,1,Standard
61,Cuenta propia,Informal,30,1467000.0,0.284,2.5,Sin cotizacion,0,0.0,171,1,0,1,1632000.0,1253000.0,0.768,1253000.0,0.071,Pago superior al mínimo,267000.0,0,0.0,0,Standard
39,Independiente,Formal,65,3505000.0,0.326,5.4,Independiente,12,1511000.0,149,2,1,1,9097000.0,3018000.0,0.332,8119000.0,0.193,Pago superior al mínimo,1460000.0,1,5.1,2,Good
26,Cuenta propia,Informal,42,825000.0,0.477,3.5,Sin cotizacion,0,0.0,36,1,0,0,0.0,0.0,0.0,0.0,0.0,No aplica,0.0,0,0.0,0,Standard
26,Dependiente,Formal,96,2795000.0,0.071,8.0,Dependiente,10,2808000.0,60,1,0,1,3226000.0,1819000.0,0.564,1819000.0,0.054,Pago total,1580000.0,1,12.6,3,Standard
28,Dependiente,Formal,57,6718000.0,0.087,4.8,Dependiente,11,6664000.0,80,2,1,1,5989000.0,1883000.0,0.314,11222000.0,0.139,Pago total,1564000.0,0,0.0,0,Good
57,Dependiente,Informal,15,2071000.0,0.241,1.2,Sin cotizacion,0,0.0,357,4,2,1,1871000.0,1134000.0,0.606,6116000.0,0.246,Pago superior al mínimo,304000.0,1,12.3,1,Standard
43,Cuenta propia,Informal,51,1366000.0,0.734,4.2,Sin cotizacion,0,0.0,68,1,0,1,1078000.0,311000.0,0.288,311000.0,0.019,Pago total,305000.0,1,2.7,0,Poor
27,Independiente,Informal,39,1479000.0,0.568,3.2,Sin cotizacion,0,0.0,81,2,1,1,1341000.0,710000.0,0.529,1912000.0,0.108,Pago superior al mínimo,186000.0,0,0.0,2,Standard
42,Dependiente,Formal,55,3453000.0,0.073,4.6,Dependiente,12,3378000.0,211,3,1,0,0.0,0.0,0.0,1761000.0,0.042,No aplica,0.0,0,0.0,1,Good
30,Dependiente,Formal,15,7406000.0,0.306,1.2,Dependiente,12,7134000.0,93,3,1,0,0.0,0.0,0.0,9573000.0,0.108,No aplica,0.0,1,15.2,1,Standard
48,Cuenta propia,Formal,101,6179000.0,0.442,8.4,Independiente,10,2674000.0,142,4,0,1,8224000.0,3332000.0,0.405,3332000.0,0.045,Pago superior al mínimo,799000.0,0,0.0,2,Standard
38,Dependiente,Formal,40,3384000.0,0.026,3.3,Dependiente,10,3176000.0,222,2,2,0,0.0,0.0,0.0,6468000.0,0.159,No aplica,0.0,0,0.0,1,Good
35,Independiente,Informal,25,1591000.0,0.221,2.1,Sin cotizacion,0,0.0,192,2,2,1,1895000.0,1339000.0,0.707,9052000.0,0.474,Pago mínimo,150000.0,0,0.0,0,Good
36,Desempleado,No aplica,0,1302000.0,0.565,0.0,Sin cotizacion,0,0.0,156,3,0,1,2712000.0,1147000.0,0.423,1147000.0,0.073,Pago total,939000.0,1,12.2,0,Standard
62,Cuenta propia,Informal,23,598000.0,0.425,1.9,Sin cotizacion,0,0.0,250,1,0,1,904000.0,411000.0,0.455,411000.0,0.057,Pago total,368000.0,0,0.0,1,Standard
21,Dependiente,Formal,36,1910000.0,0.242,3.0,Dependiente,12,1791000.0,26,2,1,1,3870000.0,2198000.0,0.568,5883000.0,0.257,Pago superior al mínimo,887000.0,0,0.0,1,Standard
44,Independiente,Formal,73,1317000.0,0.522,6.1,Independiente,8,574000.0,284,1,0,1,3192000.0,1869000.0,0.586,1869000.0,0.118,Pago mínimo,120000.0,2,15.5,2,Poor
48,Cuenta propia,Informal,12,1644000.0,0.219,1.0,Sin cotizacion,0,0.0,195,2,1,1,3017000.0,580000.0,0.192,2738000.0,0.139,Pago total,554000.0,0,0.0,0,Poor
44,Dependiente,Formal,180,4653000.0,0.054,15.0,Dependiente,11,4692000.0,202,4,2,1,4118000.0,2064000.0,0.501,15407000.0,0.276,Pago superior al mínimo,678000.0,0,0.0,1,Standard
61,Pensionado,No aplica,217,2630000.0,0.546,18.1,Pensionado,12,2634000.0,430,4,1,1,3155000.0,2573000.0,0.816,13270000.0,0.42,Pago superior al mínimo,1064000.0,4,52.7,1,Poor
51,Dependiente,Formal,44,11706000.0,0.019,3.7,Dependiente,5,11803000.0,90,3,0,0,0.0,0.0,0.0,0.0,0.0,No aplica,0.0,0,0.0,1,Standard
39,Dependiente,Formal,119,5949000.0,0.16,9.9,Dependiente,12,6427000.0,44,2,1,0,0.0,0.0,0.0,6985000.0,0.098,No aplica,0.0,0,0.0,2,Standard
33,Independiente,Informal,29,1253000.0,0.078,2.4,Sin cotizacion,0,0.0,66,1,0,1,2713000.0,590000.0,0.217,590000.0,0.039,Pago total,502000.0,1,8.4,0,Poor
59,Desempleado,No aplica,0,2799000.0,0.513,0.0,Sin cotizacion,0,0.0,331,4,1,0,0.0,0.0,0.0,10305000.0,0.307,No aplica,0.0,0,0.0,0,Standard
31,Dependiente,Formal,59,2950000.0,0.286,4.9,Dependiente,12,2957000.0,49,2,1,0,0.0,0.0,0.0,14219000.0,0.402,No aplica,0.0,1,1.8,4,Standard
46,Cuenta propia,Informal,27,4291000.0,0.565,2.2,Sin cotizacion,0,0.0,260,3,0,1,10830000.0,6526000.0,0.603,6526000.0,0.127,Pago mínimo,611000.0,3,32.4,2,Standard
49,Independiente,Formal,63,5412000.0,0.119,5.2,Independiente,12,2228000.0,73,4,1,0,0.0,0.0,0.0,13084000.0,0.201,No aplica,0.0,0,0.0,1,Standard
27,Dependiente,Informal,28,2187000.0,0.098,2.3,Sin cotizacion,0,0.0,79,1,1,1,3125000.0,2180000.0,0.698,5593000.0,0.213,Pago superior al mínimo,748000.0,0,0.0,0,Standard
23,Dependiente,Formal,59,2989000.0,0.037,4.9,Dependiente,10,3235000.0,27,2,1,1,9706000.0,2594000.0,0.267,7851000.0,0.219,Pago total,2229000.0,0,0.0,2,Good
34,Cuenta propia,Informal,20,1809000.0,0.635,1.7,Sin cotizacion,0,0.0,62,1,0,1,1947000.0,910000.0,0.467,910000.0,0.042,Pago superior al mínimo,398000.0,0,0.0,0,Standard
36,Dependiente,Formal,43,3376000.0,0.084,3.6,Dependiente,11,3367000.0,117,4,1,1,5274000.0,581000.0,0.11,11717000.0,0.289,Pago total,485000.0,0,0.0,0,Standard
51,Dependiente,Formal,69,8409000.0,0.136,5.8,Dependiente,9,8990000.0,280,3,1,1,5868000.0,2936000.0,0.5,16398000.0,0.163,Pago total,2738000.0,0,0.0,1,Standard
33,Dependiente,Informal,17,2633000.0,0.206,1.4,Sin cotizacion,0,0.0,90,2,1,1,3694000.0,1332000.0,0.361,26249000.0,0.831,Pago superior al mínimo,639000.0,2,9.8,2,Poor
53,Cuenta propia,Formal,75,7819000.0,0.716,6.2,Independiente,7,2502000.0,184,4,1,1,14237000.0,6364000.0,0.447,15723000.0,0.168,Pago mínimo,851000.0,0,0.0,1,Standard
69,Pensionado,No aplica,275,1669000.0,0.285,22.9,Pensionado,12,1611000.0,405,1,0,0,0.0,0.0,0.0,0.0,0.0,No aplica,0.0,0,0.0,0,Poor
43,Cuenta propia,Formal,63,303000.0,0.738,5.2,Independiente,9,300000.0,184,2,2,1,722000.0,280000.0,0.388,2189000.0,0.602,Pago superior al mínimo,120000.0,1,13.2,1,Good
50,Dependiente,Formal,71,3240000.0,0.053,5.9,Dependiente,12,3316000.0,135,2,0,1,1235000.0,578000.0,0.468,578000.0,0.015,Pago total,479000.0,1,12.7,0,Good
32,Independiente,Informal,54,1331000.0,0.134,4.5,Sin cotizacion,0,0.0,28,1,0,0,0.0,0.0,0.0,0.0,0.0,No aplica,0.0,0,0.0,0,Standard
26,Independiente,Formal,57,1320000.0,0.364,4.8,Independiente,2,622000.0,31,1,1,0,0.0,0.0,0.0,4868000.0,0.307,No aplica,0.0,0,0.0,0,Standard
43,Cuenta propia,Informal,19,5468000.0,0.828,1.6,Sin cotizacion,0,0.0,239,5,0,0,0.0,0.0,0.0,0.0,0.0,No aplica,0.0,0,0.0,1,Standard
25,Cuenta propia,Formal,13,708000.0,0.091,1.1,Independiente,8,300000.0,44,2,2,1,500000.0,88000.0,0.176,1062000.0,0.125,Pago total,84000.0,0,0.0,1,Good
21,Dependiente,Formal,36,3853000.0,0.171,3.0,Dependiente,11,4004000.0,4,4,1,1,4063000.0,603000.0,0.148,9430000.0,0.204,Pago total,528000.0,0,0.0,3,Standard
46,Independiente,Informal,19,13064000.0,0.267,1.6,Sin cotizacion,0,0.0,284,6,2,1,6085000.0,1803000.0,0.296,44638000.0,0.285,Pago total,1480000.0,0,0.0,4,Good
44,Dependiente,Formal,55,2288000.0,0.085,4.6,Dependiente,9,2493000.0,95,3,1,1,3256000.0,1431000.0,0.439,5146000.0,0.187,Pago superior al mínimo,586000.0,0,0.0,1,Good
34,Dependiente,Formal,17,3117000.0,0.195,1.4,Dependiente,7,3312000.0,167,2,1,1,8862000.0,4432000.0,0.5,16368000.0,0.438,Pago superior al mínimo,974000.0,2,19.3,1,Poor
30,Dependiente,Informal,23,4760000.0,0.272,1.9,Sin cotizacion,0,0.0,42,4,1,0,0.0,0.0,0.0,8263000.0,0.145,No aplica,0.0,0,0.0,3,Standard
38,Dependiente,Formal,34,2995000.0,0.457,2.8,Dependiente,11,2947000.0,139,2,1,1,3390000.0,1586000.0,0.468,16835000.0,0.468,Pago superior al mínimo,499000.0,0,0.0,0,Good
41,Dependiente,Formal,30,4325000.0,0.249,2.5,Dependiente,11,4475000.0,41,3,1,1,8290000.0,3531000.0,0.426,7349000.0,0.142,Pago superior al mínimo,1617000.0,2,11.3,1,Poor
24,Independiente,Formal,37,5155000.0,0.498,3.1,Independiente,10,2132000.0,37,5,3,1,6760000.0,1304000.0,0.193,15781000.0,0.255,Pago superior al mínimo,529000.0,2,1.9,0,Good
27,Dependiente,Formal,34,3451000.0,0.088,2.8,Dependiente,10,3360000.0,92,2,0,0,0.0,0.0,0.0,0.0,0.0,No aplica,0.0,0,0.0,1,Good
30,Independiente,Formal,95,2730000.0,0.469,7.9,Independiente,7,1139000.0,86,2,0,0,0.0,0.0,0.0,0.0,0.0,No aplica,0.0,0,0.0,0,Good
39,Dependiente,Formal,106,2567000.0,0.092,8.8,Dependiente,9,2518000.0,181,4,2,1,2292000.0,438000.0,0.191,8836000.0,0.287,Pago total,396000.0,0,0.0,4,Standard
20,Dependiente,Formal,24,1788000.0,0.064,2.0,Dependiente,6,1797000.0,19,3,0,1,1375000.0,551000.0,0.401,551000.0,0.026,Pago superior al mínimo,256000.0,3,16.5,0,Poor
39,Cuenta propia,Informal,76,3207000.0,0.58,6.3,Sin cotizacion,0,0.0,241,1,0,0,0.0,0.0,0.0,0.0,0.0,No aplica,0.0,0,0.0,2,Standard
67,Independiente,Informal,23,1795000.0,0.549,1.9,Sin cotizacion,0,0.0,498,1,0,0,0.0,0.0,0.0,0.0,0.0,No aplica,0.0,0,0.0,0,Good
22,Independiente,Formal,10,7219000.0,0.211,0.8,Independiente,5,2490000.0,22,4,1,1,12787000.0,3647000.0,0.285,13274000.0,0.153,Pago total,3464000.0,0,0.0,0,Standard
31,Independiente,Informal,15,8115000.0,0.283,1.2,Sin cotizacion,0,0.0,37,5,1,1,14283000.0,3283000.0,0.23,12768000.0,0.131,Pago total,2935000.0,0,0.0,1,Poor
25,Dependiente,Formal,61,1851000.0,0.126,5.1,Dependiente,12,1720000.0,34,3,0,1,2471000.0,1348000.0,0.546,1348000.0,0.061,Pago superior al mínimo,572000.0,0,0.0,2,Poor
31,Dependiente,Formal,37,4662000.0,0.216,3.1,Dependiente,3,4609000.0,105,3,2,0,0.0,0.0,0.0,4189000.0,0.075,No aplica,0.0,0,0.0,2,Good
42,Dependiente,Formal,65,9502000.0,0.082,5.4,Dependiente,6,9623000.0,25,3,1,1,13635000.0,5707000.0,0.419,43076000.0,0.378,Pago total,5574000.0,0,0.0,1,Standard
38,Cuenta propia,Informal,42,1148000.0,0.566,3.5,Sin cotizacion,0,0.0,100,2,1,0,0.0,0.0,0.0,2910000.0,0.211,No aplica,0.0,1,8.5,0,Standard
30,Independiente,Formal,37,7974000.0,0.671,3.1,Independiente,5,2830000.0,100,5,2,1,23960000.0,15165000.0,0.633,59711000.0,0.624,Pago mínimo,976000.0,0,0.0,4,Poor
38,Independiente,Formal,124,5749000.0,0.189,10.3,Independiente,8,2421000.0,204,3,0,1,14994000.0,501000.0,0.033,501000.0,0.007,Pago total,421000.0,1,15.5,2,Good
33,Independiente,Formal,160,7057000.0,0.519,13.3,Independiente,8,2835000.0,108,2,1,0,0.0,0.0,0.0,8535000.0,0.101,No aplica,0.0,0,0.0,2,Poor
18,Dependiente,Formal,0,2028000.0,0.053,0.0,Dependiente,0,0.0,0,0,0,0,0.0,0.0,0.0,0.0,0.0,No aplica,0.0,0,0.0,1,Good
36,Dependiente,Formal,21,8329000.0,0.192,1.8,Dependiente,8,8546000.0,145,2,1,1,6059000.0,2522000.0,0.416,26327000.0,0.263,Pago superior al mínimo,1054000.0,1,14.4,0,Poor
26,Independiente,Informal,20,1406000.0,0.262,1.7,Sin cotizacion,0,0.0,49,2,0,1,908000.0,365000.0,0.402,365000.0,0.022,Pago total,304000.0,0,0.0,1,Standard
65,Dependiente,Formal,72,5323000.0,0.217,6.0,Dependiente,7,5524000.0,253,2,1,1,9436000.0,3599000.0,0.381,47372000.0,0.742,Pago mínimo,240000.0,1,3.0,0,Good
42,Dependiente,Formal,28,3656000.0,0.089,2.3,Dependiente,12,3852000.0,181,2,2,1,2349000.0,573000.0,0.244,21887000.0,0.499,Pago total,534000.0,1,23.6,0,Poor
32,Dependiente,Formal,30,4306000.0,0.06,2.5,Dependiente,12,4410000.0,107,4,2,0,0.0,0.0,0.0,17275000.0,0.334,No aplica,0.0,3,9.4,1,Good
43,Dependiente,Formal,20,2441000.0,0.137,1.7,Dependiente,12,2412000.0,171,2,1,0,0.0,0.0,0.0,5217000.0,0.178,No aplica,0.0,0,0.0,2,Good
34,Desempleado,No aplica,0,697000.0,0.387,0.0,Sin cotizacion,0,0.0,147,2,0,0,0.0,0.0,0.0,0.0,0.0,No aplica,0.0,0,0.0,1,Good
53,Dependiente,Formal,64,4788000.0,0.354,5.3,Dependiente,9,4824000.0,266,3,1,1,7482000.0,5542000.0,0.741,26880000.0,0.468,Pago mínimo,574000.0,2,2.6,1,Poor
37,Dependiente,Formal,75,2309000.0,0.044,6.2,Dependiente,9,2524000.0,75,1,1,1,4798000.0,3517000.0,0.733,5705000.0,0.206,Pago superior al mínimo,1502000.0,2,20.5,2,Good
41,Dependiente,Formal,104,5444000.0,0.05,8.7,Dependiente,11,5659000.0,192,3,1,1,5093000.0,2494000.0,0.49,12627000.0,0.193,Pago superior al mínimo,737000.0,2,19.6,3,Standard
40,Desempleado,No aplica,0,1748000.0,0.872,0.0,Sin cotizacion,0,0.0,213,4,2,1,2226000.0,1240000.0,0.557,8385000.0,0.4,Pago superior al mínimo,474000.0,2,7.9,1,Standard
44,Dependiente,Formal,81,4050000.0,0.154,6.8,Dependiente,9,4062000.0,254,5,1,1,7020000.0,2663000.0,0.379,12988000.0,0.267,Pago superior al mínimo,1249000.0,1,9.6,3,Good
40,Dependiente,Formal,87,5196000.0,0.29,7.2,Dependiente,11,5165000.0,129,3,1,0,0.0,0.0,0.0,6464000.0,0.104,No aplica,0.0,1,4.9,2,Poor
57,Cuenta propia,Informal,7,3341000.0,0.329,0.6,Sin cotizacion,0,0.0,343,2,1,1,3519000.0,394000.0,0.112,2226000.0,0.056,Pago total,386000.0,0,0.0,0,Good
63,Pensionado,No aplica,194,3249000.0,0.109,16.2,Pensionado,12,3191000.0,285,2,0,0,0.0,0.0,0.0,0.0,0.0,No aplica,0.0,0,0.0,0,Standard
25,Dependiente,Formal,60,1817000.0,0.315,5.0,Dependiente,11,1731000.0,28,3,0,1,3567000.0,1632000.0,0.458,1632000.0,0.075,Pago superior al mínimo,646000.0,1,6.8,2,Good
47,Dependiente,Formal,44,6675000.0,0.053,3.7,Dependiente,11,7131000.0,223,5,1,0,0.0,0.0,0.0,13871000.0,0.173,No aplica,0.0,1,7.4,2,Standard
54,Dependiente,Formal,52,4511000.0,0.121,4.3,Dependiente,10,4597000.0,113,4,0,1,5248000.0,1314000.0,0.25,1314000.0,0.024,Pago total,1057000.0,0,0.0,3,Good
38,Dependiente,Formal,75,2915000.0,0.23,6.2,Dependiente,10,2767000.0,82,3,0,1,4631000.0,1280000.0,0.276,1280000.0,0.037,Pago total,1159000.0,1,9.9,2,Standard
31,Dependiente,Formal,90,3161000.0,0.246,7.5,Dependiente,12,3145000.0,63,3,1,1,2079000.0,1204000.0,0.579,30635000.0,0.808,Pago mínimo,68000.0,4,9.9,1,Poor
33,Dependiente,Formal,150,4025000.0,0.061,12.5,Dependiente,12,4230000.0,86,2,1,1,5384000.0,2098000.0,0.39,12724000.0,0.263,Pago total,2094000.0,0,0.0,3,Good
43,Dependiente,Formal,77,4121000.0,0.156,6.4,Dependiente,11,4047000.0,106,5,1,1,6761000.0,1580000.0,0.234,5442000.0,0.11,Pago total,1579000.0,0,0.0,0,Good
30,Dependiente,Formal,95,4325000.0,0.059,7.9,Dependiente,10,4184000.0,69,2,2,1,4192000.0,1684000.0,0.402,14225000.0,0.274,Pago mínimo,104000.0,2,4.5,1,Standard
57,Cuenta propia,Informal,47,7349000.0,0.871,3.9,Sin cotizacion,0,0.0,268,3,1,1,6965000.0,2251000.0,0.323,14599000.0,0.166,Pago total,2006000.0,0,0.0,2,Poor
35,Desempleado,No aplica,0,0.0,0.603,0.0,Sin cotizacion,0,0.0,87,2,1,0,0.0,0.0,0.0,0.0,0.0,No aplica,0.0,2,5.6,2,Poor
37,Independiente,Informal,56,3918000.0,0.352,4.7,Sin cotizacion,0,0.0,162,4,0,0,0.0,0.0,0.0,0.0,0.0,No aplica,0.0,0,0.0,1,Good
31,Dependiente,Formal,34,2795000.0,0.066,2.8,Dependiente,12,2835000.0,108,2,1,0,0.0,0.0,0.0,5132000.0,0.153,No aplica,0.0,3,16.5,2,Standard
26,Dependiente,Formal,65,8060000.0,0.253,5.4,Dependiente,12,8272000.0,78,4,1,1,16568000.0,5729000.0,0.346,38617000.0,0.399,Pago superior al mínimo,2626000.0,1,6.4,3,Good
40,Desempleado,No aplica,0,300000.0,0.672,0.0,Sin cotizacion,0,0.0,220,1,0,0,0.0,0.0,0.0,0.0,0.0,No aplica,0.0,0,0.0,2,Good
28,Dependiente,Formal,38,4271000.0,0.1,3.2,Dependiente,11,4195000.0,97,3,0,1,7581000.0,1013000.0,0.134,1013000.0,0.02,Pago total,834000.0,0,0.0,0,Good
44,Dependiente,Formal,39,6634000.0,0.071,3.2,Dependiente,10,6475000.0,75,4,1,1,9241000.0,3539000.0,0.383,18633000.0,0.234,Pago superior al mínimo,1294000.0,2,0.5,1,Standard
57,Independiente,Informal,38,6216000.0,0.383,3.2,Sin cotizacion,0,0.0,366,4,1,1,10459000.0,1143000.0,0.109,14252000.0,0.191,Pago total,960000.0,0,0.0,1,Good
51,Independiente,Formal,79,9982000.0,0.575,6.6,Independiente,11,4177000.0,328,6,0,1,6216000.0,2909000.0,0.468,2909000.0,0.024,Pago superior al mínimo,1006000.0,0,0.0,3,Poor
47,Independiente,Informal,37,2329000.0,0.744,3.1,Sin cotizacion,0,0.0,241,3,0,1,3114000.0,856000.0,0.275,856000.0,0.031,Pago superior al mínimo,223000.0,2,5.6,1,Standard
46,Dependiente,Formal,46,3102000.0,0.158,3.8,Dependiente,11,2962000.0,148,2,1,1,2727000.0,569000.0,0.209,3801000.0,0.102,Pago superior al mínimo,204000.0,1,6.5,2,Poor
49,Dependiente,Formal,66,2393000.0,0.164,5.5,Dependiente,12,2341000.0,225,2,0,1,3059000.0,1242000.0,0.406,1242000.0,0.043,Pago total,1096000.0,0,0.0,0,Standard
50,Desempleado,No aplica,0,808000.0,0.931,0.0,Sin cotizacion,0,0.0,274,2,0,0,0.0,0.0,0.0,0.0,0.0,No aplica,0.0,0,0.0,1,Poor
25,Dependiente,Informal,23,3163000.0,0.031,1.9,Sin cotizacion,0,0.0,32,3,0,1,2090000.0,1093000.0,0.523,1093000.0,0.029,Pago superior al mínimo,348000.0,0,0.0,1,Standard
58,Cuenta propia,Formal,77,1556000.0,0.274,6.4,Independiente,11,615000.0,51,1,1,0,0.0,0.0,0.0,5222000.0,0.28,No aplica,0.0,1,17.2,2,Standard
63,Pensionado,No aplica,256,1274000.0,0.113,21.3,Pensionado,12,1302000.0,308,1,0,0,0.0,0.0,0.0,0.0,0.0,No aplica,0.0,0,0.0,1,Good
30,Independiente,Informal,14,1626000.0,0.344,1.2,Sin cotizacion,0,0.0,127,2,1,0,0.0,0.0,0.0,2284000.0,0.117,No aplica,0.0,0,0.0,0,Good
23,Dependiente,Formal,60,2122000.0,0.214,5.0,Dependiente,12,2086000.0,32,2,1,1,3586000.0,2151000.0,0.6,10974000.0,0.431,Pago superior al mínimo,534000.0,1,3.0,0,Poor
55,Dependiente,Formal,95,6338000.0,0.143,7.9,Dependiente,11,6481000.0,425,2,2,1,5021000.0,2058000.0,0.41,27875000.0,0.367,Pago superior al mínimo,819000.0,2,1.5,0,Good
39,Independiente,Formal,25,4454000.0,0.426,2.1,Independiente,4,1989000.0,25,4,2,1,18794000.0,13725000.0,0.73,30488000.0,0.57,Pago mínimo,783000.0,2,5.6,2,Poor
28,Cuenta propia,Informal,51,4921000.0,0.632,4.2,Sin cotizacion,0,0.0,89,3,0,1,6166000.0,1964000.0,0.319,1964000.0,0.033,Pago superior al mínimo,943000.0,0,0.0,1,Standard
38,Cuenta propia,Informal,4,1311000.0,0.638,0.3,Sin cotizacion,0,0.0,117,1,0,0,0.0,0.0,0.0,0.0,0.0,No aplica,0.0,0,0.0,0,Poor
39,Dependiente,Formal,34,5406000.0,0.133,2.8,Dependiente,10,5296000.0,62,4,1,1,5614000.0,1306000.0,0.233,7987000.0,0.123,Pago total,1060000.0,1,2.4,0,Good
36,Dependiente,Informal,27,11527000.0,0.277,2.2,Sin cotizacion,0,0.0,205,4,0,1,13844000.0,4656000.0,0.336,4656000.0,0.034,Pago superior al mínimo,1506000.0,0,0.0,2,Standard
55,Pensionado,No aplica,160,2934000.0,0.246,13.3,Pensionado,12,3169000.0,243,2,2,1,1761000.0,1179000.0,0.67,9834000.0,0.279,Pago superior al mínimo,337000.0,1,11.4,2,Standard
53,Independiente,Formal,50,7721000.0,0.062,4.2,Independiente,3,3527000.0,193,4,2,1,9510000.0,5674000.0,0.597,28588000.0,0.309,Pago total,5165000.0,0,0.0,4,Good
41,Cuenta propia,Informal,80,3503000.0,0.466,6.7,Sin cotizacion,0,0.0,232,1,1,1,6826000.0,6592000.0,0.966,13808000.0,0.328,Pago mínimo,346000.0,2,2.8,0,Poor
45,Dependiente,Formal,31,2044000.0,0.184,2.6,Dependiente,10,2066000.0,130,2,1,1,3275000.0,1877000.0,0.573,13339000.0,0.544,Pago superior al mínimo,623000.0,3,18.2,1,Poor
48,Independiente,Formal,80,6454000.0,0.551,6.7,Independiente,11,2535000.0,241,2,1,0,0.0,0.0,0.0,5052000.0,0.065,No aplica,0.0,0,0.0,0,Standard
45,Independiente,Formal,146,5228000.0,0.514,12.2,Independiente,8,1975000.0,234,2,1,1,5396000.0,2022000.0,0.375,13412000.0,0.214,Pago total,1922000.0,0,0.0,1,Poor
45,Independiente,Informal,49,2350000.0,0.251,4.1,Sin cotizacion,0,0.0,252,1,0,1,5745000.0,2228000.0,0.388,2228000.0,0.079,Pago total,2142000.0,1,3.9,0,Standard
48,Dependiente,Formal,75,2680000.0,0.064,6.2,Dependiente,3,2858000.0,156,1,0,1,2645000.0,1819000.0,0.688,1819000.0,0.057,Pago superior al mínimo,874000.0,1,5.9,0,Standard
51,Dependiente,Formal,71,5453000.0,0.03,5.9,Dependiente,10,5499000.0,270,3,2,1,5911000.0,1881000.0,0.318,71050000.0,1.086,Pago superior al mínimo,437000.0,4,27.8,2,Good
46,Independiente,Formal,50,2299000.0,0.149,4.2,Independiente,4,787000.0,246,2,1,0,0.0,0.0,0.0,2137000.0,0.077,No aplica,0.0,0,0.0,2,Good
33,Dependiente,Formal,48,8933000.0,0.181,4.0,Dependiente,12,8321000.0,45,5,0,1,7782000.0,3052000.0,0.392,3052000.0,0.028,Pago total,2780000.0,0,0.0,1,Standard
51,Dependiente,Formal,28,4200000.0,0.104,2.3,Dependiente,12,4219000.0,358,4,2,0,0.0,0.0,0.0,12829000.0,0.255,No aplica,0.0,0,0.0,0,Good
43,Desempleado,No aplica,0,0.0,0.971,0.0,Sin cotizacion,0,0.0,68,1,0,0,0.0,0.0,0.0,0.0,0.0,No aplica,0.0,0,0.0,0,Good
19,Dependiente,Formal,12,1665000.0,0.04,1.0,Dependiente,12,1674000.0,1,1,0,1,1183000.0,153000.0,0.129,153000.0,0.008,Pago total,135000.0,0,0.0,0,Good
55,Desempleado,No aplica,0,0.0,0.541,0.0,Sin cotizacion,0,0.0,41,1,1,1,2197000.0,755000.0,0.344,755000.0,2.0,Pago irregular,39000.0,2,26.4,2,Poor
51,Dependiente,Formal,30,11815000.0,0.27,2.5,Dependiente,5,11382000.0,162,5,0,1,11089000.0,2072000.0,0.187,2072000.0,0.015,Pago total,2002000.0,1,3.9,0,Standard
38,Independiente,Formal,60,2245000.0,0.314,5.0,Independiente,3,762000.0,174,2,0,0,0.0,0.0,0.0,0.0,0.0,No aplica,0.0,0,0.0,1,Standard
39,Desempleado,No aplica,0,0.0,0.709,0.0,Sin cotizacion,0,0.0,87,2,0,0,0.0,0.0,0.0,0.0,0.0,No aplica,0.0,0,0.0,2,Standard
30,Dependiente,Formal,53,1688000.0,0.011,4.4,Dependiente,12,1555000.0,77,3,2,1,2375000.0,736000.0,0.31,3817000.0,0.188,Pago total,677000.0,0,0.0,0,Good
57,Dependiente,Formal,69,3041000.0,0.132,5.8,Dependiente,7,2949000.0,109,2,0,1,3082000.0,1588000.0,0.515,1588000.0,0.044,Pago superior al mínimo,427000.0,1,4.6,0,Good
63,Cuenta propia,Informal,42,1921000.0,0.386,3.5,Sin cotizacion,0,0.0,217,2,1,1,4205000.0,447000.0,0.106,10738000.0,0.466,Pago total,386000.0,0,0.0,0,Poor
36,Dependiente,Formal,49,3088000.0,0.122,4.1,Dependiente,11,3043000.0,44,1,0,1,6144000.0,619000.0,0.101,619000.0,0.017,Pago total,606000.0,1,0.9,2,Good
44,Independiente,Formal,34,3557000.0,0.282,2.8,Independiente,11,1521000.0,170,3,1,0,0.0,0.0,0.0,16111000.0,0.377,No aplica,0.0,0,0.0,1,Poor
43,Cuenta propia,Informal,17,5696000.0,0.538,1.4,Sin cotizacion,0,0.0,75,2,0,1,3808000.0,1003000.0,0.263,1003000.0,0.015,Pago superior al mínimo,403000.0,0,0.0,0,Standard
35,Dependiente,Informal,14,4030000.0,0.188,1.2,Sin cotizacion,0,0.0,137,2,1,0,0.0,0.0,0.0,9600000.0,0.199,No aplica,0.0,0,0.0,1,Standard
51,Dependiente,Informal,84,1917000.0,0.067,7.0,Sin cotizacion,0,0.0,273,3,1,0,0.0,0.0,0.0,561000.0,0.024,No aplica,0.0,1,15.4,0,Standard
33,Dependiente,Formal,116,2144000.0,0.144,9.7,Dependiente,10,2133000.0,61,2,0,0,0.0,0.0,0.0,0.0,0.0,No aplica,0.0,0,0.0,0,Good
19,Desempleado,No aplica,0,717000.0,0.957,0.0,Sin cotizacion,0,0.0,8,1,1,0,0.0,0.0,0.0,1048000.0,0.122,No aplica,0.0,2,9.9,0,Standard
56,Dependiente,Formal,27,3241000.0,0.191,2.2,Dependiente,11,3379000.0,254,3,2,1,4757000.0,2870000.0,0.603,27563000.0,0.709,Pago mínimo,315000.0,2,5.5,5,Standard
42,Independiente,Formal,53,4307000.0,0.61,4.4,Independiente,6,1827000.0,66,3,0,1,5679000.0,1373000.0,0.242,1373000.0,0.027,Pago superior al mínimo,332000.0,1,5.0,1,Standard
42,Independiente,Formal,37,1744000.0,0.328,3.1,Independiente,12,733000.0,188,2,0,1,3458000.0,1111000.0,0.321,1111000.0,0.053,Pago total,965000.0,0,0.0,0,Good
46,Independiente,Informal,17,9764000.0,0.715,1.4,Sin cotizacion,0,0.0,54,5,1,1,14166000.0,5531000.0,0.39,20915000.0,0.179,Pago total,4782000.0,0,0.0,2,Poor
37,Dependiente,Formal,47,5278000.0,0.09,3.9,Dependiente,9,5485000.0,186,3,1,1,11010000.0,4535000.0,0.412,15154000.0,0.239,Pago total,3651000.0,0,0.0,1,Good
45,Independiente,Informal,15,8348000.0,0.378,1.2,Sin cotizacion,0,0.0,210,3,0,1,15394000.0,5820000.0,0.378,5820000.0,0.058,Pago superior al mínimo,2787000.0,3,30.9,1,Standard
38,Dependiente,Informal,50,3065000.0,0.116,4.2,Sin cotizacion,0,0.0,171,4,2,0,0.0,0.0,0.0,45800000.0,1.245,No aplica,0.0,2,2.4,0,Poor
38,Dependiente,Formal,74,1407000.0,0.056,6.2,Dependiente,9,1329000.0,133,1,0,0,0.0,0.0,0.0,0.0,0.0,No aplica,0.0,0,0.0,0,Standard
40,Cuenta propia,Informal,33,6251000.0,0.546,2.8,Sin cotizacion,0,0.0,117,2,1,1,10104000.0,2472000.0,0.245,17867000.0,0.238,Pago superior al mínimo,740000.0,0,0.0,0,Standard
35,Independiente,Formal,122,2204000.0,0.458,10.2,Independiente,9,834000.0,58,1,0,1,4320000.0,1530000.0,0.354,1530000.0,0.058,Pago superior al mínimo,353000.0,1,7.8,0,Good
47,Dependiente,Formal,94,2779000.0,0.121,7.8,Dependiente,8,3046000.0,111,1,1,1,2970000.0,1530000.0,0.515,7998000.0,0.24,Pago superior al mínimo,533000.0,1,12.9,1,Good
26,Dependiente,Formal,63,3384000.0,0.337,5.2,Dependiente,11,3126000.0,81,2,2,1,3814000.0,2853000.0,0.748,13444000.0,0.331,Pago mínimo,271000.0,2,9.4,3,Poor
22,Dependiente,Formal,48,5582000.0,0.277,4.0,Dependiente,11,5516000.0,33,4,1,1,14070000.0,8618000.0,0.613,39670000.0,0.592,Pago superior al mínimo,3921000.0,3,3.6,0,Poor
19,Dependiente,Formal,12,4639000.0,0.219,1.0,Dependiente,8,4727000.0,7,4,1,1,9785000.0,5773000.0,0.59,23881000.0,0.429,Pago mínimo,750000.0,2,6.3,2,Poor
34,Dependiente,Formal,99,5199000.0,0.084,8.2,Dependiente,6,4809000.0,123,4,1,1,9620000.0,2014000.0,0.209,9643000.0,0.155,Pago total,1926000.0,0,0.0,1,Good
44,Dependiente,Formal,15,3336000.0,0.028,1.2,Dependiente,8,3236000.0,229,2,1,0,0.0,0.0,0.0,4171000.0,0.104,No aplica,0.0,1,2.8,0,Poor
34,Dependiente,Formal,78,2984000.0,0.153,6.5,Dependiente,8,3222000.0,118,2,1,1,4812000.0,1745000.0,0.363,5257000.0,0.147,Pago total,1721000.0,0,0.0,2,Standard
75,Pensionado,No aplica,185,2921000.0,0.033,15.4,Pensionado,12,2936000.0,567,2,0,1,1738000.0,837000.0,0.482,837000.0,0.024,Pago total,732000.0,1,6.0,1,Good
35,Independiente,Informal,43,2337000.0,0.288,3.6,Sin cotizacion,0,0.0,118,3,1,1,3730000.0,1623000.0,0.435,5088000.0,0.181,Pago total,1490000.0,2,7.5,0,Poor
47,Independiente,Formal,21,7786000.0,0.266,1.8,Independiente,7,2935000.0,204,3,0,1,9220000.0,4252000.0,0.461,4252000.0,0.046,Pago superior al mínimo,1704000.0,0,0.0,3,Poor
24,Dependiente,Formal,72,4472000.0,0.154,6.0,Dependiente,12,4510000.0,52,5,2,0,0.0,0.0,0.0,10800000.0,0.201,No aplica,0.0,2,12.6,3,Poor
36,Desempleado,No aplica,0,1246000.0,0.57,0.0,Sin cotizacion,0,0.0,75,1,0,0,0.0,0.0,0.0,0.0,0.0,No aplica,0.0,0,0.0,1,Standard
40,Cuenta propia,Informal,45,3656000.0,0.4,3.8,Sin cotizacion,0,0.0,210,1,0,0,0.0,0.0,0.0,0.0,0.0,No aplica,0.0,0,0.0,0,Good
33,Cuenta propia,Informal,22,1737000.0,0.446,1.8,Sin cotizacion,0,0.0,126,2,0,1,3724000.0,2111000.0,0.567,2111000.0,0.101,Pago superior al mínimo,721000.0,1,8.6,2,Standard
30,Cuenta propia,Formal,138,1125000.0,0.151,11.5,Independiente,3,424000.0,113,1,0,0,0.0,0.0,0.0,0.0,0.0,No aplica,0.0,0,0.0,2,Good
38,Cuenta propia,Informal,12,1160000.0,0.244,1.0,Sin cotizacion,0,0.0,67,3,1,1,1303000.0,520000.0,0.399,3030000.0,0.218,Pago total,441000.0,1,9.0,1,Poor
23,Dependiente,Formal,60,4669000.0,0.225,5.0,Dependiente,7,4989000.0,17,2,1,1,1699000.0,750000.0,0.441,16966000.0,0.303,Pago superior al mínimo,352000.0,1,6.0,2,Standard
65,Independiente,Informal,19,2233000.0,0.363,1.6,Sin cotizacion,0,0.0,387,2,0,0,0.0,0.0,0.0,0.0,0.0,No aplica,0.0,0,0.0,0,Good
21,Cuenta propia,Informal,16,1291000.0,0.537,1.3,Sin cotizacion,0,0.0,21,1,0,0,0.0,0.0,0.0,0.0,0.0,No aplica,0.0,0,0.0,0,Poor
49,Independiente,Formal,60,6564000.0,0.305,5.0,Independiente,7,2365000.0,264,4,1,1,10851000.0,4811000.0,0.443,12661000.0,0.161,Pago total,4715000.0,0,0.0,0,Good
34,Independiente,Formal,22,4028000.0,0.739,1.8,Independiente,10,1527000.0,157,3,1,1,4616000.0,1105000.0,0.239,6203000.0,0.128,Pago superior al mínimo,476000.0,0,0.0,2,Good
47,Dependiente,Formal,90,4709000.0,0.07,7.5,Dependiente,12,4428000.0,190,4,2,0,0.0,0.0,0.0,12706000.0,0.225,No aplica,0.0,0,0.0,4,Standard
52,Dependiente,Formal,189,3449000.0,0.435,15.8,Dependiente,12,3408000.0,244,3,2,1,4103000.0,2613000.0,0.637,19708000.0,0.476,Pago mínimo,221000.0,2,1.1,3,Standard
43,Dependiente,Formal,33,3224000.0,0.039,2.8,Dependiente,10,3201000.0,150,2,0,0,0.0,0.0,0.0,0.0,0.0,No aplica,0.0,0,0.0,0,Good
42,Cuenta propia,Informal,65,1303000.0,0.311,5.4,Sin cotizacion,0,0.0,110,3,1,0,0.0,0.0,0.0,1352000.0,0.086,No aplica,0.0,0,0.0,2,Poor
24,Independiente,Formal,72,5393000.0,0.482,6.0,Independiente,5,2415000.0,44,3,0,1,7046000.0,5237000.0,0.743,5237000.0,0.081,Pago mínimo,263000.0,3,20.7,0,Poor
26,Dependiente,Formal,26,3277000.0,0.071,2.2,Dependiente,9,3144000.0,81,4,1,1,7717000.0,7075000.0,0.917,9571000.0,0.243,Pago superior al mínimo,2458000.0,1,1.0,0,Poor
33,Dependiente,Formal,32,3902000.0,0.037,2.7,Dependiente,9,3977000.0,97,2,1,1,13709000.0,10965000.0,0.8,17625000.0,0.376,Pago mínimo,1123000.0,1,10.1,0,Standard
34,Dependiente,Formal,69,2185000.0,0.134,5.8,Dependiente,12,2193000.0,170,3,0,1,2901000.0,1200000.0,0.414,1200000.0,0.046,Pago total,1077000.0,1,1.7,1,Good
54,Cuenta propia,Informal,43,3759000.0,0.63,3.6,Sin cotizacion,0,0.0,148,2,0,0,0.0,0.0,0.0,0.0,0.0,No aplica,0.0,0,0.0,0,Poor
57,Cuenta propia,Formal,108,2874000.0,0.351,9.0,Independiente,11,932000.0,394,3,2,1,2488000.0,2240000.0,0.9,14314000.0,0.415,Pago mínimo,134000.0,1,15.4,1,Poor
48,Cuenta propia,Formal,61,3851000.0,0.452,5.1,Independiente,6,1429000.0,183,4,0,1,1707000.0,867000.0,0.508,867000.0,0.019,Pago superior al mínimo,378000.0,0,0.0,1,Good
38,Dependiente,Formal,65,4217000.0,0.028,5.4,Dependiente,12,4088000.0,165,5,0,1,12652000.0,5716000.0,0.452,5716000.0,0.113,Pago superior al mínimo,2056000.0,0,0.0,1,Standard
24,Independiente,Formal,28,4097000.0,0.586,2.3,Independiente,12,1915000.0,56,3,1,1,14376000.0,11840000.0,0.824,19350000.0,0.394,Pago mínimo,855000.0,1,31.1,1,Poor
48,Dependiente,Formal,122,1759000.0,0.272,10.2,Dependiente,12,1797000.0,216,2,1,0,0.0,0.0,0.0,3275000.0,0.155,No aplica,0.0,0,0.0,0,Good
37,Independiente,Informal,54,6178000.0,0.35,4.5,Sin cotizacion,0,0.0,204,4,2,1,4385000.0,2528000.0,0.577,45067000.0,0.608,Pago mínimo,368000.0,1,9.1,2,Poor
31,Dependiente,Formal,81,1846000.0,0.2,6.8,Dependiente,9,1857000.0,82,3,0,0,0.0,0.0,0.0,0.0,0.0,No aplica,0.0,0,0.0,2,Standard
22,Independiente,Informal,28,4815000.0,0.239,2.3,Sin cotizacion,0,0.0,23,3,0,1,7005000.0,1983000.0,0.283,1983000.0,0.034,Pago total,1706000.0,0,0.0,0,Standard
50,Independiente,Formal,121,4206000.0,0.459,10.1,Independiente,5,1346000.0,225,4,1,0,0.0,0.0,0.0,18068000.0,0.358,No aplica,0.0,2,6.5,0,Good
60,Pensionado,No aplica,115,1213000.0,0.172,9.6,Pensionado,12,1144000.0,370,1,0,0,0.0,0.0,0.0,0.0,0.0,No aplica,0.0,0,0.0,0,Good
38,Dependiente,Formal,72,3473000.0,0.237,6.0,Dependiente,7,3574000.0,111,2,0,1,4696000.0,2122000.0,0.452,2122000.0,0.051,Pago superior al mínimo,668000.0,0,0.0,0,Standard
46,Cuenta propia,Informal,85,793000.0,0.463,7.1,Sin cotizacion,0,0.0,242,1,0,0,0.0,0.0,0.0,0.0,0.0,No aplica,0.0,0,0.0,0,Good
42,Dependiente,Formal,32,6194000.0,0.024,2.7,Dependiente,10,6388000.0,170,2,1,1,3765000.0,302000.0,0.08,12207000.0,0.164,Pago total,266000.0,0,0.0,1,Good
41,Dependiente,Formal,169,2953000.0,0.191,14.1,Dependiente,10,2865000.0,126,1,0,1,4444000.0,1902000.0,0.428,1902000.0,0.054,Pago superior al mínimo,609000.0,0,0.0,0,Poor
30,Dependiente,Formal,101,2069000.0,0.226,8.4,Dependiente,12,2071000.0,22,3,0,1,3564000.0,1860000.0,0.522,1860000.0,0.075,Pago superior al mínimo,731000.0,1,3.5,0,Standard
47,Dependiente,Informal,44,3889000.0,0.275,3.7,Sin cotizacion,0,0.0,181,1,0,1,4435000.0,680000.0,0.153,680000.0,0.015,Pago total,583000.0,1,3.6,0,Good
18,Cuenta propia,Informal,0,1602000.0,0.565,0.0,Sin cotizacion,0,0.0,0,1,0,0,0.0,0.0,0.0,0.0,0.0,No aplica,0.0,0,0.0,0,Good
51,Dependiente,Formal,109,5042000.0,0.1,9.1,Dependiente,9,5033000.0,337,5,3,0,0.0,0.0,0.0,32760000.0,0.541,No aplica,0.0,1,20.5,5,Poor
52,Dependiente,Formal,25,3791000.0,0.156,2.1,Dependiente,11,3817000.0,155,1,0,0,0.0,0.0,0.0,0.0,0.0,No aplica,0.0,0,0.0,0,Standard
51,Cuenta propia,Informal,8,5191000.0,0.736,0.7,Sin cotizacion,0,0.0,188,4,2,1,7260000.0,479000.0,0.066,69003000.0,1.108,Pago superior al mínimo,226000.0,4,4.8,0,Poor
26,Dependiente,Formal,47,2633000.0,0.059,3.9,Dependiente,12,2594000.0,49,2,1,1,4281000.0,970000.0,0.227,5439000.0,0.172,Pago total,887000.0,0,0.0,2,Good
36,Independiente,Informal,36,799000.0,0.155,3.0,Sin cotizacion,0,0.0,89,1,0,0,0.0,0.0,0.0,0.0,0.0,No aplica,0.0,0,0.0,1,Good
54,Dependiente,Formal,112,2438000.0,0.239,9.3,Dependiente,9,2518000.0,247,3,1,1,3119000.0,970000.0,0.311,4683000.0,0.16,Pago superior al mínimo,450000.0,0,0.0,1,Good
61,Cuenta propia,Formal,56,3133000.0,0.812,4.7,Independiente,7,1392000.0,317,3,1,1,3559000.0,828000.0,0.233,3436000.0,0.091,Pago total,814000.0,0,0.0,1,Poor
33,Dependiente,Formal,41,2544000.0,0.047,3.4,Dependiente,11,2446000.0,142,4,1,0,0.0,0.0,0.0,7923000.0,0.26,No aplica,0.0,0,0.0,1,Good
26,Dependiente,Formal,96,5619000.0,0.083,8.0,Dependiente,12,5351000.0,54,4,2,1,6330000.0,3283000.0,0.519,12095000.0,0.179,Pago superior al mínimo,1414000.0,0,0.0,1,Standard
28,Dependiente,Formal,55,1907000.0,0.218,4.6,Dependiente,12,1846000.0,31,3,1,1,3259000.0,1029000.0,0.316,3556000.0,0.155,Pago superior al mínimo,281000.0,0,0.0,0,Standard
55,Dependiente,Formal,78,6309000.0,0.371,6.5,Dependiente,12,6321000.0,426,4,1,1,10362000.0,5683000.0,0.548,12212000.0,0.161,Pago superior al mínimo,1699000.0,3,49.0,1,Standard
45,Dependiente,Formal,64,3190000.0,0.183,5.3,Dependiente,12,3235000.0,175,2,1,1,6444000.0,3874000.0,0.601,6645000.0,0.174,Pago superior al mínimo,1041000.0,0,0.0,0,Good
27,Independiente,Formal,43,8253000.0,0.257,3.6,Independiente,11,3561000.0,105,2,1,1,12177000.0,7190000.0,0.59,51312000.0,0.518,Pago superior al mínimo,2423000.0,0,0.0,3,Standard
26,Cuenta propia,Informal,17,2601000.0,0.429,1.4,Sin cotizacion,0,0.0,33,1,0,1,4854000.0,1258000.0,0.259,1258000.0,0.04,Pago total,1135000.0,0,0.0,0,Good
30,Cuenta propia,Informal,11,2190000.0,0.737,0.9,Sin cotizacion,0,0.0,72,2,1,1,5510000.0,416000.0,0.075,5202000.0,0.198,Pago total,361000.0,1,19.9,0,Poor
33,Independiente,Formal,114,5822000.0,0.154,9.5,Independiente,5,2555000.0,138,4,1,1,4099000.0,1990000.0,0.485,6130000.0,0.088,Pago superior al mínimo,919000.0,0,0.0,2,Poor
28,Dependiente,Formal,51,5610000.0,0.098,4.2,Dependiente,12,5691000.0,75,2,0,1,8569000.0,2004000.0,0.234,2004000.0,0.03,Pago total,1762000.0,1,1.1,1,Good
44,Dependiente,Formal,42,3751000.0,0.148,3.5,Dependiente,12,3785000.0,61,2,1,0,0.0,0.0,0.0,9214000.0,0.205,No aplica,0.0,1,1.7,2,Good
30,Dependiente,Formal,21,1421000.0,0.266,1.8,Dependiente,10,1515000.0,46,1,0,0,0.0,0.0,0.0,0.0,0.0,No aplica,0.0,0,0.0,1,Standard
53,Dependiente,Formal,18,6847000.0,0.081,1.5,Dependiente,9,6848000.0,288,4,0,1,10302000.0,4843000.0,0.47,4843000.0,0.059,Pago total,4557000.0,0,0.0,2,Standard
38,Dependiente,Formal,33,3195000.0,0.18,2.8,Dependiente,11,3270000.0,209,3,0,0,0.0,0.0,0.0,0.0,0.0,No aplica,0.0,0,0.0,0,Good
56,Independiente,Informal,37,20052000.0,0.316,3.1,Sin cotizacion,0,0.0,240,4,1,1,18049000.0,10317000.0,0.572,87509000.0,0.364,Pago superior al mínimo,4644000.0,0,0.0,2,Poor
21,Dependiente,Formal,36,2260000.0,0.088,3.0,Dependiente,12,2289000.0,21,2,1,1,4106000.0,2170000.0,0.528,8313000.0,0.307,Pago superior al mínimo,539000.0,0,0.0,2,Poor
27,Dependiente,Formal,54,2689000.0,0.059,4.5,Dependiente,6,2670000.0,52,4,0,1,3229000.0,1444000.0,0.447,1444000.0,0.045,Pago superior al mínimo,599000.0,0,0.0,1,Poor
44,Cuenta propia,Informal,12,3742000.0,0.369,1.0,Sin cotizacion,0,0.0,197,4,1,0,0.0,0.0,0.0,15627000.0,0.348,No aplica,0.0,0,0.0,2,Poor
36,Cuenta propia,Informal,5,3487000.0,0.785,0.4,Sin cotizacion,0,0.0,73,3,0,0,0.0,0.0,0.0,0.0,0.0,No aplica,0.0,0,0.0,0,Standard
24,Dependiente,Formal,42,3723000.0,0.187,3.5,Dependiente,11,3698000.0,43,2,0,0,0.0,0.0,0.0,0.0,0.0,No aplica,0.0,0,0.0,0,Good
55,Pensionado,No aplica,162,1943000.0,0.446,13.5,Pensionado,12,2020000.0,105,1,1,0,0.0,0.0,0.0,5604000.0,0.24,No aplica,0.0,0,0.0,2,Standard
51,Desempleado,No aplica,0,475000.0,0.948,0.0,Sin cotizacion,0,0.0,170,1,1,1,566000.0,160000.0,0.283,1744000.0,0.306,Pago mínimo,11000.0,2,3.6,1,Poor
37,Dependiente,Formal,91,3368000.0,0.216,7.6,Dependiente,12,3356000.0,219,3,1,0,0.0,0.0,0.0,6336000.0,0.157,No aplica,0.0,1,1.9,1,Standard
56,Dependiente,Formal,26,3571000.0,0.229,2.2,Dependiente,12,3521000.0,346,3,2,1,2127000.0,241000.0,0.113,38283000.0,0.893,Pago total,230000.0,1,13.2,0,Good
37,Dependiente,Formal,52,2081000.0,0.132,4.3,Dependiente,11,2020000.0,116,3,2,0,0.0,0.0,0.0,14128000.0,0.566,No aplica,0.0,0,0.0,0,Poor
37,Cuenta propia,Formal,33,482000.0,0.486,2.8,Independiente,12,300000.0,87,1,0,0,0.0,0.0,0.0,0.0,0.0,No aplica,0.0,0,0.0,0,Good
26,Cuenta propia,Informal,19,3237000.0,0.441,1.6,Sin cotizacion,0,0.0,27,1,0,0,0.0,0.0,0.0,0.0,0.0,No aplica,0.0,0,0.0,0,Good
32,Dependiente,Formal,164,3773000.0,0.221,13.7,Dependiente,8,3696000.0,106,3,1,0,0.0,0.0,0.0,9054000.0,0.2,No aplica,0.0,0,0.0,0,Standard
36,Dependiente,Formal,37,5303000.0,0.284,3.1,Dependiente,9,5373000.0,127,3,1,0,0.0,0.0,0.0,6124000.0,0.096,No aplica,0.0,2,1.2,0,Standard
41,Independiente,Formal,33,3098000.0,0.398,2.8,Independiente,7,1261000.0,102,2,1,0,0.0,0.0,0.0,12303000.0,0.331,No aplica,0.0,1,1.0,0,Good
36,Dependiente,Formal,216,2564000.0,0.278,18.0,Dependiente,4,2520000.0,17,2,1,1,3344000.0,1430000.0,0.428,12558000.0,0.408,Pago superior al mínimo,529000.0,2,2.3,2,Standard
38,Dependiente,Formal,86,3621000.0,0.225,7.2,Dependiente,10,3419000.0,105,3,0,0,0.0,0.0,0.0,0.0,0.0,No aplica,0.0,0,0.0,0,Good
27,Cuenta propia,Informal,40,3360000.0,0.299,3.3,Sin cotizacion,0,0.0,100,3,1,0,0.0,0.0,0.0,27133000.0,0.673,No aplica,0.0,0,0.0,2,Standard
43,Independiente,Formal,38,3613000.0,0.417,3.2,Independiente,5,1296000.0,152,1,0,0,0.0,0.0,0.0,0.0,0.0,No aplica,0.0,0,0.0,1,Good
46,Cuenta propia,Formal,162,3972000.0,0.43,13.5,Independiente,11,1450000.0,301,2,1,1,5454000.0,3767000.0,0.691,11453000.0,0.24,Pago superior al mínimo,1335000.0,1,4.6,2,Standard
20,Desempleado,No aplica,0,0.0,0.794,0.0,Sin cotizacion,0,0.0,4,2,0,0,0.0,0.0,0.0,0.0,0.0,No aplica,0.0,0,0.0,1,Poor
46,Independiente,Formal,27,2249000.0,0.212,2.2,Independiente,8,809000.0,141,4,0,1,4660000.0,1099000.0,0.236,1099000.0,0.041,Pago total,996000.0,0,0.0,1,Standard
21,Independiente,Formal,36,3434000.0,0.205,3.0,Independiente,11,1436000.0,25,4,2,0,0.0,0.0,0.0,17868000.0,0.434,No aplica,0.0,1,3.8,2,Good
26,Independiente,Informal,62,1500000.0,0.215,5.2,Sin cotizacion,0,0.0,80,2,1,1,3147000.0,1390000.0,0.442,5248000.0,0.292,Pago superior al mínimo,445000.0,1,3.8,2,Poor
37,Dependiente,Formal,128,3099000.0,0.194,10.7,Dependiente,9,3363000.0,135,1,0,1,3778000.0,1202000.0,0.318,1202000.0,0.032,Pago superior al mínimo,258000.0,0,0.0,0,Good
70,Pensionado,No aplica,309,4228000.0,0.064,25.8,Pensionado,12,4163000.0,381,4,0,1,7250000.0,1944000.0,0.268,1944000.0,0.038,Pago total,1770000.0,0,0.0,0,Good
37,Dependiente,Formal,56,5162000.0,0.305,4.7,Dependiente,8,5083000.0,172,3,0,1,10494000.0,825000.0,0.079,825000.0,0.013,Pago total,664000.0,0,0.0,0,Standard
48,Independiente,Formal,75,5154000.0,0.341,6.2,Independiente,5,1941000.0,187,2,0,1,5303000.0,2832000.0,0.534,2832000.0,0.046,Pago mínimo,400000.0,2,21.9,1,Poor
52,Dependiente,Formal,66,3045000.0,0.174,5.5,Dependiente,8,3149000.0,175,3,2,1,2818000.0,2376000.0,0.843,5811000.0,0.159,Pago superior al mínimo,653000.0,1,4.3,0,Standard
30,Dependiente,Formal,35,4269000.0,0.338,2.9,Dependiente,7,4342000.0,115,2,1,1,4020000.0,1952000.0,0.486,16914000.0,0.33,Pago superior al mínimo,770000.0,2,10.9,0,Standard
51,Dependiente,Formal,54,4016000.0,0.362,4.5,Dependiente,9,4013000.0,313,3,0,1,5709000.0,2354000.0,0.412,2354000.0,0.049,Pago superior al mínimo,866000.0,1,14.7,1,Standard
36,Dependiente,Formal,116,7752000.0,0.141,9.7,Dependiente,11,7376000.0,92,4,2,1,8019000.0,3375000.0,0.421,45761000.0,0.492,Pago mínimo,377000.0,0,0.0,0,Good
35,Independiente,Informal,9,2504000.0,0.391,0.8,Sin cotizacion,0,0.0,189,3,1,1,2556000.0,935000.0,0.366,4704000.0,0.157,Pago superior al mínimo,278000.0,0,0.0,0,Good
32,Independiente,Formal,96,11168000.0,0.338,8.0,Independiente,7,4035000.0,70,5,1,1,8535000.0,1868000.0,0.219,15028000.0,0.112,Pago superior al mínimo,625000.0,1,11.0,3,Poor
58,Independiente,Informal,50,3403000.0,0.249,4.2,Sin cotizacion,0,0.0,31,4,2,1,7977000.0,5657000.0,0.709,12151000.0,0.298,Pago superior al mínimo,2403000.0,2,4.8,1,Poor
29,Dependiente,Formal,67,2050000.0,0.11,5.6,Dependiente,10,2064000.0,9,1,0,1,2799000.0,1116000.0,0.399,1116000.0,0.045,Pago superior al mínimo,354000.0,0,0.0,1,Poor
37,Dependiente,Formal,101,15747000.0,0.1,8.4,Dependiente,6,15888000.0,108,5,2,1,13706000.0,6141000.0,0.448,101424000.0,0.537,Pago superior al mínimo,1753000.0,3,12.0,5,Poor
47,Dependiente,Formal,36,2061000.0,0.069,3.0,Dependiente,12,2060000.0,186,1,1,1,4915000.0,914000.0,0.186,3567000.0,0.144,Pago total,737000.0,0,0.0,1,Standard
43,Dependiente,Formal,32,1561000.0,0.141,2.7,Dependiente,8,1603000.0,259,1,1,0,0.0,0.0,0.0,4385000.0,0.234,No aplica,0.0,0,0.0,0,Good
55,Pensionado,No aplica,154,983000.0,0.227,12.8,Pensionado,12,947000.0,386,1,1,1,1785000.0,1000000.0,0.56,2875000.0,0.244,Pago total,895000.0,0,0.0,1,Poor
27,Dependiente,Formal,76,10952000.0,0.151,6.3,Dependiente,10,11085000.0,16,2,2,1,6456000.0,2205000.0,0.342,54878000.0,0.418,Pago superior al mínimo,900000.0,0,0.0,0,Standard
42,Dependiente,Formal,156,9784000.0,0.131,13.0,Dependiente,10,9881000.0,109,4,2,1,12610000.0,11076000.0,0.878,103440000.0,0.881,Pago irregular,256000.0,2,16.7,1,Poor
52,Dependiente,Formal,67,4257000.0,0.16,5.6,Dependiente,12,4094000.0,287,2,1,1,8526000.0,2793000.0,0.328,14808000.0,0.29,Pago total,2718000.0,0,0.0,1,Standard
44,Dependiente,Formal,51,4666000.0,0.088,4.2,Dependiente,10,4553000.0,102,4,0,0,0.0,0.0,0.0,0.0,0.0,No aplica,0.0,0,0.0,0,Standard
61,Independiente,Formal,113,5191000.0,0.393,9.4,Independiente,8,2220000.0,292,3,0,1,3723000.0,2101000.0,0.564,2101000.0,0.034,Pago superior al mínimo,493000.0,0,0.0,2,Poor
54,Independiente,Formal,29,1395000.0,0.161,2.4,Independiente,11,494000.0,164,1,1,0,0.0,0.0,0.0,3709000.0,0.222,No aplica,0.0,1,8.8,0,Good
41,Dependiente,Formal,26,7180000.0,0.12,2.2,Dependiente,11,7888000.0,228,4,3,1,5513000.0,555000.0,0.101,31017000.0,0.36,Pago superior al mínimo,173000.0,0,0.0,4,Poor
48,Dependiente,Formal,158,7252000.0,0.086,13.2,Dependiente,7,7413000.0,236,3,1,0,0.0,0.0,0.0,20179000.0,0.232,No aplica,0.0,0,0.0,1,Good
23,Dependiente,Formal,41,1747000.0,0.02,3.4,Dependiente,9,1743000.0,54,2,1,1,2028000.0,706000.0,0.348,4146000.0,0.198,Pago superior al mínimo,298000.0,0,0.0,0,Standard
60,Dependiente,Formal,130,4620000.0,0.286,10.8,Dependiente,12,4573000.0,133,3,0,0,0.0,0.0,0.0,0.0,0.0,No aplica,0.0,0,0.0,2,Standard
25,Dependiente,Formal,84,3015000.0,0.07,7.0,Dependiente,10,3110000.0,50,1,1,0,0.0,0.0,0.0,2593000.0,0.072,No aplica,0.0,0,0.0,0,Good
44,Desempleado,No aplica,0,801000.0,0.4,0.0,Sin cotizacion,0,0.0,129,1,0,1,1469000.0,830000.0,0.565,830000.0,0.086,Pago superior al mínimo,407000.0,0,0.0,0,Poor
34,Independiente,Informal,54,4170000.0,0.604,4.5,Sin cotizacion,0,0.0,45,4,1,1,9242000.0,6363000.0,0.688,13904000.0,0.278,Pago superior al mínimo,1994000.0,0,0.0,4,Poor
40,Independiente,Formal,113,3468000.0,0.29,9.4,Independiente,8,1330000.0,130,4,2,1,4261000.0,1563000.0,0.367,32245000.0,0.775,Pago superior al mínimo,660000.0,0,0.0,1,Standard
47,Dependiente,Formal,111,2129000.0,0.045,9.2,Dependiente,8,2097000.0,189,3,2,1,1844000.0,283000.0,0.153,5079000.0,0.199,Pago total,266000.0,2,2.3,3,Standard
47,Dependiente,Formal,16,3815000.0,0.405,1.3,Dependiente,12,4037000.0,296,1,0,1,4766000.0,2069000.0,0.434,2069000.0,0.045,Pago superior al mínimo,995000.0,1,26.0,1,Standard
54,Dependiente,Formal,77,5536000.0,0.115,6.4,Dependiente,8,5432000.0,304,2,1,1,4270000.0,2837000.0,0.664,16747000.0,0.252,Pago superior al mínimo,994000.0,0,0.0,1,Poor
55,Cuenta propia,Informal,32,2081000.0,0.539,2.7,Sin cotizacion,0,0.0,302,1,0,1,3136000.0,1977000.0,0.63,1977000.0,0.079,Pago superior al mínimo,745000.0,0,0.0,1,Poor
34,Independiente,Informal,19,1412000.0,0.55,1.6,Sin cotizacion,0,0.0,103,1,1,0,0.0,0.0,0.0,2641000.0,0.156,No aplica,0.0,3,26.6,1,Poor
44,Dependiente,Formal,55,3471000.0,0.252,4.6,Dependiente,7,3490000.0,57,2,0,0,0.0,0.0,0.0,0.0,0.0,No aplica,0.0,0,0.0,0,Standard
56,Independiente,Informal,27,2897000.0,0.104,2.2,Sin cotizacion,0,0.0,335,2,2,1,2733000.0,1279000.0,0.468,13021000.0,0.375,Pago total,1065000.0,0,0.0,3,Poor
22,Independiente,Formal,48,947000.0,0.454,4.0,Independiente,9,350000.0,16,2,0,1,613000.0,206000.0,0.336,206000.0,0.018,Pago superior al mínimo,58000.0,2,3.7,0,Standard
31,Cuenta propia,Informal,65,1752000.0,0.388,5.4,Sin cotizacion,0,0.0,85,1,1,1,2904000.0,1775000.0,0.611,4858000.0,0.231,Pago mínimo,201000.0,3,32.5,2,Poor
34,Independiente,Formal,56,1595000.0,0.165,4.7,Independiente,9,655000.0,107,3,1,1,1434000.0,693000.0,0.483,4512000.0,0.236,Pago superior al mínimo,255000.0,2,8.0,1,Standard
37,Dependiente,Formal,212,4805000.0,0.154,17.7,Dependiente,12,4917000.0,184,4,1,1,3432000.0,1210000.0,0.353,6182000.0,0.107,Pago superior al mínimo,404000.0,0,0.0,2,Standard
44,Dependiente,Formal,44,1901000.0,0.019,3.7,Dependiente,7,2029000.0,147,4,0,1,2862000.0,951000.0,0.332,951000.0,0.042,Pago total,894000.0,0,0.0,2,Standard
39,Independiente,Informal,22,5745000.0,0.406,1.8,Sin cotizacion,0,0.0,144,5,1,0,0.0,0.0,0.0,16534000.0,0.24,No aplica,0.0,1,1.5,1,Poor
57,Dependiente,Formal,58,3319000.0,0.253,4.8,Dependiente,10,3195000.0,298,3,1,1,2329000.0,923000.0,0.396,5918000.0,0.149,Pago superior al mínimo,252000.0,1,5.9,0,Poor
44,Dependiente,Formal,41,3006000.0,0.175,3.4,Dependiente,8,2832000.0,172,1,0,1,2241000.0,523000.0,0.233,523000.0,0.014,Pago superior al mínimo,214000.0,1,6.3,1,Poor
37,Dependiente,Formal,58,4078000.0,0.156,4.8,Dependiente,11,4034000.0,129,3,1,1,3292000.0,1985000.0,0.603,11167000.0,0.228,Pago mínimo,137000.0,1,10.8,0,Poor
64,Pensionado,No aplica,146,1693000.0,0.105,12.2,Pensionado,12,1662000.0,37,2,1,0,0.0,0.0,0.0,3952000.0,0.195,No aplica,0.0,1,4.3,1,Standard
24,Dependiente,Formal,72,3489000.0,0.095,6.0,Dependiente,10,3487000.0,34,2,0,0,0.0,0.0,0.0,0.0,0.0,No aplica,0.0,0,0.0,2,Good
44,Dependiente,Formal,50,2761000.0,0.287,4.2,Dependiente,11,2819000.0,296,2,1,0,0.0,0.0,0.0,6551000.0,0.198,No aplica,0.0,1,16.5,2,Good
50,Cuenta propia,Formal,38,1564000.0,0.223,3.2,Independiente,8,751000.0,228,3,0,1,3465000.0,233000.0,0.067,233000.0,0.012,Pago total,209000.0,0,0.0,1,Standard
53,Dependiente,Formal,53,4788000.0,0.075,4.4,Dependiente,11,4702000.0,312,2,2,1,5387000.0,2858000.0,0.531,19360000.0,0.337,Pago superior al mínimo,669000.0,0,0.0,2,Good
56,Independiente,Informal,29,1252000.0,0.302,2.4,Sin cotizacion,0,0.0,327,2,0,1,2002000.0,1100000.0,0.549,1100000.0,0.073,Pago superior al mínimo,391000.0,1,8.9,1,Standard
54,Dependiente,Formal,57,2259000.0,0.196,4.8,Dependiente,10,2059000.0,200,1,0,1,4495000.0,1647000.0,0.366,1647000.0,0.061,Pago total,1588000.0,0,0.0,3,Good
44,Dependiente,Formal,217,4292000.0,0.045,18.1,Dependiente,10,4251000.0,65,4,2,0,0.0,0.0,0.0,7611000.0,0.148,No aplica,0.0,0,0.0,3,Good
53,Cuenta propia,Formal,84,2267000.0,0.573,7.0,Independiente,9,939000.0,189,1,0,1,2606000.0,1042000.0,0.4,1042000.0,0.038,Pago total,934000.0,0,0.0,0,Good
44,Dependiente,Formal,31,4141000.0,0.123,2.6,Dependiente,10,3980000.0,153,3,0,1,5490000.0,2004000.0,0.365,2004000.0,0.04,Pago total,1735000.0,0,0.0,2,Good
29,Dependiente,Formal,91,3787000.0,0.179,7.6,Dependiente,12,3822000.0,91,2,1,1,6394000.0,1798000.0,0.281,7113000.0,0.157,Pago superior al mínimo,434000.0,0,0.0,0,Standard
33,Independiente,Informal,36,2631000.0,0.485,3.0,Sin cotizacion,0,0.0,126,2,1,1,3551000.0,1526000.0,0.43,5703000.0,0.181,Pago superior al mínimo,469000.0,1,9.0,1,Poor
37,Independiente,Informal,42,4153000.0,0.231,3.5,Sin cotizacion,0,0.0,195,2,1,1,4923000.0,1469000.0,0.298,4177000.0,0.084,Pago superior al mínimo,671000.0,0,0.0,0,Standard
36,Independiente,Formal,90,4161000.0,0.361,7.5,Independiente,9,1687000.0,134,5,1,1,5904000.0,3381000.0,0.573,9259000.0,0.185,Pago total,2969000.0,0,0.0,3,Good
48,Dependiente,Informal,69,905000.0,0.276,5.8,Sin cotizacion,0,0.0,226,1,0,0,0.0,0.0,0.0,0.0,0.0,No aplica,0.0,0,0.0,0,Good
32,Dependiente,Formal,61,1540000.0,0.073,5.1,Dependiente,12,1556000.0,87,2,2,1,1690000.0,296000.0,0.175,12944000.0,0.7,Pago total,248000.0,0,0.0,0,Good
44,Independiente,Formal,64,14853000.0,0.398,5.3,Independiente,6,6411000.0,213,3,1,1,14281000.0,4756000.0,0.333,19947000.0,0.112,Pago superior al mínimo,2219000.0,0,0.0,2,Standard
47,Dependiente,Informal,17,2704000.0,0.551,1.4,Sin cotizacion,0,0.0,212,3,1,0,0.0,0.0,0.0,8875000.0,0.274,No aplica,0.0,4,32.6,3,Standard
33,Cuenta propia,Informal,35,3851000.0,0.855,2.9,Sin cotizacion,0,0.0,125,1,1,0,0.0,0.0,0.0,5397000.0,0.117,No aplica,0.0,0,0.0,0,Standard
50,Cuenta propia,Informal,16,1813000.0,0.811,1.3,Sin cotizacion,0,0.0,354,1,0,0,0.0,0.0,0.0,0.0,0.0,No aplica,0.0,0,0.0,1,Good
26,Cuenta propia,Informal,13,1753000.0,0.678,1.1,Sin cotizacion,0,0.0,29,2,0,1,1916000.0,598000.0,0.312,598000.0,0.028,Pago total,589000.0,1,5.5,1,Standard
37,Dependiente,Formal,150,2913000.0,0.16,12.5,Dependiente,7,2903000.0,60,4,1,1,3021000.0,968000.0,0.32,4953000.0,0.142,Pago total,959000.0,2,7.0,1,Standard
36,Dependiente,Formal,63,10720000.0,0.262,5.2,Dependiente,10,10955000.0,114,2,1,1,19933000.0,4751000.0,0.238,23693000.0,0.184,Pago superior al mínimo,1690000.0,0,0.0,1,Poor
51,Cuenta propia,Informal,42,2758000.0,0.343,3.5,Sin cotizacion,0,0.0,268,1,0,1,1687000.0,672000.0,0.398,672000.0,0.02,Pago superior al mínimo,248000.0,1,4.0,0,Poor
56,Independiente,Formal,47,3115000.0,0.353,3.9,Independiente,6,1022000.0,110,3,1,1,5535000.0,2735000.0,0.494,10368000.0,0.277,Pago superior al mínimo,796000.0,1,12.9,0,Poor
46,Dependiente,Formal,166,1861000.0,0.208,13.8,Dependiente,10,1789000.0,106,3,1,1,6793000.0,2044000.0,0.301,4847000.0,0.217,Pago total,1773000.0,1,12.1,2,Poor
40,Cuenta propia,Informal,25,8496000.0,0.556,2.1,Sin cotizacion,0,0.0,201,6,0,1,11856000.0,3136000.0,0.265,3136000.0,0.031,Pago total,2832000.0,0,0.0,1,Standard
47,Cuenta propia,Informal,75,2041000.0,0.604,6.2,Sin cotizacion,0,0.0,175,2,0,0,0.0,0.0,0.0,0.0,0.0,No aplica,0.0,0,0.0,0,Standard
45,Dependiente,Formal,85,5418000.0,0.164,7.1,Dependiente,8,5344000.0,179,3,2,1,6825000.0,6315000.0,0.925,21725000.0,0.334,Pago superior al mínimo,1569000.0,1,10.3,0,Poor
47,Dependiente,Formal,68,5809000.0,0.171,5.7,Dependiente,12,5575000.0,161,3,0,1,5315000.0,3837000.0,0.722,3837000.0,0.055,Pago superior al mínimo,1875000.0,0,0.0,0,Good
18,Dependiente,Formal,0,2314000.0,0.089,0.0,Dependiente,0,0.0,0,0,0,0,0.0,0.0,0.0,0.0,0.0,No aplica,0.0,0,0.0,0,Standard
54,Cuenta propia,Informal,28,3699000.0,0.468,2.3,Sin cotizacion,0,0.0,313,4,1,0,0.0,0.0,0.0,18159000.0,0.409,No aplica,0.0,2,1.1,0,Good
33,Cuenta propia,Informal,27,1297000.0,0.431,2.2,Sin cotizacion,0,0.0,87,1,0,0,0.0,0.0,0.0,0.0,0.0,No aplica,0.0,0,0.0,0,Standard
32,Dependiente,Formal,75,2166000.0,0.255,6.2,Dependiente,11,2167000.0,42,1,0,1,1369000.0,598000.0,0.437,598000.0,0.023,Pago total,560000.0,0,0.0,0,Good
29,Dependiente,Formal,20,5519000.0,0.074,1.7,Dependiente,11,5443000.0,93,3,0,1,6108000.0,2156000.0,0.353,2156000.0,0.033,Pago mínimo,118000.0,1,1.4,2,Standard
45,Cuenta propia,Formal,47,2009000.0,0.358,3.9,Independiente,11,767000.0,152,4,3,0,0.0,0.0,0.0,13076000.0,0.542,No aplica,0.0,0,0.0,1,Standard
45,Dependiente,Formal,97,4895000.0,0.107,8.1,Dependiente,8,5068000.0,214,3,0,1,6199000.0,2131000.0,0.344,2131000.0,0.036,Pago total,1815000.0,0,0.0,1,Standard
34,Dependiente,Formal,101,4160000.0,0.134,8.4,Dependiente,12,4174000.0,62,3,0,1,2334000.0,1212000.0,0.519,1212000.0,0.024,Pago total,1042000.0,1,6.5,1,Good
24,Desempleado,No aplica,0,0.0,0.898,0.0,Sin cotizacion,0,0.0,5,1,0,0,0.0,0.0,0.0,0.0,0.0,No aplica,0.0,0,0.0,1,Standard
43,Dependiente,Formal,191,1857000.0,0.07,15.9,Dependiente,10,1777000.0,194,1,0,0,0.0,0.0,0.0,0.0,0.0,No aplica,0.0,0,0.0,2,Good
33,Independiente,Informal,57,4216000.0,0.219,4.8,Sin cotizacion,0,0.0,35,4,3,0,0.0,0.0,0.0,10177000.0,0.201,No aplica,0.0,0,0.0,2,Standard
31,Dependiente,Formal,104,3871000.0,0.203,8.7,Dependiente,8,3778000.0,95,3,0,1,3476000.0,1345000.0,0.387,1345000.0,0.029,Pago total,1079000.0,1,15.7,1,Standard
44,Dependiente,Formal,79,2813000.0,0.082,6.6,Dependiente,12,2898000.0,219,2,1,1,2319000.0,708000.0,0.305,2138000.0,0.063,Pago total,706000.0,0,0.0,0,Good
31,Cuenta propia,Informal,64,2587000.0,0.458,5.3,Sin cotizacion,0,0.0,46,3,1,1,5251000.0,3147000.0,0.599,16374000.0,0.527,Pago superior al mínimo,893000.0,4,22.0,3,Poor
31,Dependiente,Formal,72,2249000.0,0.178,6.0,Dependiente,10,2267000.0,23,3,1,0,0.0,0.0,0.0,8199000.0,0.304,No aplica,0.0,2,6.0,1,Good
29,Desempleado,No aplica,0,747000.0,0.667,0.0,Sin cotizacion,0,0.0,20,2,0,0,0.0,0.0,0.0,0.0,0.0,No aplica,0.0,0,0.0,0,Good
38,Independiente,Informal,31,3311000.0,0.227,2.6,Sin cotizacion,0,0.0,233,3,0,0,0.0,0.0,0.0,0.0,0.0,No aplica,0.0,0,0.0,1,Standard
31,Dependiente,Formal,69,4087000.0,0.127,5.8,Dependiente,11,4283000.0,54,4,0,1,6437000.0,2403000.0,0.373,2403000.0,0.049,Pago total,1947000.0,0,0.0,0,Standard
38,Dependiente,Formal,117,4774000.0,0.037,9.8,Dependiente,12,4936000.0,169,3,0,1,5540000.0,3302000.0,0.596,3302000.0,0.058,Pago superior al mínimo,1528000.0,1,8.1,2,Good
45,Dependiente,Formal,69,2611000.0,0.1,5.8,Dependiente,12,2570000.0,153,2,0,0,0.0,0.0,0.0,0.0,0.0,No aplica,0.0,0,0.0,0,Good
31,Dependiente,Formal,84,7587000.0,0.088,7.0,Dependiente,12,8023000.0,78,2,2,1,11079000.0,6782000.0,0.612,40875000.0,0.449,Pago superior al mínimo,1581000.0,2,5.5,3,Poor
38,Dependiente,Formal,50,5477000.0,0.14,4.2,Dependiente,10,5810000.0,205,3,1,1,6464000.0,1148000.0,0.178,13182000.0,0.201,Pago total,1023000.0,0,0.0,2,Good
44,Dependiente,Formal,160,5892000.0,0.064,13.3,Dependiente,12,5471000.0,123,4,1,1,15115000.0,1933000.0,0.128,13639000.0,0.193,Pago total,1687000.0,0,0.0,0,Good
41,Dependiente,Formal,56,6400000.0,0.175,4.7,Dependiente,9,6408000.0,119,5,1,1,9219000.0,7171000.0,0.778,20805000.0,0.271,Pago superior al mínimo,1602000.0,0,0.0,2,Standard
39,Independiente,Formal,67,5706000.0,0.294,5.6,Independiente,11,2157000.0,140,2,0,1,6882000.0,1354000.0,0.197,1354000.0,0.02,Pago total,1092000.0,0,0.0,2,Good
43,Independiente,Informal,54,1296000.0,0.646,4.5,Sin cotizacion,0,0.0,61,2,1,1,1150000.0,371000.0,0.323,3345000.0,0.215,Pago superior al mínimo,104000.0,1,6.6,0,Poor
42,Independiente,Formal,126,3799000.0,0.186,10.5,Independiente,8,1480000.0,38,2,0,0,0.0,0.0,0.0,0.0,0.0,No aplica,0.0,0,0.0,1,Good
40,Dependiente,Formal,70,1753000.0,0.101,5.8,Dependiente,10,1696000.0,83,4,3,0,0.0,0.0,0.0,20726000.0,0.985,No aplica,0.0,1,1.1,1,Poor
40,Dependiente,Formal,97,4443000.0,0.269,8.1,Dependiente,12,4276000.0,79,4,1,0,0.0,0.0,0.0,16441000.0,0.308,No aplica,0.0,0,0.0,2,Standard
39,Independiente,Formal,42,3612000.0,0.139,3.5,Independiente,11,1575000.0,132,2,0,1,6998000.0,1349000.0,0.193,1349000.0,0.031,Pago total,1176000.0,0,0.0,0,Good
31,Dependiente,Formal,76,3284000.0,0.083,6.3,Dependiente,12,3131000.0,115,2,1,1,1170000.0,589000.0,0.503,8053000.0,0.204,Pago total,559000.0,0,0.0,2,Poor
26,Dependiente,Formal,96,5422000.0,0.077,8.0,Dependiente,10,5442000.0,81,3,0,1,3817000.0,1876000.0,0.491,1876000.0,0.029,Pago superior al mínimo,783000.0,0,0.0,1,Standard
37,Cuenta propia,Informal,75,1502000.0,0.583,6.2,Sin cotizacion,0,0.0,91,3,1,1,3966000.0,1713000.0,0.432,5168000.0,0.287,Pago superior al mínimo,581000.0,1,1.8,0,Poor
40,Cuenta propia,Informal,11,1789000.0,0.498,0.9,Sin cotizacion,0,0.0,162,3,2,1,907000.0,219000.0,0.241,12582000.0,0.586,Pago superior al mínimo,58000.0,3,11.6,1,Good
47,Dependiente,Formal,38,3991000.0,0.16,3.2,Dependiente,8,3776000.0,302,3,2,1,3543000.0,279000.0,0.079,23618000.0,0.493,Pago superior al mínimo,126000.0,3,3.2,0,Poor
35,Dependiente,Formal,25,1527000.0,0.152,2.1,Dependiente,12,1605000.0,159,2,1,0,0.0,0.0,0.0,2887000.0,0.158,No aplica,0.0,0,0.0,1,Standard
43,Independiente,Formal,34,3533000.0,0.118,2.8,Independiente,9,1417000.0,260,1,1,1,5903000.0,2677000.0,0.453,3819000.0,0.09,Pago superior al mínimo,1057000.0,0,0.0,0,Good
39,Independiente,Formal,103,801000.0,0.329,8.6,Independiente,12,344000.0,226,2,0,0,0.0,0.0,0.0,0.0,0.0,No aplica,0.0,0,0.0,1,Poor
38,Cuenta propia,Informal,36,1387000.0,0.167,3.0,Sin cotizacion,0,0.0,133,2,0,0,0.0,0.0,0.0,0.0,0.0,No aplica,0.0,0,0.0,1,Good
38,Independiente,Informal,14,5052000.0,0.16,1.2,Sin cotizacion,0,0.0,136,5,2,1,7420000.0,972000.0,0.131,32687000.0,0.539,Pago superior al mínimo,296000.0,1,8.3,2,Good
40,Cuenta propia,Informal,64,2919000.0,0.275,5.3,Sin cotizacion,0,0.0,176,3,1,1,3250000.0,2055000.0,0.632,14111000.0,0.403,Pago superior al mínimo,948000.0,0,0.0,1,Poor
33,Dependiente,Formal,69,2617000.0,0.217,5.8,Dependiente,12,2637000.0,32,2,2,1,2569000.0,2061000.0,0.802,10892000.0,0.347,Pago mínimo,272000.0,1,6.0,0,Poor
47,Dependiente,Formal,102,4025000.0,0.105,8.5,Dependiente,12,3984000.0,229,4,3,1,3242000.0,1886000.0,0.582,13617000.0,0.282,Pago total,1509000.0,1,11.5,1,Standard
24,Independiente,Formal,72,1692000.0,0.21,6.0,Independiente,10,681000.0,60,2,0,1,2497000.0,111000.0,0.044,111000.0,0.005,Pago total,108000.0,2,12.5,1,Standard
57,Cuenta propia,Informal,35,2306000.0,0.71,2.9,Sin cotizacion,0,0.0,213,2,0,1,2265000.0,1697000.0,0.749,1697000.0,0.061,Pago superior al mínimo,609000.0,2,0.8,2,Poor
41,Independiente,Formal,73,27649000.0,0.082,6.1,Independiente,11,12727000.0,228,2,1,1,12116000.0,4226000.0,0.349,105876000.0,0.319,Pago superior al mínimo,2017000.0,0,0.0,0,Good
42,Dependiente,Formal,50,8633000.0,0.091,4.2,Dependiente,7,8323000.0,52,3,1,0,0.0,0.0,0.0,32068000.0,0.31,No aplica,0.0,1,13.2,3,Standard
35,Dependiente,Formal,117,3580000.0,0.18,9.8,Dependiente,12,3222000.0,48,2,0,0,0.0,0.0,0.0,0.0,0.0,No aplica,0.0,0,0.0,0,Good
48,Cuenta propia,Formal,21,2584000.0,0.653,1.8,Independiente,6,952000.0,175,3,1,1,1898000.0,95000.0,0.05,3058000.0,0.099,Pago superior al mínimo,41000.0,0,0.0,2,Standard
32,Independiente,Formal,67,1977000.0,0.634,5.6,Independiente,2,695000.0,123,1,0,1,3289000.0,1397000.0,0.425,1397000.0,0.059,Pago superior al mínimo,341000.0,1,21.3,0,Poor
50,Cuenta propia,Informal,17,1318000.0,0.638,1.4,Sin cotizacion,0,0.0,345,1,0,0,0.0,0.0,0.0,0.0,0.0,No aplica,0.0,0,0.0,0,Standard
30,Independiente,Formal,27,4624000.0,0.645,2.2,Independiente,9,2029000.0,86,4,0,1,11401000.0,6052000.0,0.531,6052000.0,0.109,Pago superior al mínimo,1830000.0,0,0.0,1,Poor
23,Independiente,Informal,33,1511000.0,0.267,2.8,Sin cotizacion,0,0.0,24,3,1,1,1973000.0,1185000.0,0.601,5300000.0,0.292,Pago superior al mínimo,348000.0,2,3.7,2,Standard
43,Independiente,Informal,33,5516000.0,0.505,2.8,Sin cotizacion,0,0.0,257,3,0,1,5146000.0,2157000.0,0.419,2157000.0,0.033,Pago superior al mínimo,886000.0,3,26.3,0,Poor
47,Cuenta propia,Informal,17,6865000.0,0.457,1.4,Sin cotizacion,0,0.0,207,2,1,1,10205000.0,1602000.0,0.157,11812000.0,0.143,Pago total,1454000.0,1,1.8,0,Good
33,Independiente,Formal,174,4692000.0,0.481,14.5,Independiente,11,1844000.0,110,3,2,0,0.0,0.0,0.0,23467000.0,0.417,No aplica,0.0,1,3.1,3,Poor
19,Cuenta propia,Informal,12,1795000.0,0.53,1.0,Sin cotizacion,0,0.0,8,3,0,0,0.0,0.0,0.0,0.0,0.0,No aplica,0.0,0,0.0,2,Good
42,Dependiente,Formal,84,1766000.0,0.161,7.0,Dependiente,12,1824000.0,103,1,1,1,2048000.0,1094000.0,0.534,9842000.0,0.464,Pago superior al mínimo,308000.0,2,11.6,3,Poor
51,Dependiente,Formal,96,5586000.0,0.134,8.0,Dependiente,10,5593000.0,147,2,1,1,9726000.0,1632000.0,0.168,16815000.0,0.251,Pago total,1554000.0,0,0.0,1,Standard
42,Independiente,Informal,26,1176000.0,0.304,2.2,Sin cotizacion,0,0.0,152,2,2,0,0.0,0.0,0.0,3137000.0,0.222,No aplica,0.0,2,1.0,1,Good
35,Dependiente,Formal,68,2897000.0,0.058,5.7,Dependiente,12,2898000.0,75,2,0,0,0.0,0.0,0.0,0.0,0.0,No aplica,0.0,0,0.0,1,Poor
38,Dependiente,Formal,76,5560000.0,0.088,6.3,Dependiente,12,5596000.0,155,4,0,1,15888000.0,13180000.0,0.83,13180000.0,0.198,Pago total,12268000.0,0,0.0,1,Poor
41,Dependiente,Formal,77,5919000.0,0.241,6.4,Dependiente,11,6269000.0,152,4,3,1,5650000.0,3192000.0,0.565,28213000.0,0.397,Pago superior al mínimo,1398000.0,2,15.5,1,Poor
45,Dependiente,Formal,107,3142000.0,0.216,8.9,Dependiente,10,3165000.0,65,2,1,1,11763000.0,4195000.0,0.357,26964000.0,0.715,Pago mínimo,523000.0,1,6.9,0,Poor
47,Dependiente,Formal,88,3288000.0,0.178,7.3,Dependiente,11,3434000.0,111,2,0,1,2683000.0,1333000.0,0.497,1333000.0,0.034,Pago total,1230000.0,0,0.0,0,Standard
55,Independiente,Informal,50,1740000.0,0.224,4.2,Sin cotizacion,0,0.0,237,2,2,0,0.0,0.0,0.0,15973000.0,0.765,No aplica,0.0,1,5.5,2,Good
54,Cuenta propia,Informal,25,999000.0,0.396,2.1,Sin cotizacion,0,0.0,196,1,0,0,0.0,0.0,0.0,0.0,0.0,No aplica,0.0,0,0.0,1,Standard
26,Dependiente,Formal,67,2370000.0,0.061,5.6,Dependiente,12,2469000.0,38,2,1,1,1289000.0,385000.0,0.299,3955000.0,0.139,Pago total,321000.0,1,9.1,0,Poor
48,Dependiente,Formal,68,1931000.0,0.056,5.7,Dependiente,12,1918000.0,161,4,2,0,0.0,0.0,0.0,7218000.0,0.311,No aplica,0.0,1,3.7,0,Good
56,Dependiente,Formal,52,5426000.0,0.357,4.3,Dependiente,5,5410000.0,371,2,1,1,6377000.0,1062000.0,0.167,9745000.0,0.15,Pago superior al mínimo,274000.0,1,6.0,1,Poor
30,Independiente,Formal,22,4722000.0,0.442,1.8,Independiente,5,1817000.0,110,3,0,1,2683000.0,368000.0,0.137,368000.0,0.006,Pago total,352000.0,3,14.7,2,Poor
31,Dependiente,Formal,18,4303000.0,0.07,1.5,Dependiente,3,4524000.0,33,3,0,1,4315000.0,2036000.0,0.472,2036000.0,0.039,Pago superior al mínimo,930000.0,2,8.8,0,Poor
41,Cuenta propia,Informal,12,1105000.0,0.435,1.0,Sin cotizacion,0,0.0,222,1,1,1,765000.0,335000.0,0.438,2833000.0,0.214,Pago superior al mínimo,117000.0,5,13.8,0,Good
39,Independiente,Informal,14,1097000.0,0.347,1.2,Sin cotizacion,0,0.0,174,1,0,0,0.0,0.0,0.0,0.0,0.0,No aplica,0.0,0,0.0,0,Good
41,Cuenta propia,Informal,18,2238000.0,0.373,1.5,Sin cotizacion,0,0.0,140,1,0,1,2610000.0,903000.0,0.346,903000.0,0.034,Pago total,901000.0,0,0.0,2,Poor
31,Dependiente,Informal,31,2370000.0,0.293,2.6,Sin cotizacion,0,0.0,62,2,1,1,3307000.0,676000.0,0.204,8605000.0,0.303,Pago total,581000.0,0,0.0,0,Good
49,Independiente,Formal,115,4007000.0,0.358,9.6,Independiente,9,1452000.0,133,4,2,1,4456000.0,1098000.0,0.246,23549000.0,0.49,Pago superior al mínimo,461000.0,2,1.1,1,Standard
51,Dependiente,Informal,8,2328000.0,0.217,0.7,Sin cotizacion,0,0.0,305,2,0,0,0.0,0.0,0.0,0.0,0.0,No aplica,0.0,0,0.0,1,Poor
46,Cuenta propia,Formal,54,7505000.0,0.426,4.5,Independiente,9,2785000.0,273,3,0,0,0.0,0.0,0.0,0.0,0.0,No aplica,0.0,0,0.0,2,Good
31,Independiente,Formal,88,4875000.0,0.146,7.3,Independiente,9,1896000.0,97,2,2,1,6769000.0,254000.0,0.038,31046000.0,0.531,Pago total,237000.0,3,17.6,2,Standard
38,Dependiente,Formal,95,8763000.0,0.35,7.9,Dependiente,11,8361000.0,166,5,0,1,10554000.0,2125000.0,0.201,2125000.0,0.02,Pago total,2017000.0,2,8.9,1,Good
36,Dependiente,Formal,81,6256000.0,0.258,6.8,Dependiente,10,6108000.0,167,2,2,1,4498000.0,1791000.0,0.398,17624000.0,0.235,Pago total,1582000.0,0,0.0,0,Good
33,Dependiente,Formal,63,7360000.0,0.013,5.2,Dependiente,8,7694000.0,118,4,3,1,6941000.0,2752000.0,0.396,50449000.0,0.571,Pago superior al mínimo,752000.0,1,15.2,2,Standard
34,Independiente,Formal,87,1901000.0,0.221,7.2,Independiente,8,810000.0,116,2,1,1,1505000.0,1103000.0,0.733,7705000.0,0.338,Pago mínimo,100000.0,0,0.0,0,Poor
41,Dependiente,Formal,29,4863000.0,0.014,2.4,Dependiente,4,4781000.0,90,2,1,1,5564000.0,2136000.0,0.384,28228000.0,0.484,Pago superior al mínimo,549000.0,2,1.2,1,Standard
43,Independiente,Informal,42,2025000.0,0.317,3.5,Sin cotizacion,0,0.0,178,1,0,1,2342000.0,1041000.0,0.444,1041000.0,0.043,Pago superior al mínimo,243000.0,1,8.3,0,Standard
43,Dependiente,Formal,100,1798000.0,0.181,8.3,Dependiente,12,1856000.0,170,1,0,1,2642000.0,2085000.0,0.789,2085000.0,0.097,Pago superior al mínimo,845000.0,1,19.0,0,Standard
46,Independiente,Informal,43,8857000.0,0.399,3.6,Sin cotizacion,0,0.0,213,4,2,0,0.0,0.0,0.0,8796000.0,0.083,No aplica,0.0,1,3.3,2,Good
42,Cuenta propia,Informal,26,1773000.0,0.5,2.2,Sin cotizacion,0,0.0,142,3,1,1,1313000.0,456000.0,0.347,5252000.0,0.247,Pago superior al mínimo,226000.0,1,12.4,2,Standard
31,Cuenta propia,Informal,26,925000.0,0.372,2.2,Sin cotizacion,0,0.0,140,2,0,1,1190000.0,490000.0,0.412,490000.0,0.044,Pago superior al mínimo,196000.0,2,2.4,0,Poor
48,Independiente,Informal,11,2154000.0,0.43,0.9,Sin cotizacion,0,0.0,143,2,1,1,1959000.0,580000.0,0.296,10087000.0,0.39,Pago superior al mínimo,139000.0,3,6.1,1,Poor
38,Dependiente,Formal,62,2523000.0,0.232,5.2,Dependiente,10,2733000.0,133,3,1,0,0.0,0.0,0.0,1366000.0,0.045,No aplica,0.0,0,0.0,3,Standard
24,Dependiente,Formal,72,2253000.0,0.039,6.0,Dependiente,11,2281000.0,50,3,1,1,3075000.0,869000.0,0.283,11820000.0,0.437,Pago superior al mínimo,310000.0,1,4.8,4,Standard
32,Independiente,Formal,82,3237000.0,0.182,6.8,Independiente,8,1479000.0,109,3,1,0,0.0,0.0,0.0,27215000.0,0.701,No aplica,0.0,1,10.1,1,Good
43,Dependiente,Formal,72,8280000.0,0.241,6.0,Dependiente,11,8562000.0,106,4,2,1,9667000.0,6521000.0,0.675,43852000.0,0.441,Pago mínimo,720000.0,1,1.4,2,Poor
22,Independiente,Formal,7,2152000.0,0.27,0.6,Independiente,6,835000.0,25,3,0,0,0.0,0.0,0.0,0.0,0.0,No aplica,0.0,0,0.0,0,Poor
50,Dependiente,Formal,44,8419000.0,0.117,3.7,Dependiente,8,8485000.0,316,4,0,1,16215000.0,4863000.0,0.3,4863000.0,0.048,Pago total,4606000.0,0,0.0,0,Good
38,Dependiente,Formal,85,5289000.0,0.074,7.1,Dependiente,11,5400000.0,182,3,0,1,6309000.0,1231000.0,0.195,1231000.0,0.019,Pago total,1176000.0,0,0.0,2,Standard
46,Dependiente,Formal,107,4678000.0,0.046,8.9,Dependiente,7,4539000.0,161,4,0,1,1759000.0,1239000.0,0.704,1239000.0,0.022,Pago total,1040000.0,0,0.0,1,Standard
43,Cuenta propia,Informal,20,3714000.0,0.338,1.7,Sin cotizacion,0,0.0,195,4,1,1,5467000.0,2172000.0,0.397,12733000.0,0.286,Pago superior al mínimo,648000.0,1,10.3,0,Poor
42,Dependiente,Formal,139,3785000.0,0.216,11.6,Dependiente,10,3406000.0,189,2,0,0,0.0,0.0,0.0,0.0,0.0,No aplica,0.0,0,0.0,0,Good
45,Independiente,Formal,60,9883000.0,0.455,5.0,Independiente,11,3623000.0,123,3,0,1,6549000.0,2620000.0,0.4,2620000.0,0.022,Pago superior al mínimo,951000.0,1,0.3,1,Poor
39,Dependiente,Formal,62,4708000.0,0.07,5.2,Dependiente,11,4302000.0,77,2,0,1,8294000.0,6156000.0,0.742,6156000.0,0.109,Pago superior al mínimo,1240000.0,0,0.0,0,Good
58,Cuenta propia,Informal,15,720000.0,0.393,1.2,Sin cotizacion,0,0.0,147,1,0,0,0.0,0.0,0.0,0.0,0.0,No aplica,0.0,0,0.0,0,Standard
37,Dependiente,Formal,50,4081000.0,0.33,4.2,Dependiente,12,3958000.0,138,3,2,0,0.0,0.0,0.0,8694000.0,0.178,No aplica,0.0,0,0.0,2,Standard
20,Desempleado,No aplica,0,0.0,0.638,0.0,Sin cotizacion,0,0.0,10,1,1,0,0.0,0.0,0.0,0.0,0.0,No aplica,0.0,2,4.6,1,Poor
30,Cuenta propia,Informal,7,563000.0,0.604,0.6,Sin cotizacion,0,0.0,82,2,0,1,584000.0,171000.0,0.293,171000.0,0.025,Pago superior al mínimo,44000.0,1,7.1,1,Good
46,Dependiente,Informal,24,5340000.0,0.008,2.0,Sin cotizacion,0,0.0,311,3,1,1,6662000.0,1182000.0,0.177,14020000.0,0.219,Pago total,1172000.0,0,0.0,2,Good
37,Cuenta propia,Informal,82,3887000.0,0.389,6.8,Sin cotizacion,0,0.0,179,2,1,0,0.0,0.0,0.0,1474000.0,0.032,No aplica,0.0,1,12.4,0,Good
39,Desempleado,No aplica,0,778000.0,0.594,0.0,Sin cotizacion,0,0.0,191,1,0,0,0.0,0.0,0.0,0.0,0.0,No aplica,0.0,0,0.0,0,Good
57,Desempleado,No aplica,0,811000.0,0.863,0.0,Sin cotizacion,0,0.0,461,2,1,0,0.0,0.0,0.0,3040000.0,0.312,No aplica,0.0,2,11.0,3,Poor
37,Cuenta propia,Informal,32,603000.0,0.7,2.7,Sin cotizacion,0,0.0,214,2,2,0,0.0,0.0,0.0,1338000.0,0.185,No aplica,0.0,0,0.0,1,Poor
40,Dependiente,Formal,29,1679000.0,0.007,2.4,Dependiente,9,1564000.0,146,3,1,0,0.0,0.0,0.0,2420000.0,0.12,No aplica,0.0,1,6.8,4,Good
30,Independiente,Formal,62,1794000.0,0.236,5.2,Independiente,3,781000.0,72,4,0,1,4187000.0,68000.0,0.016,68000.0,0.003,Pago total,59000.0,2,15.3,1,Poor
19,Dependiente,Formal,12,3024000.0,0.258,1.0,Dependiente,6,2881000.0,9,2,1,1,4343000.0,860000.0,0.198,8159000.0,0.225,Pago total,816000.0,1,4.1,0,Poor
46,Dependiente,Formal,62,2562000.0,0.094,5.2,Dependiente,9,2618000.0,243,1,0,1,3352000.0,1360000.0,0.406,1360000.0,0.044,Pago superior al mínimo,465000.0,0,0.0,2,Standard
33,Desempleado,No aplica,0,0.0,0.595,0.0,Sin cotizacion,0,0.0,42,1,0,0,0.0,0.0,0.0,0.0,0.0,No aplica,0.0,0,0.0,0,Good
42,Dependiente,Formal,31,2121000.0,0.335,2.6,Dependiente,10,2186000.0,105,4,1,1,3225000.0,546000.0,0.169,4860000.0,0.191,Pago total,546000.0,0,0.0,5,Standard
40,Independiente,Informal,28,6350000.0,0.287,2.3,Sin cotizacion,0,0.0,97,3,1,1,4840000.0,3333000.0,0.689,19097000.0,0.251,Pago superior al mínimo,1568000.0,0,0.0,1,Poor
27,Cuenta propia,Informal,34,1196000.0,0.559,2.8,Sin cotizacion,0,0.0,35,2,0,0,0.0,0.0,0.0,0.0,0.0,No aplica,0.0,0,0.0,1,Poor
32,Cuenta propia,Formal,96,1831000.0,0.715,8.0,Independiente,9,784000.0,18,2,2,1,4063000.0,365000.0,0.09,10158000.0,0.462,Pago superior al mínimo,104000.0,0,0.0,3,Standard
27,Desempleado,No aplica,0,705000.0,0.6,0.0,Sin cotizacion,0,0.0,62,1,1,0,0.0,0.0,0.0,3381000.0,0.4,No aplica,0.0,1,11.0,1,Poor
40,Dependiente,Formal,107,3698000.0,0.082,8.9,Dependiente,12,3422000.0,140,4,1,0,0.0,0.0,0.0,3070000.0,0.069,No aplica,0.0,1,13.2,1,Poor
56,Dependiente,Formal,84,6480000.0,0.211,7.0,Dependiente,12,6771000.0,144,3,0,0,0.0,0.0,0.0,0.0,0.0,No aplica,0.0,0,0.0,1,Standard
44,Dependiente,Formal,96,4051000.0,0.197,8.0,Dependiente,11,4119000.0,263,4,1,1,4202000.0,3940000.0,0.938,15419000.0,0.317,Pago superior al mínimo,1737000.0,1,6.3,1,Standard
49,Dependiente,Formal,40,5569000.0,0.253,3.3,Dependiente,10,5748000.0,339,3,1,0,0.0,0.0,0.0,12413000.0,0.186,No aplica,0.0,1,8.6,2,Standard
44,Dependiente,Formal,89,6033000.0,0.238,7.4,Dependiente,9,6475000.0,199,4,2,1,7724000.0,1997000.0,0.259,22829000.0,0.315,Pago superior al mínimo,730000.0,0,0.0,2,Standard
39,Dependiente,Formal,104,4352000.0,0.176,8.7,Dependiente,10,4490000.0,110,3,0,1,5016000.0,2571000.0,0.513,2571000.0,0.049,Pago total,2214000.0,0,0.0,1,Good
44,Cuenta propia,Informal,11,1186000.0,0.514,0.9,Sin cotizacion,0,0.0,111,2,1,1,817000.0,391000.0,0.479,1438000.0,0.101,Pago superior al mínimo,139000.0,2,2.7,1,Poor
27,Independiente,Formal,94,4589000.0,0.448,7.8,Independiente,7,1619000.0,39,3,1,0,0.0,0.0,0.0,11877000.0,0.216,No aplica,0.0,0,0.0,1,Good
39,Dependiente,Informal,60,5657000.0,0.405,5.0,Sin cotizacion,0,0.0,153,3,1,0,0.0,0.0,0.0,6092000.0,0.09,No aplica,0.0,3,31.9,1,Poor
38,Independiente,Informal,44,2100000.0,0.355,3.7,Sin cotizacion,0,0.0,159,1,0,0,0.0,0.0,0.0,0.0,0.0,No aplica,0.0,0,0.0,1,Good
47,Dependiente,Formal,51,5072000.0,0.173,4.2,Dependiente,11,5205000.0,92,2,1,0,0.0,0.0,0.0,3388000.0,0.056,No aplica,0.0,0,0.0,1,Good
36,Dependiente,Formal,96,4484000.0,0.016,8.0,Dependiente,12,4214000.0,202,3,1,1,2386000.0,90000.0,0.038,7997000.0,0.149,Pago total,78000.0,0,0.0,0,Poor
40,Independiente,Informal,44,2059000.0,0.415,3.7,Sin cotizacion,0,0.0,105,2,2,1,2415000.0,123000.0,0.051,12229000.0,0.495,Pago superior al mínimo,31000.0,3,20.1,0,Poor
33,Independiente,Formal,55,6952000.0,0.476,4.6,Independiente,9,2763000.0,116,2,1,0,0.0,0.0,0.0,8701000.0,0.104,No aplica,0.0,0,0.0,1,Poor
22,Desempleado,No aplica,0,0.0,0.956,0.0,Sin cotizacion,0,0.0,11,2,1,0,0.0,0.0,0.0,0.0,0.0,No aplica,0.0,0,0.0,1,Good
33,Dependiente,Formal,180,2876000.0,0.168,15.0,Dependiente,6,2818000.0,89,4,1,1,5696000.0,3334000.0,0.585,8991000.0,0.261,Pago mínimo,323000.0,1,3.3,0,Good
37,Cuenta propia,Informal,8,14537000.0,0.515,0.7,Sin cotizacion,0,0.0,64,4,0,1,24064000.0,12178000.0,0.506,12178000.0,0.07,Pago superior al mínimo,3988000.0,0,0.0,1,Standard
54,Independiente,Formal,80,8348000.0,0.446,6.7,Independiente,12,3343000.0,157,4,0,1,18620000.0,1995000.0,0.107,1995000.0,0.02,Pago superior al mínimo,587000.0,3,3.3,1,Standard
54,Independiente,Informal,5,1222000.0,0.427,0.4,Sin cotizacion,0,0.0,203,1,1,0,0.0,0.0,0.0,5329000.0,0.363,No aplica,0.0,0,0.0,0,Poor
29,Independiente,Formal,75,2194000.0,0.486,6.2,Independiente,7,745000.0,108,2,1,1,6847000.0,4853000.0,0.709,7598000.0,0.289,Pago superior al mínimo,1872000.0,1,7.5,1,Poor
40,Cuenta propia,Informal,24,10517000.0,0.589,2.0,Sin cotizacion,0,0.0,179,4,2,1,12931000.0,4459000.0,0.345,21748000.0,0.172,Pago superior al mínimo,1063000.0,2,3.9,1,Standard
25,Independiente,Formal,84,2996000.0,0.591,7.0,Independiente,12,1031000.0,54,3,2,1,3076000.0,1116000.0,0.363,5347000.0,0.149,Pago superior al mínimo,549000.0,0,0.0,4,Good
31,Independiente,Formal,61,3812000.0,0.623,5.1,Independiente,11,1456000.0,79,4,1,0,0.0,0.0,0.0,4796000.0,0.105,No aplica,0.0,1,1.6,0,Good
30,Desempleado,No aplica,0,531000.0,0.907,0.0,Sin cotizacion,0,0.0,42,2,0,1,577000.0,344000.0,0.596,344000.0,0.054,Pago total,290000.0,0,0.0,1,Poor
43,Independiente,Formal,90,2420000.0,0.514,7.5,Independiente,8,946000.0,112,1,0,1,3018000.0,1666000.0,0.552,1666000.0,0.057,Pago superior al mínimo,639000.0,0,0.0,2,Standard
24,Dependiente,Informal,26,3227000.0,0.121,2.2,Sin cotizacion,0,0.0,31,2,0,1,5017000.0,1864000.0,0.372,1864000.0,0.048,Pago superior al mínimo,597000.0,0,0.0,2,Poor
39,Independiente,Informal,41,4156000.0,0.37,3.4,Sin cotizacion,0,0.0,166,3,1,1,3330000.0,589000.0,0.177,9042000.0,0.181,Pago total,472000.0,1,8.7,1,Good
26,Dependiente,Formal,96,1450000.0,0.093,8.0,Dependiente,6,1425000.0,77,3,0,0,0.0,0.0,0.0,0.0,0.0,No aplica,0.0,0,0.0,1,Good
39,Dependiente,Formal,75,3165000.0,0.042,6.2,Dependiente,12,3349000.0,167,3,2,1,2745000.0,968000.0,0.353,10291000.0,0.271,Pago superior al mínimo,255000.0,0,0.0,2,Poor
34,Independiente,Informal,20,2290000.0,0.528,1.7,Sin cotizacion,0,0.0,75,3,1,0,0.0,0.0,0.0,5400000.0,0.197,No aplica,0.0,2,15.8,1,Standard
20,Desempleado,No aplica,0,0.0,0.593,0.0,Sin cotizacion,0,0.0,4,2,0,0,0.0,0.0,0.0,0.0,0.0,No aplica,0.0,0,0.0,0,Good
27,Cuenta propia,Informal,24,1687000.0,0.511,2.0,Sin cotizacion,0,0.0,49,3,1,1,1985000.0,290000.0,0.146,3909000.0,0.193,Pago total,264000.0,0,0.0,2,Poor
42,Dependiente,Formal,20,3790000.0,0.076,1.7,Dependiente,11,3854000.0,207,3,1,1,7316000.0,3251000.0,0.444,17758000.0,0.39,Pago total,2828000.0,0,0.0,1,Good
41,Dependiente,Formal,99,2486000.0,0.514,8.2,Dependiente,9,2525000.0,125,2,1,1,3085000.0,1659000.0,0.538,6208000.0,0.208,Pago superior al mínimo,748000.0,1,4.5,1,Poor
33,Dependiente,Formal,52,4542000.0,0.4,4.3,Dependiente,11,4473000.0,127,4,1,1,9061000.0,4631000.0,0.511,18215000.0,0.334,Pago superior al mínimo,1861000.0,0,0.0,0,Good
37,Desempleado,No aplica,0,0.0,0.607,0.0,Sin cotizacion,0,0.0,70,1,1,0,0.0,0.0,0.0,0.0,0.0,No aplica,0.0,0,0.0,0,Poor
55,Pensionado,No aplica,196,4213000.0,0.73,16.3,Pensionado,12,4037000.0,230,5,1,0,0.0,0.0,0.0,9478000.0,0.187,No aplica,0.0,0,0.0,1,Standard
32,Independiente,Formal,17,2375000.0,0.14,1.4,Independiente,10,950000.0,103,3,1,1,3434000.0,1419000.0,0.413,6726000.0,0.236,Pago superior al mínimo,350000.0,1,2.1,4,Standard
31,Cuenta propia,Informal,29,1631000.0,0.276,2.4,Sin cotizacion,0,0.0,126,2,0,1,1986000.0,422000.0,0.212,422000.0,0.022,Pago total,417000.0,2,6.6,0,Good
22,Desempleado,No aplica,0,0.0,0.853,0.0,Sin cotizacion,0,0.0,10,2,1,0,0.0,0.0,0.0,0.0,0.0,No aplica,0.0,1,20.5,1,Poor
23,Independiente,Formal,60,2666000.0,0.329,5.0,Independiente,6,1259000.0,30,3,1,1,3898000.0,3091000.0,0.793,8138000.0,0.254,Pago superior al mínimo,842000.0,1,0.6,0,Poor
31,Dependiente,Formal,76,3471000.0,0.092,6.3,Dependiente,7,3502000.0,71,2,1,1,4407000.0,522000.0,0.118,5125000.0,0.123,Pago total,424000.0,1,5.6,0,Good
35,Dependiente,Formal,203,4227000.0,0.197,16.9,Dependiente,9,4415000.0,92,4,1,1,5039000.0,458000.0,0.091,5375000.0,0.106,Pago total,411000.0,0,0.0,0,Poor
36,Independiente,Informal,22,5108000.0,0.144,1.8,Sin cotizacion,0,0.0,139,2,1,1,11241000.0,2535000.0,0.226,15743000.0,0.257,Pago total,2250000.0,0,0.0,0,Poor
39,Independiente,Informal,35,7153000.0,0.6,2.9,Sin cotizacion,0,0.0,158,3,2,1,14794000.0,6431000.0,0.435,45837000.0,0.534,Pago superior al mínimo,2234000.0,1,10.2,1,Good
46,Dependiente,Formal,67,4451000.0,0.123,5.6,Dependiente,6,4672000.0,140,3,1,1,5460000.0,3198000.0,0.586,9107000.0,0.171,Pago superior al mínimo,709000.0,0,0.0,0,Poor
54,Cuenta propia,Informal,51,1093000.0,0.213,4.2,Sin cotizacion,0,0.0,269,1,0,0,0.0,0.0,0.0,0.0,0.0,No aplica,0.0,0,0.0,0,Good
45,Dependiente,Formal,66,3434000.0,0.047,5.5,Dependiente,6,3511000.0,241,3,1,1,4009000.0,1372000.0,0.342,12174000.0,0.295,Pago total,1179000.0,0,0.0,2,Good
54,Dependiente,Formal,50,2539000.0,0.208,4.2,Dependiente,8,2561000.0,324,2,1,1,5630000.0,3772000.0,0.67,7567000.0,0.248,Pago superior al mínimo,1798000.0,0,0.0,0,Standard
38,Independiente,Informal,33,9497000.0,0.704,2.8,Sin cotizacion,0,0.0,80,5,1,1,11337000.0,7811000.0,0.689,41804000.0,0.367,Pago mínimo,1012000.0,2,16.6,0,Poor
36,Independiente,Formal,77,14215000.0,0.918,6.4,Independiente,5,5124000.0,137,4,2,1,25264000.0,3883000.0,0.154,150000000.0,0.879,Pago superior al mínimo,949000.0,0,0.0,1,Poor
54,Independiente,Formal,93,6730000.0,0.3,7.8,Independiente,7,2636000.0,348,3,1,1,12547000.0,6146000.0,0.49,24517000.0,0.304,Pago total,5271000.0,0,0.0,1,Good
35,Dependiente,Formal,77,5144000.0,0.087,6.4,Dependiente,12,5070000.0,182,3,1,1,10858000.0,1756000.0,0.162,11337000.0,0.184,Pago total,1667000.0,0,0.0,0,Good
31,Dependiente,Formal,139,3744000.0,0.414,11.6,Dependiente,11,3793000.0,47,3,2,1,8114000.0,6798000.0,0.838,16379000.0,0.365,Pago mínimo,923000.0,4,13.7,4,Standard
38,Independiente,Formal,174,5062000.0,0.142,14.5,Independiente,8,1738000.0,174,4,0,1,6341000.0,1853000.0,0.292,1853000.0,0.031,Pago total,1534000.0,1,9.4,1,Good
40,Independiente,Informal,22,820000.0,0.508,1.8,Sin cotizacion,0,0.0,149,1,0,0,0.0,0.0,0.0,0.0,0.0,No aplica,0.0,0,0.0,1,Good
40,Dependiente,Formal,105,3565000.0,0.136,8.8,Dependiente,11,3488000.0,163,3,2,0,0.0,0.0,0.0,16269000.0,0.38,No aplica,0.0,0,0.0,3,Standard
47,Independiente,Formal,93,2463000.0,0.149,7.8,Independiente,1,1025000.0,281,2,1,0,0.0,0.0,0.0,2609000.0,0.088,No aplica,0.0,0,0.0,3,Good
50,Dependiente,Formal,21,4529000.0,0.014,1.8,Dependiente,12,4402000.0,182,4,0,1,10377000.0,2140000.0,0.206,2140000.0,0.039,Pago total,1967000.0,0,0.0,3,Good
24,Independiente,Formal,72,3273000.0,0.38,6.0,Independiente,9,1189000.0,48,3,0,1,6130000.0,1871000.0,0.305,1871000.0,0.048,Pago superior al mínimo,621000.0,0,0.0,0,Good
20,Desempleado,No aplica,0,2626000.0,0.526,0.0,Sin cotizacion,0,0.0,14,2,1,1,2764000.0,1167000.0,0.422,5667000.0,0.18,Pago superior al mínimo,403000.0,1,5.4,0,Good
48,Dependiente,Formal,43,4673000.0,0.119,3.6,Dependiente,10,4525000.0,109,5,1,1,7850000.0,3071000.0,0.391,8292000.0,0.148,Pago superior al mínimo,1345000.0,1,7.3,1,Standard
21,Dependiente,Formal,36,3803000.0,0.098,3.0,Dependiente,12,3762000.0,22,2,2,0,0.0,0.0,0.0,26273000.0,0.576,No aplica,0.0,0,0.0,1,Good
34,Cuenta propia,Informal,36,2536000.0,0.488,3.0,Sin cotizacion,0,0.0,98,3,2,0,0.0,0.0,0.0,7187000.0,0.236,No aplica,0.0,2,9.3,1,Standard
32,Independiente,Formal,91,3674000.0,0.475,7.6,Independiente,11,1176000.0,103,3,0,1,7515000.0,2876000.0,0.383,2876000.0,0.065,Pago superior al mínimo,1087000.0,1,3.9,1,Standard
36,Independiente,Formal,90,2052000.0,0.637,7.5,Independiente,8,760000.0,173,2,2,1,1849000.0,957000.0,0.518,8997000.0,0.365,Pago superior al mínimo,351000.0,0,0.0,1,Standard
55,Desempleado,No aplica,0,846000.0,0.606,0.0,Sin cotizacion,0,0.0,184,1,1,0,0.0,0.0,0.0,552000.0,0.054,No aplica,0.0,3,27.5,1,Good
22,Desempleado,No aplica,0,0.0,0.595,0.0,Sin cotizacion,0,0.0,15,3,1,0,0.0,0.0,0.0,0.0,0.0,No aplica,0.0,1,4.8,0,Poor
63,Pensionado,No aplica,193,1080000.0,0.204,16.1,Pensionado,12,1111000.0,502,1,0,0,0.0,0.0,0.0,0.0,0.0,No aplica,0.0,0,0.0,0,Good
37,Dependiente,Formal,67,4448000.0,0.139,5.6,Dependiente,12,4506000.0,167,5,1,1,6764000.0,3399000.0,0.503,10395000.0,0.195,Pago total,2978000.0,0,0.0,2,Standard
40,Dependiente,Formal,67,13719000.0,0.123,5.6,Dependiente,12,13950000.0,178,4,1,1,30268000.0,10771000.0,0.356,25876000.0,0.157,Pago superior al mínimo,3198000.0,1,4.2,0,Standard
36,Dependiente,Formal,68,3826000.0,0.041,5.7,Dependiente,12,3546000.0,173,3,1,0,0.0,0.0,0.0,6321000.0,0.138,No aplica,0.0,0,0.0,1,Standard
22,Dependiente,Formal,48,3498000.0,0.202,4.0,Dependiente,7,3440000.0,24,2,2,1,3423000.0,240000.0,0.07,3015000.0,0.072,Pago total,227000.0,1,12.9,1,Poor
21,Cuenta propia,Informal,36,579000.0,0.719,3.0,Sin cotizacion,0,0.0,23,1,0,0,0.0,0.0,0.0,0.0,0.0,No aplica,0.0,0,0.0,2,Standard
53,Dependiente,Formal,98,2764000.0,0.013,8.2,Dependiente,12,2751000.0,325,1,0,0,0.0,0.0,0.0,0.0,0.0,No aplica,0.0,0,0.0,0,Good
39,Cuenta propia,Formal,103,3951000.0,0.378,8.6,Independiente,9,1654000.0,210,4,2,1,7183000.0,2731000.0,0.38,10198000.0,0.215,Pago total,2685000.0,1,2.8,1,Poor
41,Independiente,Informal,42,927000.0,0.216,3.5,Sin cotizacion,0,0.0,247,1,0,0,0.0,0.0,0.0,0.0,0.0,No aplica,0.0,0,0.0,1,Standard
28,Independiente,Informal,47,1379000.0,0.552,3.9,Sin cotizacion,0,0.0,42,1,1,1,1059000.0,431000.0,0.407,1362000.0,0.082,Pago total,347000.0,0,0.0,1,Good
24,Dependiente,Formal,72,3974000.0,0.07,6.0,Dependiente,11,4151000.0,41,2,1,0,0.0,0.0,0.0,13030000.0,0.273,No aplica,0.0,1,3.8,1,Poor
39,Dependiente,Formal,94,5250000.0,0.071,7.8,Dependiente,8,5450000.0,94,4,3,1,3632000.0,1667000.0,0.459,32624000.0,0.518,Pago superior al mínimo,572000.0,2,5.1,1,Poor
54,Dependiente,Formal,79,3799000.0,0.076,6.6,Dependiente,8,3710000.0,159,2,0,0,0.0,0.0,0.0,0.0,0.0,No aplica,0.0,0,0.0,0,Good
60,Independiente,Formal,21,4776000.0,0.544,1.8,Independiente,4,1803000.0,171,2,1,1,6957000.0,4283000.0,0.616,6077000.0,0.106,Pago superior al mínimo,1585000.0,1,3.4,0,Poor
34,Dependiente,Formal,31,3650000.0,0.02,2.6,Dependiente,10,3856000.0,45,2,0,0,0.0,0.0,0.0,0.0,0.0,No aplica,0.0,0,0.0,0,Good
47,Independiente,Informal,32,1155000.0,0.549,2.7,Sin cotizacion,0,0.0,149,1,0,0,0.0,0.0,0.0,0.0,0.0,No aplica,0.0,0,0.0,1,Standard
38,Cuenta propia,Formal,34,1985000.0,0.353,2.8,Independiente,6,765000.0,116,1,0,1,2112000.0,660000.0,0.312,660000.0,0.028,Pago superior al mínimo,188000.0,1,2.6,1,Good
25,Cuenta propia,Formal,74,2137000.0,0.429,6.2,Independiente,4,762000.0,23,2,1,1,6185000.0,4431000.0,0.716,12576000.0,0.49,Pago mínimo,261000.0,0,0.0,1,Standard
46,Independiente,Formal,88,4084000.0,0.237,7.3,Independiente,12,1600000.0,98,3,1,1,2970000.0,1527000.0,0.514,12301000.0,0.251,Pago superior al mínimo,383000.0,2,8.5,4,Good
43,Dependiente,Formal,91,1598000.0,0.278,7.6,Dependiente,12,1684000.0,182,2,0,1,1956000.0,1394000.0,0.713,1394000.0,0.073,Pago superior al mínimo,575000.0,1,9.3,1,Standard
39,Cuenta propia,Formal,68,6188000.0,0.384,5.7,Independiente,9,2251000.0,230,2,0,1,6820000.0,2018000.0,0.296,2018000.0,0.027,Pago total,1703000.0,0,0.0,0,Standard
54,Cuenta propia,Informal,44,1075000.0,0.707,3.7,Sin cotizacion,0,0.0,275,1,1,1,1222000.0,153000.0,0.125,2158000.0,0.167,Pago superior al mínimo,49000.0,0,0.0,0,Good
23,Dependiente,Formal,60,3140000.0,0.107,5.0,Dependiente,12,3086000.0,25,3,1,1,10652000.0,3575000.0,0.336,11413000.0,0.303,Pago total,2871000.0,0,0.0,1,Standard
48,Independiente,Formal,110,5436000.0,0.237,9.2,Independiente,10,1987000.0,269,4,2,1,5107000.0,1782000.0,0.349,21770000.0,0.334,Pago superior al mínimo,447000.0,2,4.1,0,Good
31,Dependiente,Formal,106,2725000.0,0.125,8.8,Dependiente,8,2829000.0,101,1,0,0,0.0,0.0,0.0,0.0,0.0,No aplica,0.0,0,0.0,0,Standard
47,Cuenta propia,Informal,39,2715000.0,0.725,3.2,Sin cotizacion,0,0.0,284,3,0,0,0.0,0.0,0.0,0.0,0.0,No aplica,0.0,0,0.0,1,Standard
40,Desempleado,No aplica,0,1558000.0,0.723,0.0,Sin cotizacion,0,0.0,216,1,0,0,0.0,0.0,0.0,0.0,0.0,No aplica,0.0,0,0.0,0,Good
41,Dependiente,Formal,46,3529000.0,0.18,3.8,Dependiente,11,3570000.0,237,2,1,1,3270000.0,1185000.0,0.362,6792000.0,0.16,Pago total,1141000.0,0,0.0,1,Good
49,Cuenta propia,Informal,10,6957000.0,0.562,0.8,Sin cotizacion,0,0.0,87,4,1,1,14603000.0,8357000.0,0.572,23034000.0,0.276,Pago superior al mínimo,2991000.0,0,0.0,1,Good
19,Cuenta propia,Informal,12,841000.0,0.638,1.0,Sin cotizacion,0,0.0,3,1,0,0,0.0,0.0,0.0,0.0,0.0,No aplica,0.0,0,0.0,1,Good
31,Desempleado,No aplica,0,0.0,0.747,0.0,Sin cotizacion,0,0.0,26,1,0,1,671000.0,244000.0,0.364,244000.0,2.0,Pago irregular,2000.0,5,7.4,0,Poor
25,Dependiente,Formal,65,2256000.0,0.088,5.4,Dependiente,11,2340000.0,40,4,1,0,0.0,0.0,0.0,4685000.0,0.173,No aplica,0.0,0,0.0,1,Good
38,Cuenta propia,Informal,55,788000.0,0.319,4.6,Sin cotizacion,0,0.0,159,1,0,1,1072000.0,384000.0,0.358,384000.0,0.041,Pago superior al mínimo,86000.0,0,0.0,0,Poor
28,Dependiente,Formal,50,2000000.0,0.208,4.2,Dependiente,9,2125000.0,49,1,1,1,1234000.0,888000.0,0.72,3241000.0,0.135,Pago mínimo,126000.0,2,2.7,0,Standard
30,Dependiente,Formal,81,2257000.0,0.014,6.8,Dependiente,9,2120000.0,110,3,1,1,1224000.0,477000.0,0.39,7797000.0,0.288,Pago superior al mínimo,149000.0,1,9.7,3,Standard
39,Dependiente,Formal,21,3836000.0,0.119,1.8,Dependiente,10,3720000.0,33,3,0,0,0.0,0.0,0.0,0.0,0.0,No aplica,0.0,0,0.0,2,Good
20,Desempleado,No aplica,0,4377000.0,0.591,0.0,Sin cotizacion,0,0.0,22,3,1,1,5140000.0,1305000.0,0.254,6528000.0,0.124,Pago superior al mínimo,561000.0,5,18.2,0,Poor
26,Cuenta propia,Informal,30,562000.0,0.337,2.5,Sin cotizacion,0,0.0,24,1,0,0,0.0,0.0,0.0,0.0,0.0,No aplica,0.0,0,0.0,0,Poor
21,Desempleado,No aplica,0,1244000.0,0.7,0.0,Sin cotizacion,0,0.0,4,1,0,1,658000.0,212000.0,0.322,212000.0,0.014,Pago total,188000.0,1,1.5,1,Poor
45,Cuenta propia,Informal,30,514000.0,0.549,2.5,Sin cotizacion,0,0.0,195,2,1,1,500000.0,352000.0,0.704,1196000.0,0.194,Pago superior al mínimo,83000.0,2,8.5,0,Standard
47,Dependiente,Formal,49,4007000.0,0.05,4.1,Dependiente,11,3938000.0,90,3,0,1,3709000.0,2162000.0,0.583,2162000.0,0.045,Pago superior al mínimo,773000.0,0,0.0,2,Standard
57,Dependiente,Formal,24,5102000.0,0.082,2.0,Dependiente,7,5116000.0,250,4,1,1,10672000.0,5121000.0,0.48,22832000.0,0.373,Pago superior al mínimo,1177000.0,1,6.7,3,Standard
36,Dependiente,Formal,48,5027000.0,0.224,4.0,Dependiente,12,5129000.0,113,2,1,1,7330000.0,5379000.0,0.734,25729000.0,0.427,Pago mínimo,733000.0,1,2.9,0,Poor
46,Dependiente,Formal,141,6363000.0,0.27,11.8,Dependiente,10,6238000.0,86,4,2,0,0.0,0.0,0.0,47005000.0,0.616,No aplica,0.0,2,23.0,0,Standard
37,Dependiente,Informal,19,2038000.0,0.144,1.6,Sin cotizacion,0,0.0,93,3,0,0,0.0,0.0,0.0,0.0,0.0,No aplica,0.0,0,0.0,0,Poor
64,Cuenta propia,Informal,99,2429000.0,0.46,8.2,Sin cotizacion,0,0.0,188,2,0,0,0.0,0.0,0.0,0.0,0.0,No aplica,0.0,0,0.0,0,Poor
39,Dependiente,Formal,52,5279000.0,0.061,4.3,Dependiente,11,5133000.0,139,5,2,0,0.0,0.0,0.0,7021000.0,0.111,No aplica,0.0,1,21.2,1,Standard
56,Dependiente,Formal,29,6827000.0,0.02,2.4,Dependiente,12,7088000.0,299,3,0,1,8051000.0,2409000.0,0.299,2409000.0,0.029,Pago total,1951000.0,0,0.0,0,Standard
39,Dependiente,Formal,49,2425000.0,0.05,4.1,Dependiente,12,2478000.0,185,3,0,1,5049000.0,2974000.0,0.589,2974000.0,0.102,Pago superior al mínimo,1219000.0,0,0.0,1,Good
46,Dependiente,Formal,49,4303000.0,0.085,4.1,Dependiente,12,4357000.0,216,4,1,1,1359000.0,414000.0,0.305,8032000.0,0.156,Pago total,412000.0,0,0.0,0,Good
35,Desempleado,No aplica,0,1286000.0,0.556,0.0,Sin cotizacion,0,0.0,70,2,1,1,759000.0,347000.0,0.457,1557000.0,0.101,Pago superior al mínimo,162000.0,3,22.2,0,Standard
34,Independiente,Formal,33,5014000.0,0.223,2.8,Independiente,6,1604000.0,94,4,1,1,3249000.0,2535000.0,0.78,7615000.0,0.127,Pago mínimo,357000.0,3,31.5,1,Poor
33,Desempleado,No aplica,0,947000.0,0.81,0.0,Sin cotizacion,0,0.0,127,1,0,0,0.0,0.0,0.0,0.0,0.0,No aplica,0.0,0,0.0,3,Standard
34,Dependiente,Formal,61,2456000.0,0.195,5.1,Dependiente,12,2575000.0,171,2,0,1,5145000.0,899000.0,0.175,899000.0,0.031,Pago total,765000.0,0,0.0,0,Good
29,Dependiente,Formal,39,1907000.0,0.062,3.2,Dependiente,11,1921000.0,58,3,1,1,3534000.0,1447000.0,0.409,3963000.0,0.173,Pago superior al mínimo,492000.0,1,5.7,1,Poor
40,Cuenta propia,Informal,31,9022000.0,0.293,2.6,Sin cotizacion,0,0.0,189,3,0,1,12425000.0,6181000.0,0.497,6181000.0,0.057,Pago total,5231000.0,0,0.0,2,Good
28,Dependiente,Formal,47,3514000.0,0.179,3.9,Dependiente,12,3491000.0,67,1,1,0,0.0,0.0,0.0,5822000.0,0.138,No aplica,0.0,1,5.7,2,Good
53,Dependiente,Formal,138,6086000.0,0.177,11.5,Dependiente,12,5887000.0,215,3,1,1,15329000.0,7594000.0,0.495,16074000.0,0.22,Pago total,7121000.0,0,0.0,1,Good
33,Dependiente,Formal,147,3758000.0,0.24,12.2,Dependiente,9,3663000.0,99,3,1,1,7633000.0,2649000.0,0.347,3999000.0,0.089,Pago total,2466000.0,0,0.0,1,Standard
47,Dependiente,Formal,225,6340000.0,0.091,18.8,Dependiente,11,6114000.0,313,4,1,1,11404000.0,5716000.0,0.501,20693000.0,0.272,Pago total,4912000.0,0,0.0,2,Standard
25,Dependiente,Formal,84,3229000.0,0.022,7.0,Dependiente,9,2971000.0,60,2,0,1,2681000.0,1649000.0,0.615,1649000.0,0.043,Pago total,1454000.0,0,0.0,1,Standard
42,Dependiente,Formal,92,4900000.0,0.064,7.7,Dependiente,10,4740000.0,116,3,0,1,8330000.0,2172000.0,0.261,2172000.0,0.037,Pago total,1903000.0,0,0.0,2,Good
37,Independiente,Formal,74,1919000.0,0.285,6.2,Independiente,9,645000.0,96,2,1,1,3793000.0,1705000.0,0.45,5319000.0,0.231,Pago mínimo,204000.0,1,6.7,3,Poor
38,Dependiente,Formal,50,1631000.0,0.262,4.2,Dependiente,10,1627000.0,205,2,1,0,0.0,0.0,0.0,7266000.0,0.371,No aplica,0.0,0,0.0,3,Good
37,Dependiente,Formal,77,2883000.0,0.238,6.4,Dependiente,11,2750000.0,194,3,2,1,6823000.0,1938000.0,0.284,12825000.0,0.371,Pago total,1558000.0,1,2.6,1,Good
22,Desempleado,No aplica,0,1444000.0,0.781,0.0,Sin cotizacion,0,0.0,23,1,0,0,0.0,0.0,0.0,0.0,0.0,No aplica,0.0,0,0.0,0,Good
48,Dependiente,Formal,106,3789000.0,0.07,8.8,Dependiente,12,3900000.0,275,1,0,1,5551000.0,820000.0,0.148,820000.0,0.018,Pago total,808000.0,0,0.0,0,Standard
31,Dependiente,Formal,97,2918000.0,0.127,8.1,Dependiente,11,2724000.0,122,1,1,1,2727000.0,2579000.0,0.946,4288000.0,0.122,Pago superior al mínimo,625000.0,0,0.0,1,Standard
51,Cuenta propia,Informal,31,1577000.0,0.593,2.6,Sin cotizacion,0,0.0,215,2,1,0,0.0,0.0,0.0,1301000.0,0.069,No aplica,0.0,3,10.9,1,Poor
49,Dependiente,Formal,73,9263000.0,0.075,6.1,Dependiente,12,9706000.0,121,3,0,1,10856000.0,8128000.0,0.749,8128000.0,0.073,Pago superior al mínimo,2394000.0,1,2.0,1,Standard
46,Dependiente,Formal,35,4591000.0,0.343,2.9,Dependiente,12,4745000.0,204,5,3,0,0.0,0.0,0.0,9124000.0,0.166,No aplica,0.0,2,2.4,3,Good
51,Dependiente,Formal,71,5110000.0,0.176,5.9,Dependiente,12,4892000.0,242,4,1,1,10401000.0,2466000.0,0.237,11041000.0,0.18,Pago total,1996000.0,0,0.0,1,Poor
40,Dependiente,Formal,41,3966000.0,0.197,3.4,Dependiente,12,3951000.0,222,1,0,0,0.0,0.0,0.0,0.0,0.0,No aplica,0.0,0,0.0,1,Good
45,Independiente,Informal,49,3497000.0,0.456,4.1,Sin cotizacion,0,0.0,211,2,0,1,5200000.0,2741000.0,0.527,2741000.0,0.065,Pago superior al mínimo,909000.0,1,5.0,0,Standard
39,Cuenta propia,Informal,48,5622000.0,0.499,4.0,Sin cotizacion,0,0.0,120,3,1,0,0.0,0.0,0.0,31500000.0,0.467,No aplica,0.0,3,23.1,2,Good
50,Dependiente,Formal,126,3564000.0,0.074,10.5,Dependiente,11,3442000.0,224,3,2,1,2968000.0,1677000.0,0.565,21397000.0,0.5,Pago total,1589000.0,0,0.0,0,Poor
40,Independiente,Formal,50,1580000.0,0.42,4.2,Independiente,8,669000.0,164,3,2,0,0.0,0.0,0.0,6924000.0,0.365,No aplica,0.0,2,12.4,1,Poor
42,Dependiente,Formal,19,5560000.0,0.134,1.6,Dependiente,12,5960000.0,201,3,0,1,8166000.0,2744000.0,0.336,2744000.0,0.041,Pago superior al mínimo,1195000.0,1,1.7,1,Standard
42,Dependiente,Formal,79,4704000.0,0.364,6.6,Dependiente,11,4926000.0,172,3,1,0,0.0,0.0,0.0,4610000.0,0.082,No aplica,0.0,1,2.3,2,Good
39,Independiente,Formal,89,4325000.0,0.203,7.4,Independiente,10,1611000.0,204,3,1,1,2773000.0,1357000.0,0.489,12780000.0,0.246,Pago superior al mínimo,419000.0,1,10.0,3,Good
57,Dependiente,Formal,86,4931000.0,0.041,7.2,Dependiente,12,4954000.0,320,3,1,1,6785000.0,5085000.0,0.749,13245000.0,0.224,Pago superior al mínimo,1600000.0,0,0.0,1,Poor
53,Dependiente,Formal,27,3377000.0,0.147,2.2,Dependiente,12,3583000.0,345,1,0,0,0.0,0.0,0.0,0.0,0.0,No aplica,0.0,0,0.0,0,Good
53,Dependiente,Formal,154,4027000.0,0.199,12.8,Dependiente,9,4111000.0,343,4,1,1,13324000.0,7675000.0,0.576,17246000.0,0.357,Pago superior al mínimo,2317000.0,2,4.4,1,Standard
34,Dependiente,Formal,98,3259000.0,0.017,8.2,Dependiente,11,3391000.0,114,4,1,1,6096000.0,2868000.0,0.47,11967000.0,0.306,Pago total,2420000.0,1,4.5,1,Poor
67,Independiente,Formal,97,3002000.0,0.651,8.1,Independiente,10,1279000.0,379,3,1,1,3211000.0,2281000.0,0.71,6710000.0,0.186,Pago superior al mínimo,945000.0,1,12.8,1,Poor
25,Cuenta propia,Informal,50,4147000.0,0.438,4.2,Sin cotizacion,0,0.0,47,5,2,1,20904000.0,5700000.0,0.273,25626000.0,0.515,Pago superior al mínimo,2668000.0,2,4.8,4,Standard
33,Dependiente,Formal,58,1811000.0,0.026,4.8,Dependiente,9,1817000.0,126,2,0,1,1488000.0,349000.0,0.235,349000.0,0.016,Pago total,308000.0,0,0.0,0,Good
35,Dependiente,Formal,19,10115000.0,0.123,1.6,Dependiente,12,10087000.0,45,5,1,1,7495000.0,6477000.0,0.864,73661000.0,0.607,Pago mínimo,790000.0,2,1.2,2,Poor
47,Dependiente,Formal,86,5865000.0,0.213,7.2,Dependiente,12,5581000.0,325,5,0,1,5084000.0,1733000.0,0.341,1733000.0,0.025,Pago superior al mínimo,601000.0,2,3.3,1,Standard
41,Independiente,Formal,68,1296000.0,0.387,5.7,Independiente,7,479000.0,245,1,0,0,0.0,0.0,0.0,0.0,0.0,No aplica,0.0,0,0.0,0,Standard
32,Independiente,Informal,60,2106000.0,0.272,5.0,Sin cotizacion,0,0.0,108,3,1,1,1952000.0,442000.0,0.226,10003000.0,0.396,Pago superior al mínimo,105000.0,0,0.0,1,Standard
28,Independiente,Formal,82,3200000.0,0.854,6.8,Independiente,8,1165000.0,50,1,1,1,7643000.0,5030000.0,0.658,16584000.0,0.432,Pago superior al mínimo,1778000.0,0,0.0,2,Standard
37,Cuenta propia,Informal,2,2721000.0,0.19,0.2,Sin cotizacion,0,0.0,183,4,3,0,0.0,0.0,0.0,76729000.0,2.35,No aplica,0.0,1,14.1,0,Standard
35,Cuenta propia,Informal,20,1013000.0,0.584,1.7,Sin cotizacion,0,0.0,47,1,0,1,1257000.0,404000.0,0.321,404000.0,0.033,Pago mínimo,31000.0,0,0.0,1,Standard
60,Dependiente,Formal,30,4048000.0,0.109,2.5,Dependiente,12,3991000.0,425,3,1,1,3277000.0,2140000.0,0.653,31040000.0,0.639,Pago mínimo,250000.0,0,0.0,1,Poor
43,Dependiente,Informal,19,2432000.0,0.156,1.6,Sin cotizacion,0,0.0,149,1,0,0,0.0,0.0,0.0,0.0,0.0,No aplica,0.0,0,0.0,1,Standard
51,Cuenta propia,Informal,57,1378000.0,0.441,4.8,Sin cotizacion,0,0.0,134,1,1,0,0.0,0.0,0.0,7409000.0,0.448,No aplica,0.0,1,13.6,0,Poor
29,Desempleado,No aplica,0,1152000.0,0.958,0.0,Sin cotizacion,0,0.0,52,2,1,0,0.0,0.0,0.0,1169000.0,0.085,No aplica,0.0,1,7.2,1,Good
39,Cuenta propia,Formal,96,661000.0,0.596,8.0,Independiente,2,300000.0,155,1,0,0,0.0,0.0,0.0,0.0,0.0,No aplica,0.0,0,0.0,2,Poor
42,Dependiente,Formal,38,2680000.0,0.36,3.2,Dependiente,10,2668000.0,174,3,1,0,0.0,0.0,0.0,2477000.0,0.077,No aplica,0.0,1,32.7,1,Good
54,Dependiente,Formal,47,2034000.0,0.075,3.9,Dependiente,10,2052000.0,242,4,0,0,0.0,0.0,0.0,0.0,0.0,No aplica,0.0,0,0.0,1,Good
53,Dependiente,Formal,94,1940000.0,0.059,7.8,Dependiente,12,1992000.0,261,4,0,1,1657000.0,455000.0,0.275,455000.0,0.02,Pago total,405000.0,1,6.6,0,Good
31,Independiente,Formal,104,3939000.0,0.377,8.7,Independiente,11,1510000.0,66,3,2,0,0.0,0.0,0.0,6918000.0,0.146,No aplica,0.0,1,1.2,1,Standard
23,Dependiente,Informal,36,2841000.0,0.032,3.0,Sin cotizacion,0,0.0,46,4,0,0,0.0,0.0,0.0,0.0,0.0,No aplica,0.0,0,0.0,0,Standard
26,Dependiente,Formal,52,2466000.0,0.355,4.3,Dependiente,9,2539000.0,42,1,0,1,5264000.0,3171000.0,0.602,3171000.0,0.107,Pago superior al mínimo,1278000.0,1,3.6,1,Poor
34,Cuenta propia,Informal,75,732000.0,0.389,6.2,Sin cotizacion,0,0.0,147,3,0,0,0.0,0.0,0.0,0.0,0.0,No aplica,0.0,0,0.0,0,Good
36,Dependiente,Formal,90,1990000.0,0.095,7.5,Dependiente,12,2081000.0,199,1,0,1,2187000.0,198000.0,0.091,198000.0,0.008,Pago total,177000.0,0,0.0,0,Poor
18,Desempleado,No aplica,0,1565000.0,0.612,0.0,Sin cotizacion,0,0.0,0,0,0,0,0.0,0.0,0.0,0.0,0.0,No aplica,0.0,0,0.0,2,Standard
45,Dependiente,Formal,24,5603000.0,0.082,2.0,Dependiente,12,5696000.0,177,2,0,1,4938000.0,2628000.0,0.532,2628000.0,0.039,Pago total,2502000.0,1,3.9,0,Standard
27,Dependiente,Formal,108,6422000.0,0.009,9.0,Dependiente,11,6282000.0,77,4,0,1,5483000.0,1148000.0,0.209,1148000.0,0.015,Pago total,1147000.0,0,0.0,2,Standard
25,Dependiente,Formal,84,3706000.0,0.083,7.0,Dependiente,8,3846000.0,56,1,1,0,0.0,0.0,0.0,12920000.0,0.291,No aplica,0.0,1,6.5,0,Standard
37,Independiente,Informal,51,2546000.0,0.672,4.2,Sin cotizacion,0,0.0,45,2,2,0,0.0,0.0,0.0,16631000.0,0.544,No aplica,0.0,2,22.9,1,Poor
29,Dependiente,Formal,74,5471000.0,0.074,6.2,Dependiente,12,5577000.0,80,4,1,0,0.0,0.0,0.0,14710000.0,0.224,No aplica,0.0,0,0.0,1,Standard
30,Dependiente,Formal,66,4528000.0,0.298,5.5,Dependiente,9,4640000.0,98,3,0,1,6176000.0,1310000.0,0.212,1310000.0,0.024,Pago total,1273000.0,0,0.0,1,Good
38,Desempleado,No aplica,0,3094000.0,0.173,0.0,Sin cotizacion,0,0.0,158,1,0,1,2860000.0,882000.0,0.308,882000.0,0.024,Pago total,830000.0,0,0.0,0,Good
30,Dependiente,Formal,50,2891000.0,0.146,4.2,Dependiente,11,3069000.0,86,2,2,1,3560000.0,1583000.0,0.445,7381000.0,0.213,Pago superior al mínimo,433000.0,0,0.0,1,Poor
35,Independiente,Informal,51,4711000.0,0.491,4.2,Sin cotizacion,0,0.0,184,3,2,1,5045000.0,769000.0,0.152,36051000.0,0.638,Pago mínimo,82000.0,1,2.7,1,Standard
46,Independiente,Informal,18,2454000.0,0.482,1.5,Sin cotizacion,0,0.0,80,2,0,1,2908000.0,1576000.0,0.542,1576000.0,0.054,Pago superior al mínimo,615000.0,1,10.4,1,Good
58,Independiente,Formal,33,1734000.0,0.56,2.8,Independiente,3,743000.0,320,2,1,1,2872000.0,2066000.0,0.719,4926000.0,0.237,Pago irregular,121000.0,3,4.9,1,Poor
42,Independiente,Formal,80,4136000.0,0.125,6.7,Independiente,9,1915000.0,107,5,1,1,3257000.0,1019000.0,0.313,8223000.0,0.166,Pago total,855000.0,0,0.0,3,Poor
23,Dependiente,Formal,41,1571000.0,0.027,3.4,Dependiente,10,1562000.0,37,3,0,1,2676000.0,496000.0,0.185,496000.0,0.026,Pago total,448000.0,0,0.0,0,Good
42,Independiente,Informal,18,3301000.0,0.539,1.5,Sin cotizacion,0,0.0,72,1,1,0,0.0,0.0,0.0,10513000.0,0.265,No aplica,0.0,2,5.8,0,Standard
48,Dependiente,Formal,106,5720000.0,0.051,8.8,Dependiente,11,5621000.0,145,2,1,0,0.0,0.0,0.0,10279000.0,0.15,No aplica,0.0,1,4.2,1,Good
24,Independiente,Informal,46,1927000.0,0.434,3.8,Sin cotizacion,0,0.0,40,4,3,1,1174000.0,531000.0,0.452,11419000.0,0.494,Pago mínimo,51000.0,0,0.0,3,Standard
36,Dependiente,Formal,43,3921000.0,0.17,3.6,Dependiente,6,4101000.0,58,2,0,0,0.0,0.0,0.0,0.0,0.0,No aplica,0.0,0,0.0,0,Standard
42,Independiente,Formal,158,4780000.0,0.502,13.2,Independiente,10,1724000.0,222,4,1,0,0.0,0.0,0.0,3796000.0,0.066,No aplica,0.0,0,0.0,2,Good
22,Dependiente,Formal,48,4390000.0,0.376,4.0,Dependiente,12,4722000.0,7,3,1,0,0.0,0.0,0.0,3279000.0,0.062,No aplica,0.0,1,7.4,2,Poor
40,Dependiente,Formal,54,3837000.0,0.12,4.5,Dependiente,4,4037000.0,167,3,1,0,0.0,0.0,0.0,14935000.0,0.324,No aplica,0.0,0,0.0,1,Good
58,Dependiente,Formal,50,3463000.0,0.097,4.2,Dependiente,12,3475000.0,210,1,0,0,0.0,0.0,0.0,0.0,0.0,No aplica,0.0,0,0.0,1,Standard
26,Dependiente,Informal,17,3349000.0,0.075,1.4,Sin cotizacion,0,0.0,93,3,1,0,0.0,0.0,0.0,8258000.0,0.205,No aplica,0.0,0,0.0,2,Standard
59,Desempleado,No aplica,0,0.0,0.541,0.0,Sin cotizacion,0,0.0,160,2,1,0,0.0,0.0,0.0,0.0,0.0,No aplica,0.0,0,0.0,0,Standard
48,Dependiente,Formal,91,4285000.0,0.105,7.6,Dependiente,8,4491000.0,102,3,0,1,8531000.0,6045000.0,0.709,6045000.0,0.118,Pago superior al mínimo,1685000.0,1,25.5,1,Standard
38,Cuenta propia,Informal,19,1544000.0,0.341,1.6,Sin cotizacion,0,0.0,81,2,1,1,1819000.0,1137000.0,0.625,5009000.0,0.27,Pago superior al mínimo,411000.0,0,0.0,1,Poor
41,Desempleado,No aplica,0,0.0,0.787,0.0,Sin cotizacion,0,0.0,111,2,0,0,0.0,0.0,0.0,0.0,0.0,No aplica,0.0,0,0.0,0,Standard
24,Independiente,Informal,30,12339000.0,0.261,2.5,Sin cotizacion,0,0.0,37,6,3,1,23083000.0,9402000.0,0.407,84712000.0,0.572,Pago superior al mínimo,4444000.0,2,6.1,3,Poor
45,Dependiente,Formal,65,3071000.0,0.169,5.4,Dependiente,11,3152000.0,246,4,2,0,0.0,0.0,0.0,5552000.0,0.151,No aplica,0.0,0,0.0,0,Standard
46,Dependiente,Formal,46,4183000.0,0.086,3.8,Dependiente,10,3967000.0,150,3,1,0,0.0,0.0,0.0,7790000.0,0.155,No aplica,0.0,1,3.9,1,Good
30,Cuenta propia,Formal,46,1968000.0,0.32,3.8,Independiente,10,723000.0,61,3,2,1,3134000.0,2268000.0,0.724,11651000.0,0.493,Pago mínimo,288000.0,1,6.0,3,Poor
42,Dependiente,Formal,33,1564000.0,0.496,2.8,Dependiente,10,1582000.0,212,3,0,0,0.0,0.0,0.0,0.0,0.0,No aplica,0.0,0,0.0,1,Good
41,Dependiente,Formal,102,1903000.0,0.105,8.5,Dependiente,9,1915000.0,257,2,0,1,4883000.0,1355000.0,0.277,1355000.0,0.059,Pago total,1235000.0,0,0.0,3,Good
34,Independiente,Informal,42,1247000.0,0.272,3.5,Sin cotizacion,0,0.0,185,2,1,0,0.0,0.0,0.0,835000.0,0.056,No aplica,0.0,0,0.0,1,Good
40,Cuenta propia,Informal,29,2232000.0,0.624,2.4,Sin cotizacion,0,0.0,234,2,2,1,3037000.0,1139000.0,0.375,17052000.0,0.637,Pago superior al mínimo,477000.0,2,3.6,1,Good
70,Pensionado,No aplica,136,4053000.0,0.389,11.3,Pensionado,12,4212000.0,212,4,0,1,9978000.0,5352000.0,0.536,5352000.0,0.11,Pago total,5126000.0,1,3.2,1,Good
40,Dependiente,Formal,93,1791000.0,0.103,7.8,Dependiente,6,1813000.0,136,4,3,1,3151000.0,1225000.0,0.389,13539000.0,0.63,Pago superior al mínimo,511000.0,1,4.6,4,Poor
43,Independiente,Formal,88,2713000.0,0.481,7.3,Independiente,12,948000.0,251,2,1,1,2106000.0,481000.0,0.228,16890000.0,0.519,Pago superior al mínimo,220000.0,2,12.1,4,Poor
46,Dependiente,Formal,122,3830000.0,0.142,10.2,Dependiente,11,3746000.0,201,1,0,1,8024000.0,1210000.0,0.151,1210000.0,0.026,Pago total,1156000.0,0,0.0,0,Good
35,Dependiente,Formal,96,2299000.0,0.038,8.0,Dependiente,12,2367000.0,128,3,2,0,0.0,0.0,0.0,21003000.0,0.761,No aplica,0.0,1,5.5,0,Poor
32,Cuenta propia,Informal,16,2082000.0,0.425,1.3,Sin cotizacion,0,0.0,80,2,0,1,3000000.0,762000.0,0.254,762000.0,0.03,Pago total,736000.0,0,0.0,0,Standard
34,Dependiente,Formal,51,4613000.0,0.167,4.2,Dependiente,12,4277000.0,160,2,1,1,5288000.0,2863000.0,0.541,29191000.0,0.527,Pago total,2588000.0,1,2.6,1,Standard
18,Dependiente,Formal,0,2027000.0,0.102,0.0,Dependiente,0,0.0,0,0,0,0,0.0,0.0,0.0,0.0,0.0,No aplica,0.0,0,0.0,0,Good
31,Dependiente,Formal,36,3875000.0,0.021,3.0,Dependiente,12,3656000.0,126,2,0,1,5461000.0,1213000.0,0.222,1213000.0,0.026,Pago total,1092000.0,1,5.4,0,Good
27,Cuenta propia,Informal,39,1706000.0,0.596,3.2,Sin cotizacion,0,0.0,31,1,0,1,1603000.0,841000.0,0.525,841000.0,0.041,Pago superior al mínimo,259000.0,1,11.5,0,Standard
24,Cuenta propia,Informal,48,797000.0,0.435,4.0,Sin cotizacion,0,0.0,35,2,1,0,0.0,0.0,0.0,1008000.0,0.105,No aplica,0.0,1,4.4,1,Standard
33,Independiente,Informal,47,2267000.0,0.104,3.9,Sin cotizacion,0,0.0,35,2,0,1,10239000.0,6894000.0,0.673,6894000.0,0.253,Pago mínimo,685000.0,1,8.7,1,Poor
44,Independiente,Formal,37,5708000.0,0.176,3.1,Independiente,10,2198000.0,46,4,1,1,6870000.0,2051000.0,0.299,18825000.0,0.275,Pago superior al mínimo,839000.0,0,0.0,4,Standard
37,Dependiente,Formal,65,6748000.0,0.164,5.4,Dependiente,7,6998000.0,84,3,1,1,5858000.0,2381000.0,0.406,16533000.0,0.204,Pago total,2053000.0,1,11.5,1,Poor
19,Independiente,Formal,12,9294000.0,0.2,1.0,Independiente,12,3637000.0,2,3,1,1,4827000.0,3063000.0,0.635,53831000.0,0.483,Pago superior al mínimo,818000.0,2,5.7,2,Poor
43,Dependiente,Formal,51,2943000.0,0.094,4.2,Dependiente,7,2997000.0,196,1,0,1,5797000.0,1821000.0,0.314,1821000.0,0.052,Pago total,1778000.0,0,0.0,1,Standard
38,Dependiente,Formal,68,2721000.0,0.09,5.7,Dependiente,11,2722000.0,138,1,0,0,0.0,0.0,0.0,0.0,0.0,No aplica,0.0,0,0.0,0,Poor
41,Dependiente,Formal,98,3792000.0,0.066,8.2,Dependiente,12,3771000.0,171,4,0,1,5702000.0,3162000.0,0.555,3162000.0,0.069,Pago total,2547000.0,1,1.1,3,Good
33,Cuenta propia,Informal,46,1354000.0,0.522,3.8,Sin cotizacion,0,0.0,89,1,0,0,0.0,0.0,0.0,0.0,0.0,No aplica,0.0,0,0.0,0,Good
23,Dependiente,Formal,60,5247000.0,0.055,5.0,Dependiente,10,5110000.0,43,3,0,0,0.0,0.0,0.0,0.0,0.0,No aplica,0.0,0,0.0,0,Good
36,Dependiente,Formal,63,3698000.0,0.105,5.2,Dependiente,8,3822000.0,158,3,0,1,4936000.0,1230000.0,0.249,1230000.0,0.028,Pago total,1214000.0,0,0.0,1,Standard
35,Dependiente,Formal,74,3584000.0,0.175,6.2,Dependiente,10,3404000.0,157,4,0,1,6147000.0,2954000.0,0.481,2954000.0,0.069,Pago total,2866000.0,0,0.0,3,Standard
37,Dependiente,Formal,79,4771000.0,0.115,6.6,Dependiente,12,4726000.0,102,3,1,1,8539000.0,1451000.0,0.17,24692000.0,0.431,Pago total,1352000.0,1,11.2,1,Poor
22,Desempleado,No aplica,0,535000.0,0.843,0.0,Sin cotizacion,0,0.0,26,1,0,0,0.0,0.0,0.0,0.0,0.0,No aplica,0.0,0,0.0,0,Good
39,Dependiente,Formal,59,5481000.0,0.157,4.9,Dependiente,12,5732000.0,140,2,0,1,10436000.0,5712000.0,0.547,5712000.0,0.087,Pago total,5437000.0,1,4.6,2,Poor
30,Dependiente,Formal,11,3634000.0,0.203,0.9,Dependiente,11,3523000.0,64,1,0,0,0.0,0.0,0.0,0.0,0.0,No aplica,0.0,0,0.0,2,Good
34,Independiente,Informal,21,3815000.0,0.403,1.8,Sin cotizacion,0,0.0,165,2,0,1,4444000.0,2706000.0,0.609,2706000.0,0.059,Pago mínimo,298000.0,3,43.4,0,Poor
21,Dependiente,Formal,36,6456000.0,0.044,3.0,Dependiente,12,6054000.0,18,4,1,1,4051000.0,464000.0,0.115,39029000.0,0.504,Pago total,424000.0,0,0.0,1,Good
44,Dependiente,Formal,94,2648000.0,0.139,7.8,Dependiente,6,2424000.0,186,3,1,1,2425000.0,237000.0,0.098,4764000.0,0.15,Pago total,220000.0,0,0.0,1,Good
48,Dependiente,Formal,52,2632000.0,0.234,4.3,Dependiente,9,2702000.0,149,2,0,0,0.0,0.0,0.0,0.0,0.0,No aplica,0.0,0,0.0,0,Standard
41,Independiente,Formal,48,3530000.0,0.382,4.0,Independiente,8,1516000.0,42,3,0,1,5457000.0,2053000.0,0.376,2053000.0,0.048,Pago superior al mínimo,414000.0,0,0.0,1,Good
53,Desempleado,No aplica,0,1221000.0,0.454,0.0,Sin cotizacion,0,0.0,186,1,0,0,0.0,0.0,0.0,0.0,0.0,No aplica,0.0,0,0.0,0,Standard
63,Pensionado,No aplica,79,3561000.0,0.108,6.6,Pensionado,12,3524000.0,480,3,2,1,4160000.0,1479000.0,0.356,7888000.0,0.185,Pago total,1430000.0,0,0.0,0,Good
44,Dependiente,Formal,71,8316000.0,0.177,5.9,Dependiente,4,7893000.0,237,6,0,1,16469000.0,10093000.0,0.613,10093000.0,0.101,Pago superior al mínimo,4490000.0,1,10.6,3,Standard
50,Cuenta propia,Informal,33,920000.0,0.382,2.8,Sin cotizacion,0,0.0,130,1,1,0,0.0,0.0,0.0,1026000.0,0.093,No aplica,0.0,2,3.1,0,Good
40,Dependiente,Formal,32,3461000.0,0.037,2.7,Dependiente,10,3441000.0,101,2,0,1,7301000.0,5271000.0,0.722,5271000.0,0.127,Pago superior al mínimo,1823000.0,0,0.0,1,Standard
54,Dependiente,Formal,91,7415000.0,0.16,7.6,Dependiente,7,7764000.0,87,5,2,1,9070000.0,5048000.0,0.557,43934000.0,0.494,Pago superior al mínimo,1368000.0,0,0.0,1,Poor
47,Dependiente,Formal,67,5530000.0,0.203,5.6,Dependiente,11,5249000.0,122,4,1,1,5107000.0,3382000.0,0.662,8385000.0,0.126,Pago superior al mínimo,1016000.0,0,0.0,1,Good
38,Dependiente,Formal,36,4493000.0,0.316,3.0,Dependiente,3,4683000.0,218,2,1,1,4738000.0,1618000.0,0.341,11921000.0,0.221,Pago superior al mínimo,531000.0,0,0.0,1,Standard
41,Dependiente,Informal,24,5746000.0,0.117,2.0,Sin cotizacion,0,0.0,74,3,0,1,7599000.0,1563000.0,0.206,1563000.0,0.023,Pago total,1300000.0,0,0.0,0,Good
37,Independiente,Informal,29,2300000.0,0.63,2.4,Sin cotizacion,0,0.0,183,1,1,1,3392000.0,826000.0,0.244,4859000.0,0.176,Pago superior al mínimo,316000.0,0,0.0,1,Good
28,Cuenta propia,Informal,17,349000.0,0.569,1.4,Sin cotizacion,0,0.0,71,1,0,0,0.0,0.0,0.0,0.0,0.0,No aplica,0.0,0,0.0,1,Standard
37,Dependiente,Formal,119,3029000.0,0.084,9.9,Dependiente,9,2824000.0,142,1,0,1,7364000.0,1333000.0,0.181,1333000.0,0.037,Pago total,1107000.0,0,0.0,1,Good
39,Dependiente,Formal,47,9020000.0,0.042,3.9,Dependiente,12,8610000.0,46,5,1,1,13452000.0,6375000.0,0.474,10470000.0,0.097,Pago superior al mínimo,2582000.0,0,0.0,5,Good
42,Dependiente,Formal,24,4303000.0,0.065,2.0,Dependiente,9,4322000.0,166,3,0,1,6009000.0,3322000.0,0.553,3322000.0,0.064,Pago total,3032000.0,0,0.0,1,Good
52,Dependiente,Formal,34,2731000.0,0.183,2.8,Dependiente,6,2835000.0,289,2,1,1,1657000.0,1279000.0,0.772,7741000.0,0.236,Pago mínimo,171000.0,3,8.0,0,Standard
28,Independiente,Informal,37,6473000.0,0.478,3.1,Sin cotizacion,0,0.0,32,2,0,1,12289000.0,2461000.0,0.2,2461000.0,0.032,Pago total,2165000.0,2,2.5,2,Standard
37,Dependiente,Formal,92,5224000.0,0.122,7.7,Dependiente,9,5532000.0,190,2,0,1,6426000.0,2815000.0,0.438,2815000.0,0.045,Pago total,2762000.0,0,0.0,0,Standard
45,Cuenta propia,Informal,37,2487000.0,0.409,3.1,Sin cotizacion,0,0.0,241,3,1,0,0.0,0.0,0.0,7739000.0,0.259,No aplica,0.0,4,16.9,1,Standard
56,Dependiente,Formal,90,5192000.0,0.042,7.5,Dependiente,12,5398000.0,190,4,0,1,3087000.0,1154000.0,0.374,1154000.0,0.019,Pago superior al mínimo,457000.0,0,0.0,1,Standard
45,Dependiente,Formal,52,2452000.0,0.248,4.3,Dependiente,11,2604000.0,173,2,2,1,1227000.0,262000.0,0.214,21725000.0,0.738,Pago total,210000.0,0,0.0,3,Poor
62,Cuenta propia,Informal,5,1793000.0,0.518,0.4,Sin cotizacion,0,0.0,276,1,0,0,0.0,0.0,0.0,0.0,0.0,No aplica,0.0,0,0.0,0,Good
48,Dependiente,Formal,9,3875000.0,0.049,0.8,Dependiente,8,3903000.0,329,3,1,1,4183000.0,3124000.0,0.747,8563000.0,0.184,Pago superior al mínimo,1035000.0,1,5.4,2,Poor
35,Dependiente,Formal,166,5733000.0,0.185,13.8,Dependiente,2,5590000.0,140,5,1,0,0.0,0.0,0.0,5788000.0,0.084,No aplica,0.0,0,0.0,6,Good
28,Independiente,Formal,79,2499000.0,0.269,6.6,Independiente,9,1118000.0,52,2,1,1,4461000.0,271000.0,0.061,4150000.0,0.138,Pago total,269000.0,0,0.0,1,Good
47,Dependiente,Formal,59,3906000.0,0.024,4.9,Dependiente,9,4119000.0,270,1,0,1,2878000.0,576000.0,0.2,576000.0,0.012,Pago total,571000.0,0,0.0,0,Good
44,Independiente,Informal,31,8334000.0,0.511,2.6,Sin cotizacion,0,0.0,224,5,1,1,10650000.0,8767000.0,0.823,16378000.0,0.164,Pago irregular,401000.0,8,66.7,3,Poor
24,Dependiente,Formal,72,9585000.0,0.136,6.0,Dependiente,10,9942000.0,32,2,2,1,6070000.0,305000.0,0.05,55057000.0,0.479,Pago total,284000.0,0,0.0,4,Poor
22,Dependiente,Formal,44,2029000.0,0.023,3.7,Dependiente,11,2079000.0,37,1,1,1,1994000.0,306000.0,0.153,4667000.0,0.192,Pago total,259000.0,0,0.0,1,Standard
41,Dependiente,Formal,60,3966000.0,0.356,5.0,Dependiente,12,4187000.0,159,2,1,0,0.0,0.0,0.0,3641000.0,0.077,No aplica,0.0,2,5.4,1,Good
45,Cuenta propia,Informal,48,781000.0,0.681,4.0,Sin cotizacion,0,0.0,85,1,0,1,690000.0,247000.0,0.358,247000.0,0.026,Pago superior al mínimo,73000.0,2,3.8,1,Standard
29,Dependiente,Formal,68,3247000.0,0.079,5.7,Dependiente,8,3291000.0,75,4,2,0,0.0,0.0,0.0,9864000.0,0.253,No aplica,0.0,0,0.0,2,Standard
42,Independiente,Informal,8,2230000.0,0.339,0.7,Sin cotizacion,0,0.0,87,3,1,1,2010000.0,403000.0,0.2,12705000.0,0.475,Pago total,354000.0,0,0.0,1,Standard
67,Dependiente,Formal,142,7006000.0,0.159,11.8,Dependiente,12,7000000.0,484,3,0,1,12952000.0,4167000.0,0.322,4167000.0,0.05,Pago superior al mínimo,1350000.0,1,11.9,1,Good
32,Cuenta propia,Informal,81,861000.0,0.337,6.8,Sin cotizacion,0,0.0,143,3,0,0,0.0,0.0,0.0,0.0,0.0,No aplica,0.0,0,0.0,1,Poor
39,Dependiente,Formal,81,2023000.0,0.025,6.8,Dependiente,6,2082000.0,94,2,1,0,0.0,0.0,0.0,3887000.0,0.16,No aplica,0.0,1,17.4,1,Standard
44,Independiente,Formal,176,11400000.0,0.608,14.7,Independiente,8,4778000.0,148,4,1,1,13218000.0,9621000.0,0.728,23852000.0,0.174,Pago mínimo,1161000.0,0,0.0,3,Poor
31,Independiente,Formal,70,2449000.0,0.298,5.8,Independiente,6,1066000.0,123,2,1,1,4208000.0,3240000.0,0.77,6717000.0,0.229,Pago mínimo,187000.0,1,1.9,0,Poor
29,Cuenta propia,Informal,36,2172000.0,0.263,3.0,Sin cotizacion,0,0.0,70,3,1,0,0.0,0.0,0.0,4867000.0,0.187,No aplica,0.0,0,0.0,3,Good
61,Dependiente,Formal,15,4557000.0,0.054,1.2,Dependiente,12,4533000.0,188,3,0,0,0.0,0.0,0.0,0.0,0.0,No aplica,0.0,0,0.0,0,Good
47,Dependiente,Formal,65,2773000.0,0.134,5.4,Dependiente,8,2874000.0,312,4,1,0,0.0,0.0,0.0,18128000.0,0.545,No aplica,0.0,2,32.2,5,Good
50,Dependiente,Formal,72,2801000.0,0.084,6.0,Dependiente,11,2897000.0,240,2,1,0,0.0,0.0,0.0,2831000.0,0.084,No aplica,0.0,4,55.3,0,Good
46,Cuenta propia,Informal,61,4987000.0,0.369,5.1,Sin cotizacion,0,0.0,236,4,0,1,7529000.0,859000.0,0.114,859000.0,0.014,Pago total,695000.0,0,0.0,3,Good
39,Dependiente,Formal,65,4947000.0,0.032,5.4,Dependiente,8,4989000.0,185,4,1,1,7771000.0,2288000.0,0.294,27327000.0,0.46,Pago total,2069000.0,0,0.0,1,Good
36,Cuenta propia,Informal,25,2024000.0,0.5,2.1,Sin cotizacion,0,0.0,113,3,0,0,0.0,0.0,0.0,0.0,0.0,No aplica,0.0,0,0.0,0,Good
52,Dependiente,Formal,40,3752000.0,0.152,3.3,Dependiente,10,3639000.0,119,2,0,1,4137000.0,1715000.0,0.415,1715000.0,0.038,Pago superior al mínimo,641000.0,0,0.0,0,Poor
39,Dependiente,Formal,43,4207000.0,0.079,3.6,Dependiente,10,4416000.0,61,4,0,1,6349000.0,882000.0,0.139,882000.0,0.017,Pago total,774000.0,0,0.0,1,Good
49,Dependiente,Formal,30,4739000.0,0.221,2.5,Dependiente,6,4510000.0,184,2,0,1,6028000.0,394000.0,0.065,394000.0,0.007,Pago total,374000.0,0,0.0,1,Good
37,Desempleado,No aplica,0,1801000.0,0.619,0.0,Sin cotizacion,0,0.0,199,3,0,1,2005000.0,410000.0,0.204,410000.0,0.019,Pago total,342000.0,0,0.0,0,Standard
42,Independiente,Formal,70,11302000.0,0.551,5.8,Independiente,11,4088000.0,237,5,1,1,40000000.0,29209000.0,0.73,47704000.0,0.352,Pago superior al mínimo,14525000.0,2,17.0,1,Poor
35,Cuenta propia,Informal,38,1854000.0,0.3,3.2,Sin cotizacion,0,0.0,71,2,0,1,2213000.0,1139000.0,0.515,1139000.0,0.051,Pago superior al mínimo,348000.0,0,0.0,0,Poor
50,Dependiente,Formal,74,3963000.0,0.263,6.2,Dependiente,12,3990000.0,272,2,2,0,0.0,0.0,0.0,36588000.0,0.769,No aplica,0.0,3,18.5,2,Standard
27,Independiente,Formal,52,9844000.0,0.369,4.3,Independiente,7,3150000.0,46,4,1,1,17376000.0,2794000.0,0.161,12083000.0,0.102,Pago total,2420000.0,0,0.0,1,Poor
30,Independiente,Formal,71,2382000.0,0.705,5.9,Independiente,10,1100000.0,95,1,0,0,0.0,0.0,0.0,0.0,0.0,No aplica,0.0,0,0.0,2,Good
48,Dependiente,Formal,74,5756000.0,0.111,6.2,Dependiente,10,5759000.0,228,4,1,1,6909000.0,4151000.0,0.601,35718000.0,0.517,Pago mínimo,371000.0,0,0.0,2,Standard
46,Cuenta propia,Informal,30,1972000.0,0.437,2.5,Sin cotizacion,0,0.0,254,4,2,0,0.0,0.0,0.0,25100000.0,1.061,No aplica,0.0,3,42.7,3,Poor
30,Cuenta propia,Informal,33,949000.0,0.671,2.8,Sin cotizacion,0,0.0,87,2,1,0,0.0,0.0,0.0,6377000.0,0.56,No aplica,0.0,2,1.0,1,Poor
40,Cuenta propia,Informal,30,2136000.0,0.434,2.5,Sin cotizacion,0,0.0,90,2,0,1,5847000.0,2979000.0,0.509,2979000.0,0.116,Pago superior al mínimo,1344000.0,0,0.0,2,Good
52,Independiente,Formal,146,6914000.0,0.516,12.2,Independiente,11,3191000.0,179,5,2,1,5960000.0,3669000.0,0.616,31256000.0,0.377,Pago superior al mínimo,976000.0,0,0.0,2,Poor
20,Dependiente,Formal,24,5381000.0,0.041,2.0,Dependiente,11,5769000.0,2,3,0,0,0.0,0.0,0.0,0.0,0.0,No aplica,0.0,0,0.0,4,Good
34,Dependiente,Formal,114,6715000.0,0.156,9.5,Dependiente,7,6673000.0,26,3,1,0,0.0,0.0,0.0,13455000.0,0.167,No aplica,0.0,0,0.0,0,Standard
40,Desempleado,No aplica,0,0.0,0.834,0.0,Sin cotizacion,0,0.0,74,2,2,1,2194000.0,1246000.0,0.568,1246000.0,2.0,Pago mínimo,119000.0,2,2.2,2,Poor
47,Dependiente,Formal,18,7899000.0,0.076,1.5,Dependiente,12,8325000.0,215,3,2,1,4719000.0,1302000.0,0.276,18052000.0,0.19,Pago superior al mínimo,364000.0,2,7.2,1,Good
33,Independiente,Formal,100,2224000.0,0.267,8.3,Independiente,6,795000.0,82,4,0,0,0.0,0.0,0.0,0.0,0.0,No aplica,0.0,0,0.0,2,Poor
23,Independiente,Formal,46,1940000.0,0.5,3.8,Independiente,6,810000.0,39,3,2,0,0.0,0.0,0.0,13926000.0,0.598,No aplica,0.0,1,5.8,0,Standard
37,Independiente,Formal,92,3497000.0,0.283,7.7,Independiente,11,1333000.0,110,4,0,1,2844000.0,657000.0,0.231,657000.0,0.016,Pago total,531000.0,0,0.0,0,Standard
34,Desempleado,No aplica,0,0.0,0.665,0.0,Sin cotizacion,0,0.0,55,1,1,0,0.0,0.0,0.0,0.0,0.0,No aplica,0.0,1,9.2,1,Standard
42,Dependiente,Formal,40,5219000.0,0.158,3.3,Dependiente,8,5364000.0,193,3,1,1,9586000.0,2288000.0,0.239,16551000.0,0.264,Pago mínimo,198000.0,1,6.7,0,Standard
41,Dependiente,Formal,87,1380000.0,0.315,7.2,Dependiente,7,1429000.0,114,2,2,0,0.0,0.0,0.0,7277000.0,0.439,No aplica,0.0,1,19.8,0,Good
31,Dependiente,Formal,44,2404000.0,0.046,3.7,Dependiente,10,2389000.0,30,2,1,1,4026000.0,743000.0,0.185,2817000.0,0.098,Pago total,606000.0,0,0.0,0,Good
39,Dependiente,Formal,112,2632000.0,0.095,9.3,Dependiente,12,2689000.0,134,3,2,1,2209000.0,827000.0,0.374,5600000.0,0.177,Pago superior al mínimo,406000.0,1,1.7,2,Poor
51,Dependiente,Informal,22,5245000.0,0.167,1.8,Sin cotizacion,0,0.0,359,4,2,1,5678000.0,1797000.0,0.316,36768000.0,0.584,Pago total,1488000.0,1,3.8,1,Good
63,Independiente,Formal,66,2138000.0,0.409,5.5,Independiente,6,936000.0,101,3,0,0,0.0,0.0,0.0,0.0,0.0,No aplica,0.0,0,0.0,1,Standard
55,Desempleado,No aplica,0,0.0,0.821,0.0,Sin cotizacion,0,0.0,87,1,0,0,0.0,0.0,0.0,0.0,0.0,No aplica,0.0,0,0.0,0,Standard
50,Cuenta propia,Informal,2,2679000.0,0.347,0.2,Sin cotizacion,0,0.0,179,3,1,0,0.0,0.0,0.0,7093000.0,0.221,No aplica,0.0,0,0.0,0,Standard
24,Dependiente,Formal,41,3897000.0,0.121,3.4,Dependiente,10,3926000.0,56,3,1,0,0.0,0.0,0.0,7212000.0,0.154,No aplica,0.0,0,0.0,1,Good
32,Dependiente,Formal,121,4593000.0,0.099,10.1,Dependiente,9,5052000.0,112,4,0,1,9533000.0,7746000.0,0.813,7746000.0,0.141,Pago mínimo,1150000.0,0,0.0,0,Good
49,Cuenta propia,Formal,44,12620000.0,0.524,3.7,Independiente,8,4979000.0,220,5,1,1,30983000.0,19324000.0,0.624,52037000.0,0.344,Pago superior al mínimo,6532000.0,2,11.9,1,Good
40,Dependiente,Informal,12,1436000.0,0.104,1.0,Sin cotizacion,0,0.0,141,3,0,0,0.0,0.0,0.0,0.0,0.0,No aplica,0.0,0,0.0,1,Good
42,Dependiente,Formal,20,2517000.0,0.094,1.7,Dependiente,11,2684000.0,157,1,0,1,3902000.0,1000000.0,0.256,1000000.0,0.033,Pago total,833000.0,0,0.0,0,Good
49,Dependiente,Formal,86,8509000.0,0.063,7.2,Dependiente,10,8899000.0,158,6,2,1,10001000.0,3707000.0,0.371,91035000.0,0.892,Pago mínimo,284000.0,0,0.0,0,Poor
39,Independiente,Informal,33,4384000.0,0.45,2.8,Sin cotizacion,0,0.0,167,3,1,1,9376000.0,4449000.0,0.475,20429000.0,0.388,Pago total,3904000.0,1,5.6,2,Good
38,Dependiente,Formal,171,3724000.0,0.209,14.2,Dependiente,12,3447000.0,134,2,0,1,3866000.0,2502000.0,0.647,2502000.0,0.056,Pago superior al mínimo,1010000.0,0,0.0,0,Good
29,Desempleado,No aplica,0,0.0,0.553,0.0,Sin cotizacion,0,0.0,55,3,0,0,0.0,0.0,0.0,0.0,0.0,No aplica,0.0,0,0.0,0,Good
20,Independiente,Formal,24,2370000.0,0.373,2.0,Independiente,10,1090000.0,12,3,0,0,0.0,0.0,0.0,0.0,0.0,No aplica,0.0,0,0.0,0,Standard
58,Independiente,Informal,38,3792000.0,0.242,3.2,Sin cotizacion,0,0.0,184,1,0,0,0.0,0.0,0.0,0.0,0.0,No aplica,0.0,0,0.0,1,Good
35,Dependiente,Informal,43,1387000.0,0.051,3.6,Sin cotizacion,0,0.0,142,1,0,1,1510000.0,301000.0,0.199,301000.0,0.018,Pago total,284000.0,0,0.0,2,Good
33,Dependiente,Formal,45,2641000.0,0.33,3.8,Dependiente,10,2754000.0,136,3,1,0,0.0,0.0,0.0,6268000.0,0.198,No aplica,0.0,1,14.4,0,Good
49,Independiente,Informal,98,742000.0,0.556,8.2,Sin cotizacion,0,0.0,189,1,0,0,0.0,0.0,0.0,0.0,0.0,No aplica,0.0,0,0.0,0,Good
26,Independiente,Informal,29,6529000.0,0.705,2.4,Sin cotizacion,0,0.0,68,4,0,1,6238000.0,1223000.0,0.196,1223000.0,0.016,Pago superior al mínimo,325000.0,1,11.3,0,Poor
27,Independiente,Formal,30,1516000.0,0.356,2.5,Independiente,9,613000.0,9,3,1,1,1058000.0,557000.0,0.526,4613000.0,0.254,Pago total,468000.0,1,16.7,1,Poor
20,Cuenta propia,Informal,4,2476000.0,0.119,0.3,Sin cotizacion,0,0.0,15,4,1,1,4241000.0,727000.0,0.171,13637000.0,0.459,Pago superior al mínimo,345000.0,1,17.8,3,Poor
27,Cuenta propia,Informal,37,1803000.0,0.775,3.1,Sin cotizacion,0,0.0,79,2,0,1,2414000.0,2197000.0,0.91,2197000.0,0.102,Pago irregular,79000.0,2,22.4,0,Poor
19,Desempleado,No aplica,0,0.0,0.824,0.0,Sin cotizacion,0,0.0,4,1,0,1,1890000.0,940000.0,0.497,940000.0,2.0,Pago mínimo,81000.0,5,13.5,1,Poor
51,Independiente,Formal,39,2493000.0,0.126,3.2,Independiente,11,1034000.0,221,2,1,0,0.0,0.0,0.0,3816000.0,0.128,No aplica,0.0,0,0.0,2,Good
48,Dependiente,Formal,121,5899000.0,0.073,10.1,Dependiente,11,6015000.0,247,3,0,1,9350000.0,1716000.0,0.184,1716000.0,0.024,Pago total,1588000.0,0,0.0,1,Good
30,Dependiente,Formal,80,12479000.0,0.264,6.7,Dependiente,12,13165000.0,96,2,1,1,34216000.0,2332000.0,0.068,31322000.0,0.209,Pago superior al mínimo,850000.0,3,8.8,1,Good
46,Dependiente,Formal,26,4883000.0,0.107,2.2,Dependiente,12,4802000.0,180,3,1,1,10962000.0,4668000.0,0.426,14284000.0,0.244,Pago total,4569000.0,0,0.0,0,Standard
36,Independiente,Formal,56,3141000.0,0.265,4.7,Independiente,11,1456000.0,59,4,1,0,0.0,0.0,0.0,4157000.0,0.11,No aplica,0.0,0,0.0,0,Standard
28,Dependiente,Informal,33,723000.0,0.173,2.8,Sin cotizacion,0,0.0,57,2,2,1,802000.0,139000.0,0.173,2677000.0,0.309,Pago total,116000.0,0,0.0,4,Good
42,Dependiente,Formal,65,5140000.0,0.242,5.4,Dependiente,12,4917000.0,91,2,2,1,6514000.0,3302000.0,0.507,13916000.0,0.226,Pago superior al mínimo,1108000.0,1,40.3,2,Poor
29,Cuenta propia,Informal,51,949000.0,0.542,4.2,Sin cotizacion,0,0.0,39,1,0,0,0.0,0.0,0.0,0.0,0.0,No aplica,0.0,0,0.0,1,Standard
38,Cuenta propia,Formal,66,1231000.0,0.259,5.5,Independiente,10,406000.0,54,2,2,0,0.0,0.0,0.0,9823000.0,0.665,No aplica,0.0,2,26.3,1,Poor
50,Cuenta propia,Formal,35,4435000.0,0.584,2.9,Independiente,3,1879000.0,159,4,1,1,4885000.0,2004000.0,0.41,8684000.0,0.163,Pago superior al mínimo,521000.0,1,6.4,2,Standard
42,Dependiente,Formal,55,3040000.0,0.09,4.6,Dependiente,11,3193000.0,123,2,1,1,3754000.0,964000.0,0.257,7941000.0,0.218,Pago total,792000.0,0,0.0,1,Good
29,Independiente,Informal,31,2244000.0,0.077,2.6,Sin cotizacion,0,0.0,27,3,2,1,3580000.0,1898000.0,0.53,19617000.0,0.728,Pago mínimo,150000.0,4,22.0,1,Poor
41,Dependiente,Formal,72,5218000.0,0.132,6.0,Dependiente,9,5181000.0,55,2,2,1,9194000.0,3451000.0,0.375,54639000.0,0.873,Pago superior al mínimo,760000.0,0,0.0,0,Poor
49,Dependiente,Formal,37,2904000.0,0.055,3.1,Dependiente,10,2641000.0,234,2,2,1,6946000.0,1376000.0,0.198,13448000.0,0.386,Pago superior al mínimo,524000.0,2,1.3,1,Poor
42,Dependiente,Formal,73,2106000.0,0.105,6.1,Dependiente,10,1980000.0,189,3,1,1,5057000.0,2139000.0,0.423,6099000.0,0.241,Pago superior al mínimo,974000.0,1,7.6,0,Poor
39,Dependiente,Formal,44,4496000.0,0.163,3.7,Dependiente,9,4574000.0,207,4,1,1,5765000.0,1076000.0,0.187,15294000.0,0.283,Pago total,926000.0,0,0.0,1,Standard
60,Independiente,Formal,94,7201000.0,0.072,7.8,Independiente,7,2878000.0,433,5,1,0,0.0,0.0,0.0,18829000.0,0.218,No aplica,0.0,0,0.0,1,Good
19,Desempleado,No aplica,0,0.0,0.775,0.0,Sin cotizacion,0,0.0,4,1,0,0,0.0,0.0,0.0,0.0,0.0,No aplica,0.0,0,0.0,0,Poor
22,Dependiente,Formal,48,2315000.0,0.095,4.0,Dependiente,10,2434000.0,7,1,1,1,2201000.0,931000.0,0.423,3131000.0,0.113,Pago superior al mínimo,363000.0,0,0.0,1,Standard
43,Independiente,Formal,82,9334000.0,0.5,6.8,Independiente,7,3761000.0,120,2,0,1,13618000.0,3689000.0,0.271,3689000.0,0.033,Pago superior al mínimo,881000.0,1,10.1,0,Standard
43,Dependiente,Formal,97,2175000.0,0.125,8.1,Dependiente,8,2111000.0,109,2,0,1,2258000.0,299000.0,0.132,299000.0,0.011,Pago total,253000.0,1,3.6,0,Standard
53,Dependiente,Formal,85,2033000.0,0.07,7.1,Dependiente,12,2058000.0,279,2,1,0,0.0,0.0,0.0,11859000.0,0.486,No aplica,0.0,1,7.7,0,Good
27,Dependiente,Informal,25,7910000.0,0.236,2.1,Sin cotizacion,0,0.0,33,3,1,0,0.0,0.0,0.0,18466000.0,0.195,No aplica,0.0,2,3.9,2,Poor
43,Dependiente,Formal,37,3509000.0,0.16,3.1,Dependiente,10,3652000.0,296,2,1,1,6400000.0,2756000.0,0.431,14693000.0,0.349,Pago total,2577000.0,0,0.0,0,Good
47,Independiente,Formal,75,5148000.0,0.382,6.2,Independiente,11,2337000.0,47,3,1,1,11813000.0,6486000.0,0.549,19451000.0,0.315,Pago superior al mínimo,3086000.0,0,0.0,4,Good
56,Independiente,Formal,76,2813000.0,0.277,6.3,Independiente,12,1113000.0,229,2,2,0,0.0,0.0,0.0,15711000.0,0.465,No aplica,0.0,1,18.8,2,Standard
25,Dependiente,Formal,80,3885000.0,0.147,6.7,Dependiente,12,3895000.0,27,3,1,1,6644000.0,3432000.0,0.517,10413000.0,0.223,Pago total,2759000.0,1,2.8,1,Good
32,Dependiente,Formal,52,5210000.0,0.057,4.3,Dependiente,10,5372000.0,111,5,2,1,7463000.0,4344000.0,0.582,37122000.0,0.594,Pago superior al mínimo,1706000.0,2,9.4,1,Poor
40,Dependiente,Formal,128,4218000.0,0.135,10.7,Dependiente,12,4092000.0,131,3,1,0,0.0,0.0,0.0,13106000.0,0.259,No aplica,0.0,1,12.3,2,Good
50,Cuenta propia,Informal,45,7813000.0,0.451,3.8,Sin cotizacion,0,0.0,287,2,2,1,13208000.0,6742000.0,0.51,61141000.0,0.652,Pago superior al mínimo,2774000.0,0,0.0,1,Standard
31,Dependiente,Formal,81,2887000.0,0.332,6.8,Dependiente,8,2972000.0,71,2,1,1,3437000.0,946000.0,0.275,3319000.0,0.096,Pago total,870000.0,0,0.0,0,Standard
57,Cuenta propia,Informal,10,1922000.0,0.319,0.8,Sin cotizacion,0,0.0,96,1,1,0,0.0,0.0,0.0,1742000.0,0.076,No aplica,0.0,2,16.1,0,Poor
47,Independiente,Formal,31,5077000.0,0.267,2.6,Independiente,10,1984000.0,242,3,1,0,0.0,0.0,0.0,10999000.0,0.181,No aplica,0.0,1,7.8,2,Standard
35,Cuenta propia,Informal,50,2803000.0,0.519,4.2,Sin cotizacion,0,0.0,86,4,0,1,2592000.0,1813000.0,0.699,1813000.0,0.054,Pago superior al mínimo,595000.0,1,5.5,2,Poor
31,Cuenta propia,Informal,35,2271000.0,0.529,2.9,Sin cotizacion,0,0.0,71,3,1,1,3565000.0,804000.0,0.226,4305000.0,0.158,Pago superior al mínimo,399000.0,1,7.2,2,Standard
35,Independiente,Formal,84,1677000.0,0.422,7.0,Independiente,8,666000.0,162,3,2,0,0.0,0.0,0.0,14994000.0,0.745,No aplica,0.0,2,4.4,1,Poor
41,Independiente,Formal,93,5043000.0,0.23,7.8,Independiente,10,2018000.0,49,2,0,1,11942000.0,3243000.0,0.272,3243000.0,0.054,Pago superior al mínimo,914000.0,1,14.3,2,Good
43,Cuenta propia,Informal,33,1693000.0,0.743,2.8,Sin cotizacion,0,0.0,141,2,0,0,0.0,0.0,0.0,0.0,0.0,No aplica,0.0,0,0.0,0,Standard
35,Dependiente,Formal,33,2692000.0,0.053,2.8,Dependiente,12,2706000.0,73,2,1,1,2835000.0,561000.0,0.198,3608000.0,0.112,Pago superior al mínimo,191000.0,1,6.9,0,Poor
40,Dependiente,Formal,32,3740000.0,0.064,2.7,Dependiente,11,4026000.0,174,3,1,1,4194000.0,760000.0,0.181,14119000.0,0.315,Pago total,710000.0,1,12.5,1,Good
71,Dependiente,Formal,79,2589000.0,0.138,6.6,Dependiente,11,2540000.0,402,3,1,0,0.0,0.0,0.0,1751000.0,0.056,No aplica,0.0,0,0.0,0,Good
43,Cuenta propia,Informal,85,994000.0,0.608,7.1,Sin cotizacion,0,0.0,216,1,0,0,0.0,0.0,0.0,0.0,0.0,No aplica,0.0,0,0.0,1,Standard
27,Cuenta propia,Informal,18,300000.0,0.14,1.5,Sin cotizacion,0,0.0,58,1,0,0,0.0,0.0,0.0,0.0,0.0,No aplica,0.0,0,0.0,1,Standard
45,Dependiente,Formal,43,8508000.0,0.196,3.6,Dependiente,9,8366000.0,245,3,1,1,16327000.0,8954000.0,0.548,15297000.0,0.15,Pago superior al mínimo,1791000.0,1,2.6,2,Standard
18,Cuenta propia,Informal,0,2435000.0,0.424,0.0,Sin cotizacion,0,0.0,0,1,0,0,0.0,0.0,0.0,0.0,0.0,No aplica,0.0,0,0.0,0,Standard
23,Dependiente,Formal,52,2884000.0,0.182,4.3,Dependiente,11,3051000.0,16,2,1,0,0.0,0.0,0.0,5682000.0,0.164,No aplica,0.0,0,0.0,1,Standard
37,Dependiente,Formal,106,2646000.0,0.156,8.8,Dependiente,10,2693000.0,24,2,1,1,3338000.0,1217000.0,0.365,7876000.0,0.248,Pago total,1062000.0,0,0.0,1,Poor
20,Desempleado,No aplica,0,0.0,0.567,0.0,Sin cotizacion,0,0.0,3,3,1,0,0.0,0.0,0.0,0.0,0.0,No aplica,0.0,1,5.5,0,Good
30,Dependiente,Formal,47,2287000.0,0.109,3.9,Dependiente,10,2357000.0,21,4,0,1,2900000.0,859000.0,0.296,859000.0,0.031,Pago total,755000.0,0,0.0,3,Good
38,Dependiente,Formal,53,5008000.0,0.112,4.4,Dependiente,10,4802000.0,144,3,1,0,0.0,0.0,0.0,18889000.0,0.314,No aplica,0.0,0,0.0,2,Good
44,Independiente,Informal,44,2781000.0,0.543,3.7,Sin cotizacion,0,0.0,217,3,0,0,0.0,0.0,0.0,0.0,0.0,No aplica,0.0,0,0.0,2,Standard
18,Desempleado,No aplica,0,1336000.0,0.779,0.0,Sin cotizacion,0,0.0,0,0,0,0,0.0,0.0,0.0,0.0,0.0,No aplica,0.0,0,0.0,0,Poor
48,Dependiente,Formal,22,5507000.0,0.15,1.8,Dependiente,9,5561000.0,170,3,0,1,5325000.0,769000.0,0.144,769000.0,0.012,Pago total,617000.0,0,0.0,1,Good
36,Independiente,Informal,62,5279000.0,0.331,5.2,Sin cotizacion,0,0.0,136,3,1,1,8670000.0,2732000.0,0.315,15737000.0,0.248,Pago total,2200000.0,2,3.6,0,Poor
67,Desempleado,No aplica,0,841000.0,0.553,0.0,Sin cotizacion,0,0.0,137,2,1,0,0.0,0.0,0.0,1592000.0,0.158,No aplica,0.0,0,0.0,1,Standard
32,Dependiente,Formal,39,4616000.0,0.277,3.2,Dependiente,9,4766000.0,135,4,3,1,5681000.0,1151000.0,0.203,17664000.0,0.319,Pago total,1148000.0,0,0.0,3,Poor
24,Dependiente,Informal,40,1630000.0,0.047,3.3,Sin cotizacion,0,0.0,49,2,1,1,1117000.0,571000.0,0.511,1602000.0,0.082,Pago superior al mínimo,133000.0,0,0.0,1,Poor
42,Independiente,Formal,36,9054000.0,0.128,3.0,Independiente,11,3377000.0,203,5,0,1,15300000.0,1845000.0,0.121,1845000.0,0.017,Pago total,1563000.0,0,0.0,0,Standard
36,Dependiente,Informal,11,1837000.0,0.058,0.9,Sin cotizacion,0,0.0,55,3,1,0,0.0,0.0,0.0,5737000.0,0.26,No aplica,0.0,1,7.0,0,Good
33,Cuenta propia,Informal,37,3239000.0,0.257,3.1,Sin cotizacion,0,0.0,32,3,0,1,5905000.0,423000.0,0.072,423000.0,0.011,Pago superior al mínimo,102000.0,2,1.2,2,Poor
41,Cuenta propia,Informal,20,4327000.0,0.79,1.7,Sin cotizacion,0,0.0,205,3,2,1,5054000.0,2344000.0,0.464,12095000.0,0.233,Pago mínimo,238000.0,2,10.6,2,Good
56,Pensionado,No aplica,293,1471000.0,0.061,24.4,Pensionado,12,1499000.0,437,3,1,0,0.0,0.0,0.0,3231000.0,0.183,No aplica,0.0,0,0.0,1,Good
67,Independiente,Informal,20,1783000.0,0.653,1.7,Sin cotizacion,0,0.0,420,1,0,0,0.0,0.0,0.0,0.0,0.0,No aplica,0.0,0,0.0,0,Good
37,Desempleado,No aplica,0,0.0,0.781,0.0,Sin cotizacion,0,0.0,38,1,0,0,0.0,0.0,0.0,0.0,0.0,No aplica,0.0,0,0.0,1,Poor
35,Dependiente,Informal,50,1621000.0,0.314,4.2,Sin cotizacion,0,0.0,175,4,1,1,3197000.0,862000.0,0.27,6559000.0,0.337,Pago total,816000.0,0,0.0,4,Good
34,Dependiente,Formal,97,4768000.0,0.276,8.1,Dependiente,11,4729000.0,104,4,0,1,3589000.0,1308000.0,0.364,1308000.0,0.023,Pago superior al mínimo,292000.0,1,7.0,2,Poor
46,Dependiente,Formal,85,4536000.0,0.101,7.1,Dependiente,5,4419000.0,302,4,1,1,3962000.0,3036000.0,0.766,67307000.0,1.237,Pago irregular,142000.0,1,14.3,1,Poor
50,Dependiente,Formal,56,6153000.0,0.09,4.7,Dependiente,6,6402000.0,311,2,1,1,6573000.0,721000.0,0.11,12442000.0,0.169,Pago total,628000.0,0,0.0,1,Good
38,Independiente,Formal,71,5568000.0,0.546,5.9,Independiente,10,2481000.0,66,4,1,1,7463000.0,1853000.0,0.248,7260000.0,0.109,Pago superior al mínimo,643000.0,1,1.8,1,Poor
39,Dependiente,Formal,47,2599000.0,0.024,3.9,Dependiente,12,2612000.0,70,4,1,1,3984000.0,710000.0,0.178,6452000.0,0.207,Pago total,606000.0,1,21.6,1,Standard
61,Dependiente,Formal,55,4129000.0,0.111,4.6,Dependiente,6,4203000.0,80,3,1,1,4307000.0,1053000.0,0.244,3584000.0,0.072,Pago superior al mínimo,483000.0,3,12.9,0,Standard
28,Independiente,Formal,85,3873000.0,0.192,7.1,Independiente,9,1754000.0,109,2,1,0,0.0,0.0,0.0,6954000.0,0.15,No aplica,0.0,0,0.0,1,Good
36,Dependiente,Formal,56,2337000.0,0.23,4.7,Dependiente,12,2300000.0,63,2,1,0,0.0,0.0,0.0,4740000.0,0.169,No aplica,0.0,1,7.7,4,Good
26,Independiente,Formal,83,1700000.0,0.286,6.9,Independiente,1,704000.0,86,2,0,1,2981000.0,1035000.0,0.347,1035000.0,0.051,Pago superior al mínimo,347000.0,0,0.0,0,Standard
47,Dependiente,Formal,75,2909000.0,0.306,6.2,Dependiente,9,2864000.0,110,3,1,1,2990000.0,732000.0,0.245,7165000.0,0.205,Pago total,609000.0,0,0.0,1,Standard
61,Desempleado,No aplica,0,497000.0,0.943,0.0,Sin cotizacion,0,0.0,304,1,0,1,500000.0,327000.0,0.654,327000.0,0.055,Pago irregular,21000.0,5,13.3,0,Poor
29,Cuenta propia,Informal,8,5659000.0,0.382,0.7,Sin cotizacion,0,0.0,101,3,1,1,4063000.0,2205000.0,0.543,27031000.0,0.398,Pago superior al mínimo,938000.0,0,0.0,3,Poor
22,Independiente,Formal,48,5004000.0,0.571,4.0,Independiente,12,1798000.0,23,3,1,0,0.0,0.0,0.0,15933000.0,0.265,No aplica,0.0,0,0.0,0,Standard
25,Dependiente,Formal,27,4470000.0,0.054,2.2,Dependiente,7,4399000.0,32,4,0,0,0.0,0.0,0.0,0.0,0.0,No aplica,0.0,0,0.0,2,Poor
48,Dependiente,Formal,59,6143000.0,0.157,4.9,Dependiente,11,5867000.0,253,3,1,1,16608000.0,8416000.0,0.507,16251000.0,0.22,Pago superior al mínimo,2908000.0,1,4.2,0,Good
40,Cuenta propia,Informal,43,825000.0,0.326,3.6,Sin cotizacion,0,0.0,177,2,1,1,771000.0,100000.0,0.13,4059000.0,0.41,Pago total,94000.0,1,5.3,2,Poor
36,Dependiente,Formal,54,3947000.0,0.189,4.5,Dependiente,11,4014000.0,125,3,0,0,0.0,0.0,0.0,0.0,0.0,No aplica,0.0,0,0.0,1,Good
56,Dependiente,Formal,92,6541000.0,0.119,7.7,Dependiente,8,6339000.0,110,4,3,1,6501000.0,904000.0,0.139,90905000.0,1.158,Pago superior al mínimo,344000.0,1,12.6,1,Poor
38,Dependiente,Informal,8,1979000.0,0.121,0.7,Sin cotizacion,0,0.0,51,3,0,0,0.0,0.0,0.0,0.0,0.0,No aplica,0.0,0,0.0,1,Good
38,Dependiente,Informal,56,5226000.0,0.134,4.7,Sin cotizacion,0,0.0,58,5,1,0,0.0,0.0,0.0,6033000.0,0.096,No aplica,0.0,0,0.0,1,Good
37,Dependiente,Formal,79,2711000.0,0.175,6.6,Dependiente,6,2560000.0,102,3,1,1,1830000.0,329000.0,0.18,2191000.0,0.067,Pago total,274000.0,1,10.6,1,Good
32,Cuenta propia,Informal,48,2137000.0,0.355,4.0,Sin cotizacion,0,0.0,98,4,3,1,3595000.0,883000.0,0.246,3938000.0,0.154,Pago total,883000.0,1,15.0,3,Standard
42,Dependiente,Formal,34,4499000.0,0.147,2.8,Dependiente,11,4633000.0,268,2,1,1,4827000.0,2025000.0,0.42,15424000.0,0.286,Pago superior al mínimo,874000.0,0,0.0,1,Good
37,Dependiente,Formal,38,5016000.0,0.131,3.2,Dependiente,12,5152000.0,81,4,3,1,6248000.0,2103000.0,0.337,60524000.0,1.006,Pago superior al mínimo,841000.0,2,7.2,3,Standard
48,Cuenta propia,Informal,47,1889000.0,0.833,3.9,Sin cotizacion,0,0.0,270,2,1,1,2329000.0,914000.0,0.392,3819000.0,0.168,Pago superior al mínimo,411000.0,2,6.1,1,Good
35,Cuenta propia,Formal,32,4111000.0,0.254,2.7,Independiente,6,1590000.0,99,4,1,0,0.0,0.0,0.0,8102000.0,0.164,No aplica,0.0,1,2.2,4,Standard
37,Dependiente,Formal,93,4331000.0,0.338,7.8,Dependiente,11,4453000.0,141,4,1,1,2633000.0,2146000.0,0.815,14525000.0,0.279,Pago irregular,159000.0,1,4.6,0,Poor
43,Dependiente,Formal,11,1818000.0,0.068,0.9,Dependiente,10,1759000.0,226,1,0,1,1868000.0,1145000.0,0.613,1145000.0,0.052,Pago superior al mínimo,427000.0,0,0.0,0,Poor
41,Dependiente,Formal,36,8510000.0,0.099,3.0,Dependiente,10,8383000.0,194,4,0,1,19146000.0,4738000.0,0.247,4738000.0,0.046,Pago total,4348000.0,0,0.0,0,Standard
23,Cuenta propia,Informal,60,900000.0,0.178,5.0,Sin cotizacion,0,0.0,51,2,0,0,0.0,0.0,0.0,0.0,0.0,No aplica,0.0,0,0.0,0,Good
51,Dependiente,Formal,54,9463000.0,0.136,4.5,Dependiente,11,9617000.0,144,4,0,1,13147000.0,6266000.0,0.477,6266000.0,0.055,Pago total,5042000.0,0,0.0,1,Good
40,Cuenta propia,Informal,26,1911000.0,0.534,2.2,Sin cotizacion,0,0.0,47,2,0,1,1066000.0,639000.0,0.599,639000.0,0.028,Pago superior al mínimo,207000.0,1,0.7,1,Poor
39,Independiente,Informal,7,2077000.0,0.425,0.6,Sin cotizacion,0,0.0,107,1,0,1,2530000.0,1317000.0,0.521,1317000.0,0.053,Pago superior al mínimo,464000.0,0,0.0,0,Poor
39,Dependiente,Formal,84,4366000.0,0.073,7.0,Dependiente,8,4547000.0,134,4,0,1,4645000.0,1707000.0,0.367,1707000.0,0.033,Pago total,1446000.0,1,15.3,2,Poor
31,Dependiente,Formal,91,2442000.0,0.172,7.6,Dependiente,10,2405000.0,24,1,0,1,2652000.0,1830000.0,0.69,1830000.0,0.062,Pago superior al mínimo,563000.0,3,15.8,2,Poor
25,Dependiente,Formal,40,1334000.0,0.16,3.3,Dependiente,11,1302000.0,76,2,0,1,1329000.0,298000.0,0.224,298000.0,0.019,Pago total,260000.0,0,0.0,1,Good
44,Dependiente,Formal,63,3654000.0,0.039,5.2,Dependiente,10,3798000.0,206,4,3,1,3636000.0,1747000.0,0.48,28486000.0,0.65,Pago total,1526000.0,1,12.8,2,Standard
43,Dependiente,Formal,43,4499000.0,0.075,3.6,Dependiente,10,4609000.0,181,3,1,1,5474000.0,3994000.0,0.73,15451000.0,0.286,Pago superior al mínimo,1944000.0,0,0.0,0,Poor
34,Independiente,Formal,140,10385000.0,0.494,11.7,Independiente,11,4216000.0,128,5,1,1,10058000.0,3391000.0,0.337,85470000.0,0.686,Pago superior al mínimo,1276000.0,1,4.3,2,Standard
41,Desempleado,No aplica,0,467000.0,0.626,0.0,Sin cotizacion,0,0.0,108,2,1,0,0.0,0.0,0.0,842000.0,0.15,No aplica,0.0,3,23.5,1,Poor
40,Independiente,Informal,20,14284000.0,0.381,1.7,Sin cotizacion,0,0.0,249,2,1,1,27381000.0,15428000.0,0.563,47672000.0,0.278,Pago mínimo,1256000.0,1,5.6,0,Poor
38,Independiente,Formal,41,4559000.0,0.599,3.4,Independiente,10,2039000.0,220,5,0,1,4326000.0,1835000.0,0.424,1835000.0,0.034,Pago mínimo,148000.0,4,33.5,1,Poor
48,Dependiente,Formal,70,4267000.0,0.099,5.8,Dependiente,11,4599000.0,11,2,1,0,0.0,0.0,0.0,5905000.0,0.115,No aplica,0.0,0,0.0,1,Standard
45,Dependiente,Formal,19,3332000.0,0.035,1.6,Dependiente,12,3381000.0,291,2,1,1,2530000.0,691000.0,0.273,14291000.0,0.357,Pago superior al mínimo,314000.0,0,0.0,1,Standard
42,Dependiente,Formal,105,2471000.0,0.187,8.8,Dependiente,12,2413000.0,190,3,1,1,5381000.0,785000.0,0.146,14120000.0,0.476,Pago total,729000.0,0,0.0,0,Standard
26,Independiente,Informal,15,6519000.0,0.305,1.2,Sin cotizacion,0,0.0,65,4,2,0,0.0,0.0,0.0,30420000.0,0.389,No aplica,0.0,0,0.0,2,Poor
43,Cuenta propia,Informal,29,8166000.0,0.695,2.4,Sin cotizacion,0,0.0,117,4,0,1,8536000.0,4903000.0,0.574,4903000.0,0.05,Pago mínimo,662000.0,3,11.7,1,Poor
25,Independiente,Formal,22,1927000.0,0.298,1.8,Independiente,10,809000.0,30,1,1,0,0.0,0.0,0.0,4963000.0,0.215,No aplica,0.0,0,0.0,1,Poor
49,Dependiente,Formal,63,3844000.0,0.2,5.2,Dependiente,10,3718000.0,280,2,1,1,4312000.0,2316000.0,0.537,21174000.0,0.459,Pago superior al mínimo,910000.0,1,12.5,4,Poor
30,Dependiente,Formal,126,2700000.0,0.363,10.5,Dependiente,12,2834000.0,63,4,1,1,1570000.0,630000.0,0.401,4819000.0,0.149,Pago total,619000.0,2,3.1,1,Good
30,Independiente,Informal,5,1777000.0,0.263,0.4,Sin cotizacion,0,0.0,101,1,0,0,0.0,0.0,0.0,0.0,0.0,No aplica,0.0,0,0.0,0,Good
30,Dependiente,Formal,79,5637000.0,0.054,6.6,Dependiente,8,5479000.0,125,4,0,1,3056000.0,863000.0,0.282,863000.0,0.013,Pago superior al mínimo,277000.0,0,0.0,0,Good
35,Cuenta propia,Informal,18,808000.0,0.63,1.5,Sin cotizacion,0,0.0,145,1,0,0,0.0,0.0,0.0,0.0,0.0,No aplica,0.0,0,0.0,0,Poor
55,Desempleado,No aplica,0,1163000.0,0.912,0.0,Sin cotizacion,0,0.0,177,2,1,1,1499000.0,675000.0,0.45,3527000.0,0.253,Pago mínimo,91000.0,2,0.9,0,Poor
28,Independiente,Informal,63,2598000.0,0.284,5.2,Sin cotizacion,0,0.0,62,3,0,1,4337000.0,1800000.0,0.415,1800000.0,0.058,Pago total,1503000.0,0,0.0,0,Good
57,Dependiente,Informal,13,4126000.0,0.129,1.1,Sin cotizacion,0,0.0,384,3,0,0,0.0,0.0,0.0,0.0,0.0,No aplica,0.0,0,0.0,1,Standard
56,Dependiente,Formal,79,3711000.0,0.19,6.6,Dependiente,11,3682000.0,273,1,0,1,8543000.0,6902000.0,0.808,6902000.0,0.155,Pago superior al mínimo,2767000.0,0,0.0,1,Standard
36,Dependiente,Formal,67,2855000.0,0.053,5.6,Dependiente,11,2759000.0,168,1,1,0,0.0,0.0,0.0,2003000.0,0.058,No aplica,0.0,1,4.3,2,Good
43,Dependiente,Formal,110,2061000.0,0.133,9.2,Dependiente,12,2076000.0,215,2,1,0,0.0,0.0,0.0,4501000.0,0.182,No aplica,0.0,1,25.8,1,Good
52,Dependiente,Formal,97,8503000.0,0.316,8.1,Dependiente,12,8577000.0,198,6,0,1,10410000.0,4220000.0,0.405,4220000.0,0.041,Pago total,3683000.0,1,4.0,4,Good
51,Independiente,Formal,58,4346000.0,0.245,4.8,Independiente,11,1868000.0,65,5,3,1,5821000.0,2240000.0,0.385,25061000.0,0.481,Pago superior al mínimo,801000.0,0,0.0,2,Poor
67,Pensionado,No aplica,173,2040000.0,0.272,14.4,Pensionado,12,2047000.0,300,1,0,1,2065000.0,735000.0,0.356,735000.0,0.03,Pago total,696000.0,1,13.0,0,Good
51,Dependiente,Formal,91,8060000.0,0.193,7.6,Dependiente,10,8075000.0,242,6,0,1,14256000.0,2097000.0,0.147,2097000.0,0.022,Pago total,1914000.0,0,0.0,2,Standard
44,Dependiente,Formal,31,3276000.0,0.264,2.6,Dependiente,11,3201000.0,140,2,1,1,4799000.0,1832000.0,0.382,16143000.0,0.411,Pago superior al mínimo,768000.0,2,8.0,1,Good
39,Dependiente,Formal,61,2422000.0,0.128,5.1,Dependiente,9,2394000.0,223,4,0,1,2327000.0,827000.0,0.355,827000.0,0.028,Pago superior al mínimo,174000.0,2,10.9,3,Poor
32,Dependiente,Formal,48,2457000.0,0.053,4.0,Dependiente,12,2320000.0,95,3,1,1,2604000.0,1708000.0,0.656,6106000.0,0.207,Pago mínimo,154000.0,0,0.0,3,Standard
53,Cuenta propia,Informal,11,1268000.0,0.57,0.9,Sin cotizacion,0,0.0,267,3,0,0,0.0,0.0,0.0,0.0,0.0,No aplica,0.0,0,0.0,2,Good
35,Dependiente,Formal,69,2164000.0,0.309,5.8,Dependiente,12,2285000.0,95,2,1,0,0.0,0.0,0.0,3528000.0,0.136,No aplica,0.0,1,17.8,0,Standard
30,Dependiente,Formal,92,2420000.0,0.287,7.7,Dependiente,12,2411000.0,65,3,0,0,0.0,0.0,0.0,0.0,0.0,No aplica,0.0,0,0.0,3,Standard
23,Dependiente,Informal,20,7851000.0,0.288,1.7,Sin cotizacion,0,0.0,33,4,2,1,5511000.0,2322000.0,0.421,91573000.0,0.972,Pago superior al mínimo,1129000.0,2,10.8,0,Poor
41,Cuenta propia,Formal,83,964000.0,0.269,6.9,Independiente,5,449000.0,159,1,1,0,0.0,0.0,0.0,1694000.0,0.146,No aplica,0.0,1,7.9,0,Standard
59,Independiente,Informal,40,960000.0,0.4,3.3,Sin cotizacion,0,0.0,299,3,2,1,959000.0,787000.0,0.821,6615000.0,0.574,Pago mínimo,99000.0,1,16.2,4,Poor
59,Dependiente,Formal,88,4522000.0,0.137,7.3,Dependiente,10,4500000.0,333,3,0,1,6746000.0,5315000.0,0.788,5315000.0,0.098,Pago superior al mínimo,1833000.0,1,0.5,1,Standard
54,Dependiente,Formal,89,3856000.0,0.012,7.4,Dependiente,11,3563000.0,154,4,1,0,0.0,0.0,0.0,19426000.0,0.42,No aplica,0.0,1,9.8,0,Standard
46,Independiente,Formal,113,6644000.0,0.351,9.4,Independiente,5,2538000.0,251,4,2,1,10189000.0,6554000.0,0.643,24752000.0,0.31,Pago superior al mínimo,2704000.0,1,9.7,3,Poor
29,Desempleado,No aplica,0,664000.0,0.375,0.0,Sin cotizacion,0,0.0,91,2,2,0,0.0,0.0,0.0,4658000.0,0.585,No aplica,0.0,0,0.0,1,Good
57,Dependiente,Formal,77,5690000.0,0.058,6.4,Dependiente,10,5689000.0,101,2,1,1,5094000.0,1730000.0,0.34,8756000.0,0.128,Pago superior al mínimo,360000.0,2,11.8,0,Standard
47,Cuenta propia,Informal,51,4972000.0,0.598,4.2,Sin cotizacion,0,0.0,122,3,2,1,3316000.0,1074000.0,0.324,31425000.0,0.527,Pago superior al mínimo,309000.0,2,11.5,2,Poor
22,Desempleado,No aplica,0,371000.0,0.709,0.0,Sin cotizacion,0,0.0,41,2,0,0,0.0,0.0,0.0,0.0,0.0,No aplica,0.0,0,0.0,0,Good
39,Cuenta propia,Informal,5,2718000.0,0.411,0.4,Sin cotizacion,0,0.0,91,3,1,1,3132000.0,1946000.0,0.621,11495000.0,0.352,Pago superior al mínimo,916000.0,1,5.8,0,Poor
31,Independiente,Informal,67,4135000.0,0.089,5.6,Sin cotizacion,0,0.0,57,5,1,0,0.0,0.0,0.0,5785000.0,0.117,No aplica,0.0,1,1.8,1,Standard
65,Pensionado,No aplica,90,3618000.0,0.282,7.5,Pensionado,12,3625000.0,332,2,0,1,13668000.0,2831000.0,0.207,2831000.0,0.065,Pago total,2546000.0,0,0.0,0,Good
30,Dependiente,Formal,144,2884000.0,0.142,12.0,Dependiente,7,2962000.0,54,3,0,0,0.0,0.0,0.0,0.0,0.0,No aplica,0.0,0,0.0,2,Standard
68,Pensionado,No aplica,138,1426000.0,0.205,11.5,Pensionado,12,1433000.0,50,2,1,1,2137000.0,1814000.0,0.849,2467000.0,0.144,Pago superior al mínimo,881000.0,1,6.8,1,Poor
50,Dependiente,Formal,67,7835000.0,0.032,5.6,Dependiente,12,7729000.0,201,5,1,1,5962000.0,1615000.0,0.271,9496000.0,0.101,Pago total,1378000.0,2,7.1,2,Good
36,Independiente,Informal,16,1864000.0,0.151,1.3,Sin cotizacion,0,0.0,117,2,0,1,2074000.0,622000.0,0.3,622000.0,0.028,Pago superior al mínimo,280000.0,0,0.0,0,Poor
43,Dependiente,Formal,113,7565000.0,0.354,9.4,Dependiente,12,7288000.0,178,3,0,1,6715000.0,4611000.0,0.687,4611000.0,0.051,Pago superior al mínimo,949000.0,1,2.5,1,Standard
52,Independiente,Formal,65,5602000.0,0.242,5.4,Independiente,10,2150000.0,269,2,2,1,8449000.0,5297000.0,0.627,30087000.0,0.448,Pago superior al mínimo,1066000.0,1,9.1,3,Standard
45,Cuenta propia,Informal,26,1599000.0,0.511,2.2,Sin cotizacion,0,0.0,113,2,0,1,1168000.0,401000.0,0.343,401000.0,0.021,Pago total,332000.0,0,0.0,1,Poor
49,Dependiente,Formal,83,4763000.0,0.131,6.9,Dependiente,8,4878000.0,258,4,0,1,9112000.0,3628000.0,0.398,3628000.0,0.063,Pago total,3092000.0,1,9.2,0,Standard
33,Cuenta propia,Informal,39,4431000.0,0.363,3.2,Sin cotizacion,0,0.0,138,3,0,1,5753000.0,2273000.0,0.395,2273000.0,0.043,Pago total,1838000.0,0,0.0,2,Good
40,Dependiente,Formal,48,3825000.0,0.075,4.0,Dependiente,10,3956000.0,92,1,0,0,0.0,0.0,0.0,0.0,0.0,No aplica,0.0,0,0.0,0,Good
46,Cuenta propia,Formal,72,1352000.0,0.637,6.0,Independiente,5,504000.0,120,2,0,0,0.0,0.0,0.0,0.0,0.0,No aplica,0.0,0,0.0,0,Standard
22,Independiente,Informal,34,579000.0,0.577,2.8,Sin cotizacion,0,0.0,19,1,0,0,0.0,0.0,0.0,0.0,0.0,No aplica,0.0,0,0.0,1,Standard
31,Dependiente,Formal,28,2763000.0,0.096,2.3,Dependiente,11,2874000.0,103,2,0,0,0.0,0.0,0.0,0.0,0.0,No aplica,0.0,0,0.0,1,Good
32,Cuenta propia,Informal,26,3446000.0,0.57,2.2,Sin cotizacion,0,0.0,51,2,1,1,4395000.0,3312000.0,0.754,6759000.0,0.163,Pago superior al mínimo,872000.0,0,0.0,0,Standard
24,Dependiente,Formal,72,1954000.0,0.163,6.0,Dependiente,12,1998000.0,46,2,1,0,0.0,0.0,0.0,2991000.0,0.128,No aplica,0.0,1,23.4,3,Good
40,Cuenta propia,Informal,44,3438000.0,0.477,3.7,Sin cotizacion,0,0.0,85,1,0,1,2783000.0,625000.0,0.225,625000.0,0.015,Pago superior al mínimo,289000.0,2,3.5,0,Poor
42,Dependiente,Formal,42,3810000.0,0.029,3.5,Dependiente,5,3675000.0,189,2,0,1,3552000.0,2957000.0,0.832,2957000.0,0.065,Pago superior al mínimo,1403000.0,0,0.0,1,Poor
26,Dependiente,Formal,83,4411000.0,0.098,6.9,Dependiente,7,4455000.0,29,2,1,0,0.0,0.0,0.0,12299000.0,0.232,No aplica,0.0,1,15.6,1,Good
27,Dependiente,Formal,96,1114000.0,0.079,8.0,Dependiente,9,1130000.0,90,1,0,1,559000.0,31000.0,0.055,31000.0,0.002,Pago total,26000.0,0,0.0,0,Good
41,Independiente,Informal,81,946000.0,0.184,6.8,Sin cotizacion,0,0.0,133,2,1,0,0.0,0.0,0.0,1572000.0,0.138,No aplica,0.0,0,0.0,1,Standard
50,Dependiente,Formal,78,3240000.0,0.456,6.5,Dependiente,11,3102000.0,106,3,1,1,4175000.0,2859000.0,0.685,9688000.0,0.249,Pago mínimo,233000.0,4,17.9,2,Poor
49,Dependiente,Formal,103,9241000.0,0.06,8.6,Dependiente,12,8739000.0,100,3,2,1,18880000.0,9274000.0,0.491,33266000.0,0.3,Pago total,8550000.0,2,3.1,2,Good
33,Dependiente,Formal,111,2436000.0,0.02,9.2,Dependiente,12,2482000.0,72,1,0,1,2225000.0,1290000.0,0.58,1290000.0,0.044,Pago superior al mínimo,514000.0,0,0.0,0,Good
41,Dependiente,Formal,44,3517000.0,0.188,3.7,Dependiente,11,3453000.0,114,1,1,1,4205000.0,3376000.0,0.803,27277000.0,0.646,Pago irregular,8000.0,0,0.0,1,Standard
23,Desempleado,No aplica,0,436000.0,0.79,0.0,Sin cotizacion,0,0.0,45,1,0,0,0.0,0.0,0.0,0.0,0.0,No aplica,0.0,0,0.0,1,Standard
33,Desempleado,No aplica,0,1449000.0,0.478,0.0,Sin cotizacion,0,0.0,116,1,0,1,1339000.0,52000.0,0.039,52000.0,0.003,Pago total,51000.0,0,0.0,0,Standard
25,Dependiente,Formal,40,5297000.0,0.078,3.3,Dependiente,7,5617000.0,24,5,0,1,4744000.0,2494000.0,0.526,2494000.0,0.039,Pago superior al mínimo,818000.0,1,15.5,1,Poor
35,Independiente,Formal,31,9181000.0,0.372,2.6,Independiente,11,4304000.0,85,2,0,1,7691000.0,5338000.0,0.694,5338000.0,0.048,Pago mínimo,502000.0,2,3.5,1,Standard
29,Dependiente,Formal,85,4096000.0,0.163,7.1,Dependiente,7,4173000.0,63,3,1,1,7595000.0,2062000.0,0.271,7186000.0,0.146,Pago total,1685000.0,0,0.0,2,Standard
48,Independiente,Informal,13,2756000.0,0.366,1.1,Sin cotizacion,0,0.0,228,2,0,0,0.0,0.0,0.0,0.0,0.0,No aplica,0.0,0,0.0,0,Good
40,Cuenta propia,Informal,16,3157000.0,0.223,1.3,Sin cotizacion,0,0.0,127,3,1,0,0.0,0.0,0.0,6118000.0,0.161,No aplica,0.0,2,6.7,0,Standard
31,Cuenta propia,Informal,46,620000.0,0.841,3.8,Sin cotizacion,0,0.0,84,1,0,0,0.0,0.0,0.0,0.0,0.0,No aplica,0.0,0,0.0,1,Standard
45,Dependiente,Formal,55,6326000.0,0.17,4.6,Dependiente,10,6567000.0,114,2,1,1,7832000.0,2875000.0,0.367,20852000.0,0.275,Pago total,2602000.0,0,0.0,2,Poor
44,Cuenta propia,Informal,48,1226000.0,0.217,4.0,Sin cotizacion,0,0.0,68,1,0,0,0.0,0.0,0.0,0.0,0.0,No aplica,0.0,0,0.0,0,Poor
36,Dependiente,Formal,103,3118000.0,0.183,8.6,Dependiente,9,2990000.0,148,3,1,1,2495000.0,892000.0,0.358,4053000.0,0.108,Pago total,818000.0,0,0.0,1,Standard
47,Desempleado,No aplica,0,0.0,0.746,0.0,Sin cotizacion,0,0.0,131,2,1,1,1876000.0,1321000.0,0.704,1321000.0,2.0,Pago superior al mínimo,445000.0,4,20.5,0,Poor
26,Dependiente,Formal,37,5706000.0,0.124,3.1,Dependiente,10,5402000.0,23,3,0,1,4417000.0,2498000.0,0.566,2498000.0,0.036,Pago total,2442000.0,0,0.0,0,Standard
44,Independiente,Formal,61,11701000.0,0.503,5.1,Independiente,8,4614000.0,284,3,2,1,16954000.0,2831000.0,0.167,43689000.0,0.311,Pago superior al mínimo,659000.0,1,2.6,2,Standard
50,Independiente,Informal,55,5485000.0,0.535,4.6,Sin cotizacion,0,0.0,179,3,0,0,0.0,0.0,0.0,0.0,0.0,No aplica,0.0,0,0.0,2,Standard
38,Independiente,Formal,68,2798000.0,0.237,5.7,Independiente,11,975000.0,145,1,0,0,0.0,0.0,0.0,0.0,0.0,No aplica,0.0,0,0.0,0,Standard
25,Dependiente,Formal,84,2467000.0,0.044,7.0,Dependiente,8,2497000.0,18,4,1,1,2944000.0,848000.0,0.288,8998000.0,0.304,Pago total,710000.0,1,3.6,0,Good
31,Cuenta propia,Formal,95,2077000.0,0.438,7.9,Independiente,12,766000.0,78,2,1,1,4167000.0,1126000.0,0.27,5384000.0,0.216,Pago superior al mínimo,352000.0,1,19.6,2,Poor
35,Dependiente,Formal,47,4406000.0,0.053,3.9,Dependiente,12,4440000.0,146,3,1,1,6111000.0,1882000.0,0.308,7906000.0,0.15,Pago total,1735000.0,1,7.9,2,Standard
52,Independiente,Formal,109,9948000.0,0.35,9.1,Independiente,9,3910000.0,362,4,2,1,15470000.0,2171000.0,0.14,50428000.0,0.422,Pago superior al mínimo,710000.0,0,0.0,3,Good
33,Dependiente,Formal,101,2785000.0,0.252,8.4,Dependiente,7,2856000.0,151,3,2,0,0.0,0.0,0.0,23141000.0,0.692,No aplica,0.0,0,0.0,2,Poor
59,Dependiente,Formal,61,1932000.0,0.313,5.1,Dependiente,11,1957000.0,155,3,2,1,2111000.0,926000.0,0.439,7292000.0,0.315,Pago total,898000.0,0,0.0,2,Good
23,Dependiente,Formal,60,3262000.0,0.207,5.0,Dependiente,12,3209000.0,38,2,0,1,5080000.0,1255000.0,0.247,1255000.0,0.032,Pago total,1057000.0,0,0.0,0,Good
54,Dependiente,Formal,101,3248000.0,0.181,8.4,Dependiente,9,3070000.0,245,3,0,1,3658000.0,967000.0,0.264,967000.0,0.025,Pago total,820000.0,0,0.0,0,Good
50,Dependiente,Formal,82,2222000.0,0.186,6.8,Dependiente,12,2236000.0,234,3,2,1,3403000.0,1622000.0,0.477,10872000.0,0.408,Pago total,1587000.0,1,9.2,2,Standard
50,Dependiente,Formal,83,4562000.0,0.105,6.9,Dependiente,11,4244000.0,357,2,0,1,7367000.0,5576000.0,0.757,5576000.0,0.102,Pago superior al mínimo,1898000.0,0,0.0,1,Good
55,Independiente,Informal,40,2506000.0,0.465,3.3,Sin cotizacion,0,0.0,20,1,1,1,7689000.0,5595000.0,0.728,10355000.0,0.344,Pago superior al mínimo,2213000.0,1,4.3,1,Standard
33,Independiente,Informal,48,3171000.0,0.478,4.0,Sin cotizacion,0,0.0,20,4,0,0,0.0,0.0,0.0,0.0,0.0,No aplica,0.0,0,0.0,0,Good
38,Cuenta propia,Informal,37,1117000.0,0.658,3.1,Sin cotizacion,0,0.0,181,1,1,0,0.0,0.0,0.0,2892000.0,0.216,No aplica,0.0,2,11.8,0,Standard
24,Dependiente,Formal,41,3832000.0,0.091,3.4,Dependiente,12,4023000.0,6,2,0,1,1517000.0,212000.0,0.14,212000.0,0.005,Pago total,186000.0,0,0.0,1,Good
38,Dependiente,Formal,62,1996000.0,0.119,5.2,Dependiente,12,2038000.0,110,4,0,1,1816000.0,702000.0,0.387,702000.0,0.029,Pago superior al mínimo,219000.0,1,8.6,0,Good
36,Dependiente,Formal,42,2435000.0,0.139,3.5,Dependiente,8,2517000.0,143,2,1,1,1595000.0,949000.0,0.595,3923000.0,0.134,Pago total,787000.0,0,0.0,0,Standard
45,Dependiente,Formal,90,3475000.0,0.158,7.5,Dependiente,10,3340000.0,204,2,1,0,0.0,0.0,0.0,23350000.0,0.56,No aplica,0.0,0,0.0,0,Good
51,Independiente,Informal,37,10857000.0,0.387,3.1,Sin cotizacion,0,0.0,49,5,1,1,9411000.0,2133000.0,0.227,54892000.0,0.421,Pago superior al mínimo,994000.0,1,5.3,3,Standard
24,Independiente,Informal,58,4086000.0,0.476,4.8,Sin cotizacion,0,0.0,44,3,1,1,5859000.0,1974000.0,0.337,8523000.0,0.174,Pago total,1905000.0,0,0.0,1,Poor
28,Dependiente,Formal,33,5245000.0,0.076,2.8,Dependiente,7,5320000.0,33,3,1,0,0.0,0.0,0.0,41491000.0,0.659,No aplica,0.0,1,6.5,1,Good
41,Dependiente,Formal,116,7046000.0,0.22,9.7,Dependiente,6,6858000.0,117,3,1,1,9342000.0,5250000.0,0.562,8152000.0,0.096,Pago superior al mínimo,1894000.0,0,0.0,2,Poor
30,Dependiente,Formal,15,16727000.0,0.081,1.2,Dependiente,11,16827000.0,90,3,2,1,36509000.0,22141000.0,0.606,139759000.0,0.696,Pago superior al mínimo,4686000.0,0,0.0,2,Standard
43,Cuenta propia,Informal,14,2265000.0,0.57,1.2,Sin cotizacion,0,0.0,48,2,0,0,0.0,0.0,0.0,0.0,0.0,No aplica,0.0,0,0.0,1,Good
28,Desempleado,No aplica,0,1617000.0,0.808,0.0,Sin cotizacion,0,0.0,49,3,0,1,2975000.0,2001000.0,0.673,2001000.0,0.103,Pago mínimo,145000.0,3,19.7,0,Poor
46,Dependiente,Formal,36,7053000.0,0.148,3.0,Dependiente,12,6771000.0,276,5,1,0,0.0,0.0,0.0,150000000.0,1.772,No aplica,0.0,4,13.7,2,Standard
44,Dependiente,Formal,73,2303000.0,0.122,6.1,Dependiente,12,2295000.0,232,2,1,1,3305000.0,2588000.0,0.783,6516000.0,0.236,Pago mínimo,179000.0,2,5.7,2,Good
42,Cuenta propia,Informal,20,2662000.0,0.462,1.7,Sin cotizacion,0,0.0,229,2,0,1,9118000.0,3216000.0,0.353,3216000.0,0.101,Pago superior al mínimo,1161000.0,0,0.0,0,Standard
54,Cuenta propia,Informal,31,1433000.0,0.608,2.6,Sin cotizacion,0,0.0,141,3,0,0,0.0,0.0,0.0,0.0,0.0,No aplica,0.0,0,0.0,0,Good
31,Dependiente,Formal,35,2309000.0,0.068,2.9,Dependiente,9,2182000.0,124,2,2,1,2343000.0,397000.0,0.169,16847000.0,0.608,Pago total,330000.0,0,0.0,3,Standard
46,Dependiente,Formal,74,4134000.0,0.197,6.2,Dependiente,8,4108000.0,121,4,0,0,0.0,0.0,0.0,0.0,0.0,No aplica,0.0,0,0.0,2,Poor
46,Dependiente,Formal,40,4276000.0,0.067,3.3,Dependiente,11,3995000.0,266,4,1,1,8671000.0,2974000.0,0.343,18228000.0,0.355,Pago superior al mínimo,981000.0,3,2.2,1,Poor
54,Independiente,Informal,36,878000.0,0.17,3.0,Sin cotizacion,0,0.0,77,1,0,1,815000.0,383000.0,0.47,383000.0,0.036,Pago superior al mínimo,99000.0,1,7.2,0,Poor
39,Dependiente,Formal,66,4258000.0,0.087,5.5,Dependiente,8,4556000.0,218,2,1,1,2868000.0,1339000.0,0.467,8726000.0,0.171,Pago total,1148000.0,1,11.2,1,Good
39,Dependiente,Formal,31,3258000.0,0.158,2.6,Dependiente,9,3279000.0,142,2,2,0,0.0,0.0,0.0,18827000.0,0.482,No aplica,0.0,2,9.0,1,Standard
54,Independiente,Informal,7,8388000.0,0.111,0.6,Sin cotizacion,0,0.0,315,6,1,1,8675000.0,2432000.0,0.28,53265000.0,0.529,Pago total,2092000.0,0,0.0,1,Standard
18,Dependiente,Formal,0,4809000.0,0.211,0.0,Dependiente,0,0.0,0,0,0,0,0.0,0.0,0.0,0.0,0.0,No aplica,0.0,0,0.0,1,Standard
45,Cuenta propia,Informal,35,1233000.0,0.476,2.9,Sin cotizacion,0,0.0,272,2,1,0,0.0,0.0,0.0,1413000.0,0.095,No aplica,0.0,1,6.1,3,Poor
41,Dependiente,Informal,39,5245000.0,0.088,3.2,Sin cotizacion,0,0.0,114,4,2,1,10066000.0,3253000.0,0.323,32662000.0,0.519,Pago total,2750000.0,1,6.4,1,Standard
36,Dependiente,Formal,24,4498000.0,0.313,2.0,Dependiente,12,4499000.0,155,3,1,1,4519000.0,1940000.0,0.429,18834000.0,0.349,Pago superior al mínimo,541000.0,0,0.0,0,Good
19,Cuenta propia,Informal,12,1435000.0,0.579,1.0,Sin cotizacion,0,0.0,8,2,1,1,1977000.0,310000.0,0.157,2167000.0,0.126,Pago superior al mínimo,76000.0,3,5.6,3,Poor
55,Dependiente,Informal,30,2060000.0,0.169,2.5,Sin cotizacion,0,0.0,145,1,0,1,1935000.0,1577000.0,0.815,1577000.0,0.064,Pago total,1505000.0,1,8.5,1,Poor
49,Desempleado,No aplica,0,0.0,0.436,0.0,Sin cotizacion,0,0.0,42,3,1,0,0.0,0.0,0.0,0.0,0.0,No aplica,0.0,0,0.0,3,Good
34,Dependiente,Informal,34,2406000.0,0.402,2.8,Sin cotizacion,0,0.0,63,3,2,0,0.0,0.0,0.0,13543000.0,0.469,No aplica,0.0,0,0.0,0,Standard
23,Dependiente,Formal,19,1195000.0,0.21,1.6,Dependiente,12,1227000.0,53,1,0,0,0.0,0.0,0.0,0.0,0.0,No aplica,0.0,0,0.0,1,Standard
52,Independiente,Formal,27,3302000.0,0.342,2.2,Independiente,12,1149000.0,276,2,0,0,0.0,0.0,0.0,0.0,0.0,No aplica,0.0,0,0.0,1,Good
34,Dependiente,Formal,86,1583000.0,0.272,7.2,Dependiente,10,1534000.0,108,1,1,0,0.0,0.0,0.0,2040000.0,0.107,No aplica,0.0,0,0.0,2,Good
33,Cuenta propia,Informal,38,5163000.0,0.682,3.2,Sin cotizacion,0,0.0,132,3,0,1,6376000.0,2630000.0,0.412,2630000.0,0.042,Pago superior al mínimo,1293000.0,2,9.3,0,Poor
23,Dependiente,Formal,56,2150000.0,0.115,4.7,Dependiente,11,2196000.0,13,2,1,1,4882000.0,2249000.0,0.461,13657000.0,0.529,Pago superior al mínimo,977000.0,1,1.7,1,Poor
34,Dependiente,Formal,94,7275000.0,0.084,7.8,Dependiente,12,7322000.0,81,4,3,1,7989000.0,2843000.0,0.356,56158000.0,0.643,Pago superior al mínimo,881000.0,1,2.5,1,Standard
35,Dependiente,Formal,56,5770000.0,0.142,4.7,Dependiente,9,5604000.0,61,3,0,1,12983000.0,6493000.0,0.5,6493000.0,0.094,Pago superior al mínimo,2772000.0,2,5.2,1,Poor
45,Dependiente,Formal,61,2898000.0,0.158,5.1,Dependiente,12,2973000.0,217,3,1,1,2059000.0,856000.0,0.416,4607000.0,0.132,Pago superior al mínimo,187000.0,0,0.0,0,Good
24,Cuenta propia,Informal,59,841000.0,0.524,4.9,Sin cotizacion,0,0.0,50,1,0,0,0.0,0.0,0.0,0.0,0.0,No aplica,0.0,0,0.0,1,Standard
27,Cuenta propia,Informal,9,1614000.0,0.714,0.8,Sin cotizacion,0,0.0,64,3,1,0,0.0,0.0,0.0,1577000.0,0.081,No aplica,0.0,4,34.3,1,Poor
27,Dependiente,Formal,60,3045000.0,0.279,5.0,Dependiente,5,3082000.0,72,3,1,0,0.0,0.0,0.0,5230000.0,0.143,No aplica,0.0,2,19.1,0,Standard
24,Dependiente,Formal,72,3597000.0,0.268,6.0,Dependiente,12,3670000.0,37,2,1,0,0.0,0.0,0.0,6022000.0,0.14,No aplica,0.0,0,0.0,1,Standard
28,Cuenta propia,Informal,80,1086000.0,0.29,6.7,Sin cotizacion,0,0.0,102,1,0,0,0.0,0.0,0.0,0.0,0.0,No aplica,0.0,0,0.0,0,Standard
36,Cuenta propia,Informal,20,3450000.0,0.42,1.7,Sin cotizacion,0,0.0,98,2,1,1,1415000.0,859000.0,0.607,10024000.0,0.242,Pago superior al mínimo,263000.0,2,5.8,2,Poor
42,Dependiente,Formal,92,4239000.0,0.156,7.7,Dependiente,12,4305000.0,203,4,1,1,3159000.0,2403000.0,0.761,6413000.0,0.126,Pago superior al mínimo,767000.0,1,7.4,0,Poor
49,Dependiente,Formal,112,3423000.0,0.046,9.3,Dependiente,9,3330000.0,160,4,1,0,0.0,0.0,0.0,4635000.0,0.113,No aplica,0.0,0,0.0,3,Poor
23,Dependiente,Formal,60,2207000.0,0.034,5.0,Dependiente,12,2200000.0,38,1,1,1,3294000.0,2268000.0,0.689,14376000.0,0.543,Pago superior al mínimo,462000.0,2,2.1,0,Poor
30,Cuenta propia,Informal,57,1682000.0,0.717,4.8,Sin cotizacion,0,0.0,91,2,2,0,0.0,0.0,0.0,2525000.0,0.125,No aplica,0.0,3,27.7,1,Poor
52,Dependiente,Formal,29,2763000.0,0.09,2.4,Dependiente,9,2558000.0,287,3,1,1,3205000.0,2614000.0,0.816,6431000.0,0.194,Pago mínimo,379000.0,4,26.8,2,Poor
27,Dependiente,Formal,77,3277000.0,0.469,6.4,Dependiente,11,3210000.0,75,1,0,0,0.0,0.0,0.0,0.0,0.0,No aplica,0.0,0,0.0,2,Good
24,Independiente,Formal,58,3596000.0,0.178,4.8,Independiente,11,1403000.0,64,1,0,0,0.0,0.0,0.0,0.0,0.0,No aplica,0.0,0,0.0,0,Standard
26,Dependiente,Formal,81,3548000.0,0.123,6.8,Dependiente,11,3637000.0,73,1,0,0,0.0,0.0,0.0,0.0,0.0,No aplica,0.0,0,0.0,0,Standard
39,Dependiente,Formal,97,8077000.0,0.16,8.1,Dependiente,12,8242000.0,171,3,1,1,8138000.0,3441000.0,0.423,10931000.0,0.113,Pago total,3072000.0,0,0.0,6,Good
48,Dependiente,Formal,54,3759000.0,0.301,4.5,Dependiente,8,3646000.0,174,2,1,1,2293000.0,1236000.0,0.539,10065000.0,0.223,Pago mínimo,184000.0,1,6.0,0,Good
43,Dependiente,Formal,45,5972000.0,0.055,3.8,Dependiente,10,5787000.0,212,3,0,1,4379000.0,837000.0,0.191,837000.0,0.012,Pago total,716000.0,0,0.0,1,Standard
28,Dependiente,Formal,39,3582000.0,0.221,3.2,Dependiente,12,3769000.0,70,3,0,0,0.0,0.0,0.0,0.0,0.0,No aplica,0.0,0,0.0,1,Poor
52,Dependiente,Formal,45,3584000.0,0.023,3.8,Dependiente,11,3542000.0,130,3,0,0,0.0,0.0,0.0,0.0,0.0,No aplica,0.0,0,0.0,1,Standard
34,Dependiente,Formal,84,3277000.0,0.236,7.0,Dependiente,12,3292000.0,115,2,1,1,2934000.0,1055000.0,0.36,11683000.0,0.297,Pago total,1051000.0,0,0.0,1,Good
38,Independiente,Formal,34,3840000.0,0.405,2.8,Independiente,9,1657000.0,216,1,1,1,5296000.0,2918000.0,0.551,82355000.0,1.787,Pago mínimo,325000.0,1,5.2,0,Poor
38,Cuenta propia,Informal,47,2542000.0,0.289,3.9,Sin cotizacion,0,0.0,160,1,0,1,4742000.0,1596000.0,0.337,1596000.0,0.052,Pago total,1410000.0,0,0.0,0,Standard
47,Independiente,Formal,132,2341000.0,0.487,11.0,Independiente,11,929000.0,317,3,1,1,2194000.0,666000.0,0.304,9649000.0,0.343,Pago mínimo,89000.0,6,120.0,0,Poor
23,Dependiente,Formal,60,1572000.0,0.158,5.0,Dependiente,12,1562000.0,19,3,1,1,1419000.0,478000.0,0.337,1929000.0,0.102,Pago total,434000.0,2,3.4,2,Standard
27,Dependiente,Formal,105,4285000.0,0.023,8.8,Dependiente,12,4231000.0,32,2,1,1,3576000.0,2235000.0,0.625,14761000.0,0.287,Pago superior al mínimo,1001000.0,1,10.5,1,Poor
35,Dependiente,Formal,61,5237000.0,0.114,5.1,Dependiente,12,5130000.0,151,2,1,0,0.0,0.0,0.0,9901000.0,0.158,No aplica,0.0,2,4.6,0,Standard
36,Dependiente,Formal,94,4943000.0,0.199,7.8,Dependiente,9,4971000.0,10,4,0,1,10619000.0,4533000.0,0.427,4533000.0,0.076,Pago total,4085000.0,2,2.2,0,Standard
40,Dependiente,Formal,21,3952000.0,0.217,1.8,Dependiente,10,3664000.0,216,3,1,1,4559000.0,1866000.0,0.409,7770000.0,0.164,Pago superior al mínimo,608000.0,2,6.1,1,Standard
56,Cuenta propia,Informal,18,3952000.0,0.8,1.5,Sin cotizacion,0,0.0,206,2,1,1,5667000.0,2069000.0,0.365,10094000.0,0.213,Pago superior al mínimo,791000.0,2,6.2,0,Standard
46,Dependiente,Formal,102,5396000.0,0.181,8.5,Dependiente,8,5318000.0,135,3,2,1,5901000.0,2398000.0,0.406,41008000.0,0.633,Pago total,2281000.0,3,10.3,1,Standard
31,Dependiente,Formal,147,4766000.0,0.116,12.2,Dependiente,8,4869000.0,86,4,0,1,3043000.0,141000.0,0.046,141000.0,0.002,Pago total,114000.0,0,0.0,2,Standard
47,Dependiente,Formal,92,2684000.0,0.224,7.7,Dependiente,10,2729000.0,279,2,2,1,2961000.0,1738000.0,0.587,20216000.0,0.628,Pago mínimo,157000.0,1,4.5,1,Poor
67,Pensionado,No aplica,128,1526000.0,0.053,10.7,Pensionado,12,1591000.0,430,2,1,1,2647000.0,1749000.0,0.661,3019000.0,0.165,Pago superior al mínimo,438000.0,2,4.0,0,Standard
21,Dependiente,Formal,36,2489000.0,0.035,3.0,Dependiente,12,2572000.0,24,1,0,1,2774000.0,608000.0,0.219,608000.0,0.02,Pago superior al mínimo,295000.0,0,0.0,2,Good
40,Independiente,Formal,57,4028000.0,0.35,4.8,Independiente,10,1677000.0,176,4,1,1,4521000.0,1093000.0,0.242,9382000.0,0.194,Pago superior al mínimo,537000.0,0,0.0,1,Standard
47,Dependiente,Formal,76,3544000.0,0.047,6.3,Dependiente,12,3548000.0,311,4,0,1,2341000.0,472000.0,0.202,472000.0,0.011,Pago total,463000.0,0,0.0,2,Standard
35,Cuenta propia,Informal,47,544000.0,0.185,3.9,Sin cotizacion,0,0.0,94,1,1,1,1406000.0,1178000.0,0.838,1748000.0,0.268,Pago superior al mínimo,417000.0,1,2.3,1,Poor
53,Cuenta propia,Informal,46,7709000.0,0.2,3.8,Sin cotizacion,0,0.0,354,5,1,1,9826000.0,627000.0,0.064,17759000.0,0.192,Pago total,596000.0,0,0.0,0,Good
37,Dependiente,Formal,133,3158000.0,0.032,11.1,Dependiente,12,3100000.0,66,3,2,1,6818000.0,2028000.0,0.297,11519000.0,0.304,Pago total,1996000.0,0,0.0,3,Good
43,Dependiente,Formal,87,4107000.0,0.076,7.2,Dependiente,7,4190000.0,258,3,2,0,0.0,0.0,0.0,27992000.0,0.568,No aplica,0.0,2,14.5,2,Good
37,Dependiente,Formal,37,6254000.0,0.189,3.1,Dependiente,8,6335000.0,159,4,1,1,6530000.0,2702000.0,0.414,13168000.0,0.175,Pago superior al mínimo,1247000.0,2,12.2,0,Standard
38,Dependiente,Formal,110,1257000.0,0.072,9.2,Dependiente,9,1238000.0,226,1,0,0,0.0,0.0,0.0,0.0,0.0,No aplica,0.0,0,0.0,1,Standard
48,Independiente,Informal,51,2003000.0,0.294,4.2,Sin cotizacion,0,0.0,148,1,0,1,3463000.0,604000.0,0.174,604000.0,0.025,Pago superior al mínimo,218000.0,1,0.3,0,Standard
48,Cuenta propia,Formal,23,1762000.0,0.337,1.9,Independiente,10,644000.0,16,1,1,1,2495000.0,555000.0,0.222,2791000.0,0.132,Pago superior al mínimo,136000.0,1,26.0,1,Standard
42,Independiente,Formal,56,3342000.0,0.225,4.7,Independiente,4,1330000.0,170,1,1,1,5709000.0,1818000.0,0.318,8769000.0,0.219,Pago superior al mínimo,860000.0,2,7.6,1,Poor
24,Cuenta propia,Informal,20,1578000.0,0.628,1.7,Sin cotizacion,0,0.0,29,3,1,0,0.0,0.0,0.0,3116000.0,0.165,No aplica,0.0,0,0.0,0,Standard
20,Dependiente,Informal,13,4437000.0,0.261,1.1,Sin cotizacion,0,0.0,4,5,1,1,17491000.0,14332000.0,0.819,22338000.0,0.42,Pago superior al mínimo,6395000.0,0,0.0,1,Good
47,Dependiente,Formal,71,5351000.0,0.034,5.9,Dependiente,12,5598000.0,188,3,1,1,7368000.0,345000.0,0.047,8353000.0,0.13,Pago total,304000.0,1,3.4,0,Good
51,Independiente,Formal,73,8220000.0,0.511,6.1,Independiente,4,3324000.0,314,4,3,1,9595000.0,1876000.0,0.196,11831000.0,0.12,Pago total,1675000.0,0,0.0,4,Standard
19,Dependiente,Formal,12,2950000.0,0.109,1.0,Dependiente,8,2953000.0,3,3,2,1,5100000.0,4213000.0,0.826,45960000.0,1.298,Pago mínimo,627000.0,2,0.7,5,Poor
34,Independiente,Formal,109,1539000.0,0.238,9.1,Independiente,8,642000.0,163,3,0,1,1388000.0,1079000.0,0.777,1079000.0,0.058,Pago mínimo,119000.0,3,29.2,0,Poor
46,Dependiente,Formal,43,1535000.0,0.03,3.6,Dependiente,11,1565000.0,245,2,2,0,0.0,0.0,0.0,2565000.0,0.139,No aplica,0.0,1,8.6,1,Good
20,Dependiente,Formal,24,1470000.0,0.057,2.0,Dependiente,12,1485000.0,14,1,1,0,0.0,0.0,0.0,3439000.0,0.195,No aplica,0.0,1,3.2,1,Standard
29,Desempleado,No aplica,0,721000.0,0.565,0.0,Sin cotizacion,0,0.0,99,1,0,0,0.0,0.0,0.0,0.0,0.0,No aplica,0.0,0,0.0,1,Standard
61,Dependiente,Formal,58,1902000.0,0.47,4.8,Dependiente,12,1899000.0,354,3,1,0,0.0,0.0,0.0,4861000.0,0.213,No aplica,0.0,0,0.0,0,Good
20,Desempleado,No aplica,0,1499000.0,0.82,0.0,Sin cotizacion,0,0.0,21,2,2,1,1353000.0,563000.0,0.416,25265000.0,1.405,Pago mínimo,38000.0,2,6.7,0,Poor
38,Desempleado,No aplica,0,901000.0,0.457,0.0,Sin cotizacion,0,0.0,72,1,1,0,0.0,0.0,0.0,8104000.0,0.75,No aplica,0.0,2,5.5,0,Poor
39,Cuenta propia,Informal,45,2480000.0,0.516,3.8,Sin cotizacion,0,0.0,203,2,1,1,3209000.0,669000.0,0.208,7133000.0,0.24,Pago superior al mínimo,167000.0,1,6.3,1,Standard
41,Independiente,Formal,113,3571000.0,0.246,9.4,Independiente,12,1356000.0,163,1,0,1,4704000.0,1504000.0,0.32,1504000.0,0.035,Pago total,1223000.0,0,0.0,0,Good
29,Independiente,Formal,37,576000.0,0.36,3.1,Independiente,5,300000.0,66,2,0,1,1810000.0,465000.0,0.257,465000.0,0.067,Pago total,427000.0,0,0.0,3,Standard
23,Cuenta propia,Informal,39,811000.0,0.69,3.2,Sin cotizacion,0,0.0,29,2,0,1,631000.0,163000.0,0.258,163000.0,0.017,Pago total,131000.0,0,0.0,0,Good
24,Dependiente,Formal,72,2899000.0,0.18,6.0,Dependiente,11,2849000.0,54,3,2,0,0.0,0.0,0.0,5957000.0,0.171,No aplica,0.0,1,20.8,2,Standard
44,Dependiente,Formal,109,4002000.0,0.224,9.1,Dependiente,10,4254000.0,26,4,0,1,5349000.0,1119000.0,0.209,1119000.0,0.023,Pago superior al mínimo,498000.0,1,22.6,1,Poor
51,Independiente,Formal,54,5512000.0,0.229,4.5,Independiente,5,2239000.0,100,3,1,1,7707000.0,5089000.0,0.66,10868000.0,0.164,Pago mínimo,416000.0,2,2.8,0,Good
52,Dependiente,Formal,61,5637000.0,0.209,5.1,Dependiente,11,5649000.0,253,3,1,1,4499000.0,1067000.0,0.237,8592000.0,0.127,Pago superior al mínimo,323000.0,0,0.0,0,Good
52,Dependiente,Formal,53,2654000.0,0.108,4.4,Dependiente,10,2735000.0,172,3,0,1,4352000.0,2093000.0,0.481,2093000.0,0.066,Pago superior al mínimo,896000.0,1,0.1,0,Good
33,Dependiente,Formal,58,3482000.0,0.103,4.8,Dependiente,10,3391000.0,106,3,0,1,6129000.0,2962000.0,0.483,2962000.0,0.071,Pago superior al mínimo,686000.0,0,0.0,1,Standard
36,Independiente,Formal,47,2829000.0,0.289,3.9,Independiente,4,1197000.0,125,1,0,0,0.0,0.0,0.0,0.0,0.0,No aplica,0.0,0,0.0,1,Good
34,Cuenta propia,Formal,68,1038000.0,0.313,5.7,Independiente,12,420000.0,104,3,2,0,0.0,0.0,0.0,4075000.0,0.327,No aplica,0.0,1,7.2,4,Good
26,Dependiente,Formal,16,2130000.0,0.12,1.3,Dependiente,12,2165000.0,26,2,0,0,0.0,0.0,0.0,0.0,0.0,No aplica,0.0,0,0.0,0,Good
51,Cuenta propia,Informal,16,3373000.0,0.508,1.3,Sin cotizacion,0,0.0,229,2,1,1,4778000.0,1728000.0,0.362,6715000.0,0.166,Pago total,1565000.0,1,9.7,0,Standard
35,Independiente,Formal,50,730000.0,0.221,4.2,Independiente,7,300000.0,184,1,0,0,0.0,0.0,0.0,0.0,0.0,No aplica,0.0,0,0.0,2,Good
33,Cuenta propia,Formal,72,540000.0,0.494,6.0,Independiente,12,300000.0,112,3,1,0,0.0,0.0,0.0,575000.0,0.089,No aplica,0.0,2,15.9,2,Standard
31,Independiente,Formal,94,28960000.0,0.466,7.8,Independiente,12,9461000.0,133,3,0,1,40000000.0,33848000.0,0.846,33848000.0,0.097,Pago mínimo,2945000.0,1,8.8,1,Poor
35,Cuenta propia,Informal,66,1271000.0,0.562,5.5,Sin cotizacion,0,0.0,90,3,0,0,0.0,0.0,0.0,0.0,0.0,No aplica,0.0,0,0.0,1,Good
36,Dependiente,Informal,25,5424000.0,0.177,2.1,Sin cotizacion,0,0.0,78,4,2,1,3499000.0,1929000.0,0.551,24917000.0,0.383,Pago mínimo,116000.0,1,2.8,1,Standard
31,Cuenta propia,Informal,56,1850000.0,0.664,4.7,Sin cotizacion,0,0.0,78,1,1,0,0.0,0.0,0.0,2140000.0,0.096,No aplica,0.0,0,0.0,1,Good
46,Dependiente,Formal,60,3040000.0,0.325,5.0,Dependiente,12,2984000.0,184,2,0,1,6088000.0,3024000.0,0.497,3024000.0,0.083,Pago superior al mínimo,875000.0,0,0.0,1,Poor
34,Cuenta propia,Informal,83,3171000.0,0.43,6.9,Sin cotizacion,0,0.0,90,3,1,1,2719000.0,390000.0,0.143,15974000.0,0.42,Pago superior al mínimo,152000.0,1,2.2,0,Standard
31,Desempleado,No aplica,0,0.0,0.959,0.0,Sin cotizacion,0,0.0,61,2,1,0,0.0,0.0,0.0,0.0,0.0,No aplica,0.0,2,0.9,2,Standard
47,Dependiente,Informal,28,1095000.0,0.112,2.3,Sin cotizacion,0,0.0,206,1,0,0,0.0,0.0,0.0,0.0,0.0,No aplica,0.0,0,0.0,0,Good
30,Dependiente,Formal,113,2806000.0,0.34,9.4,Dependiente,11,2749000.0,117,2,1,1,1681000.0,945000.0,0.562,4542000.0,0.135,Pago superior al mínimo,377000.0,0,0.0,3,Good
51,Independiente,Formal,50,3214000.0,0.489,4.2,Independiente,8,1200000.0,359,2,1,1,4400000.0,2451000.0,0.557,9366000.0,0.243,Pago superior al mínimo,583000.0,0,0.0,2,Good
38,Dependiente,Formal,46,2534000.0,0.105,3.8,Dependiente,10,2522000.0,42,1,0,0,0.0,0.0,0.0,0.0,0.0,No aplica,0.0,0,0.0,0,Poor
45,Cuenta propia,Informal,16,1282000.0,0.338,1.3,Sin cotizacion,0,0.0,244,1,0,1,618000.0,238000.0,0.385,238000.0,0.015,Pago superior al mínimo,115000.0,1,11.4,0,Good
24,Dependiente,Formal,40,1364000.0,0.171,3.3,Dependiente,10,1368000.0,28,2,1,1,1814000.0,518000.0,0.286,1685000.0,0.103,Pago superior al mínimo,132000.0,0,0.0,1,Poor
23,Dependiente,Formal,60,1712000.0,0.032,5.0,Dependiente,12,1746000.0,17,2,0,0,0.0,0.0,0.0,0.0,0.0,No aplica,0.0,0,0.0,1,Poor
25,Desempleado,No aplica,0,0.0,0.92,0.0,Sin cotizacion,0,0.0,11,1,0,0,0.0,0.0,0.0,0.0,0.0,No aplica,0.0,0,0.0,0,Standard
30,Independiente,Formal,92,6449000.0,0.291,7.7,Independiente,11,2726000.0,106,3,0,1,10741000.0,4453000.0,0.415,4453000.0,0.058,Pago superior al mínimo,1777000.0,2,2.0,0,Poor
41,Cuenta propia,Formal,32,4337000.0,0.307,2.7,Independiente,7,1848000.0,154,5,2,0,0.0,0.0,0.0,13628000.0,0.262,No aplica,0.0,1,3.0,1,Poor
49,Dependiente,Formal,50,3400000.0,0.332,4.2,Dependiente,11,3494000.0,251,2,1,1,2265000.0,780000.0,0.344,3339000.0,0.082,Pago total,675000.0,1,11.3,1,Standard
37,Independiente,Informal,10,3948000.0,0.315,0.8,Sin cotizacion,0,0.0,145,3,0,0,0.0,0.0,0.0,0.0,0.0,No aplica,0.0,0,0.0,0,Poor
61,Independiente,Formal,125,4405000.0,0.573,10.4,Independiente,10,1811000.0,128,3,1,1,3729000.0,2123000.0,0.569,10598000.0,0.2,Pago superior al mínimo,872000.0,2,17.2,1,Poor
42,Independiente,Informal,27,723000.0,0.135,2.2,Sin cotizacion,0,0.0,93,1,0,1,1109000.0,267000.0,0.241,267000.0,0.031,Pago total,257000.0,0,0.0,0,Standard
49,Independiente,Formal,82,4494000.0,0.204,6.8,Independiente,11,1808000.0,187,4,3,1,3905000.0,1249000.0,0.32,16989000.0,0.315,Pago superior al mínimo,280000.0,1,4.7,5,Standard
33,Independiente,Informal,44,3969000.0,0.37,3.7,Sin cotizacion,0,0.0,115,3,1,1,2907000.0,1268000.0,0.436,7023000.0,0.147,Pago total,1217000.0,1,2.3,2,Good
37,Dependiente,Formal,39,2324000.0,0.206,3.2,Dependiente,7,2410000.0,89,2,1,1,2525000.0,431000.0,0.171,5519000.0,0.198,Pago total,355000.0,0,0.0,1,Standard
44,Dependiente,Formal,39,10910000.0,0.073,3.2,Dependiente,11,11213000.0,280,5,1,1,22262000.0,9793000.0,0.44,26605000.0,0.203,Pago superior al mínimo,3483000.0,0,0.0,0,Poor
32,Independiente,Informal,14,4582000.0,0.146,1.2,Sin cotizacion,0,0.0,118,2,2,1,11320000.0,5365000.0,0.474,34891000.0,0.635,Pago superior al mínimo,1617000.0,0,0.0,1,Good
28,Dependiente,Formal,79,4674000.0,0.407,6.6,Dependiente,9,4397000.0,46,2,2,1,3841000.0,1796000.0,0.468,11625000.0,0.207,Pago total,1547000.0,2,7.4,0,Standard
36,Independiente,Formal,27,7136000.0,0.1,2.2,Independiente,5,2805000.0,98,4,1,1,14246000.0,3749000.0,0.263,14247000.0,0.166,Pago total,3113000.0,0,0.0,2,Poor
28,Dependiente,Formal,120,1130000.0,0.205,10.0,Dependiente,12,1048000.0,77,3,0,1,2335000.0,595000.0,0.255,595000.0,0.044,Pago total,557000.0,0,0.0,0,Poor
37,Independiente,Informal,12,4466000.0,0.138,1.0,Sin cotizacion,0,0.0,100,3,1,1,13331000.0,8200000.0,0.615,15432000.0,0.288,Pago superior al mínimo,2385000.0,0,0.0,0,Poor
39,Independiente,Formal,31,17703000.0,0.585,2.6,Independiente,8,5790000.0,209,4,0,0,0.0,0.0,0.0,0.0,0.0,No aplica,0.0,0,0.0,2,Good
39,Dependiente,Formal,102,5134000.0,0.223,8.5,Dependiente,12,5029000.0,36,4,1,1,5890000.0,2007000.0,0.341,19366000.0,0.314,Pago mínimo,202000.0,4,17.5,4,Poor
54,Dependiente,Formal,126,3545000.0,0.127,10.5,Dependiente,8,3527000.0,139,3,2,1,7220000.0,830000.0,0.115,28992000.0,0.682,Pago total,667000.0,0,0.0,0,Good
31,Dependiente,Formal,146,2024000.0,0.119,12.2,Dependiente,12,1990000.0,41,2,1,1,2875000.0,2411000.0,0.839,4562000.0,0.188,Pago superior al mínimo,919000.0,0,0.0,0,Poor
46,Independiente,Formal,104,1968000.0,0.66,8.7,Independiente,11,647000.0,104,3,0,1,1855000.0,379000.0,0.204,379000.0,0.016,Pago superior al mínimo,153000.0,0,0.0,1,Good
30,Cuenta propia,Informal,3,753000.0,0.682,0.2,Sin cotizacion,0,0.0,48,2,1,0,0.0,0.0,0.0,1159000.0,0.128,No aplica,0.0,3,10.9,1,Standard
23,Dependiente,Formal,60,2539000.0,0.094,5.0,Dependiente,9,2618000.0,35,1,1,1,4051000.0,1337000.0,0.33,2781000.0,0.091,Pago total,1086000.0,1,3.9,0,Standard
31,Independiente,Formal,43,1846000.0,0.724,3.6,Independiente,11,686000.0,71,3,0,1,1030000.0,591000.0,0.574,591000.0,0.027,Pago superior al mínimo,213000.0,1,6.6,1,Standard
41,Dependiente,Formal,85,3478000.0,0.081,7.1,Dependiente,8,3546000.0,199,2,2,0,0.0,0.0,0.0,13904000.0,0.333,No aplica,0.0,0,0.0,0,Good
52,Dependiente,Formal,37,4374000.0,0.019,3.1,Dependiente,11,4255000.0,245,3,0,1,8948000.0,2083000.0,0.233,2083000.0,0.04,Pago total,1964000.0,1,7.4,2,Standard
50,Cuenta propia,Informal,28,693000.0,0.443,2.3,Sin cotizacion,0,0.0,289,1,0,0,0.0,0.0,0.0,0.0,0.0,No aplica,0.0,0,0.0,0,Poor
39,Dependiente,Formal,109,2585000.0,0.032,9.1,Dependiente,6,2534000.0,208,3,1,0,0.0,0.0,0.0,5324000.0,0.172,No aplica,0.0,0,0.0,1,Good
39,Dependiente,Formal,51,2811000.0,0.197,4.2,Dependiente,10,2860000.0,149,1,0,0,0.0,0.0,0.0,0.0,0.0,No aplica,0.0,0,0.0,0,Standard
38,Dependiente,Informal,36,1769000.0,0.436,3.0,Sin cotizacion,0,0.0,61,3,1,1,4632000.0,2794000.0,0.603,11678000.0,0.55,Pago superior al mínimo,677000.0,1,8.5,2,Poor
29,Dependiente,Formal,67,3294000.0,0.082,5.6,Dependiente,12,3248000.0,78,1,0,1,5511000.0,4606000.0,0.836,4606000.0,0.117,Pago mínimo,250000.0,2,3.4,1,Poor
37,Dependiente,Formal,51,3778000.0,0.056,4.2,Dependiente,7,3804000.0,66,3,1,1,4160000.0,2495000.0,0.6,9240000.0,0.204,Pago superior al mínimo,644000.0,2,2.5,4,Poor
37,Dependiente,Formal,105,2951000.0,0.12,8.8,Dependiente,11,2984000.0,176,3,0,1,3297000.0,1284000.0,0.389,1284000.0,0.036,Pago superior al mínimo,392000.0,0,0.0,1,Standard
49,Independiente,Informal,28,1775000.0,0.26,2.3,Sin cotizacion,0,0.0,127,4,1,1,4223000.0,846000.0,0.2,4127000.0,0.194,Pago superior al mínimo,277000.0,0,0.0,2,Standard
57,Independiente,Informal,32,2895000.0,0.463,2.7,Sin cotizacion,0,0.0,325,2,2,1,2049000.0,1278000.0,0.624,9943000.0,0.286,Pago superior al mínimo,284000.0,1,25.7,2,Poor
34,Dependiente,Formal,68,6618000.0,0.189,5.7,Dependiente,6,6240000.0,41,2,0,1,13505000.0,5450000.0,0.404,5450000.0,0.069,Pago total,5427000.0,0,0.0,1,Standard
43,Dependiente,Formal,85,1974000.0,0.009,7.1,Dependiente,11,2012000.0,236,3,0,1,5273000.0,1197000.0,0.227,1197000.0,0.051,Pago total,1123000.0,0,0.0,0,Good
25,Dependiente,Formal,36,5185000.0,0.097,3.0,Dependiente,9,4991000.0,59,3,1,1,8300000.0,1669000.0,0.201,16292000.0,0.262,Pago total,1380000.0,1,1.9,1,Good
23,Independiente,Formal,60,1162000.0,0.157,5.0,Independiente,7,413000.0,15,1,0,1,2059000.0,109000.0,0.053,109000.0,0.008,Pago total,105000.0,0,0.0,0,Good
21,Desempleado,No aplica,0,0.0,0.464,0.0,Sin cotizacion,0,0.0,10,2,0,1,500000.0,327000.0,0.654,327000.0,2.0,Pago mínimo,27000.0,4,46.8,3,Poor
43,Dependiente,Formal,27,4472000.0,0.305,2.2,Dependiente,10,4342000.0,164,2,1,1,8904000.0,4988000.0,0.56,15559000.0,0.29,Pago superior al mínimo,1559000.0,1,4.9,0,Standard
43,Cuenta propia,Formal,27,1128000.0,0.627,2.2,Independiente,6,488000.0,240,1,0,0,0.0,0.0,0.0,0.0,0.0,No aplica,0.0,0,0.0,0,Standard
32,Independiente,Formal,96,4897000.0,0.332,8.0,Independiente,12,1645000.0,97,4,2,1,7181000.0,2044000.0,0.285,27950000.0,0.476,Pago total,1665000.0,0,0.0,1,Standard
31,Independiente,Formal,100,7245000.0,0.482,8.3,Independiente,12,3087000.0,136,2,1,1,10341000.0,8720000.0,0.843,67004000.0,0.771,Pago mínimo,805000.0,2,9.5,1,Poor
43,Dependiente,Formal,37,4437000.0,0.137,3.1,Dependiente,12,4497000.0,140,5,3,1,5736000.0,2502000.0,0.436,12619000.0,0.237,Pago total,2041000.0,0,0.0,0,Standard
41,Dependiente,Formal,174,3363000.0,0.128,14.5,Dependiente,7,3373000.0,242,2,1,0,0.0,0.0,0.0,1136000.0,0.028,No aplica,0.0,0,0.0,0,Standard
57,Dependiente,Formal,97,3004000.0,0.071,8.1,Dependiente,9,3034000.0,289,2,1,0,0.0,0.0,0.0,9547000.0,0.265,No aplica,0.0,0,0.0,1,Good
48,Independiente,Formal,38,9095000.0,0.316,3.2,Independiente,10,3532000.0,241,3,1,1,20277000.0,7646000.0,0.377,25294000.0,0.232,Pago superior al mínimo,3090000.0,0,0.0,1,Poor
21,Dependiente,Formal,29,7528000.0,0.061,2.4,Dependiente,12,7733000.0,5,4,2,1,18300000.0,13510000.0,0.738,34252000.0,0.379,Pago superior al mínimo,4094000.0,1,3.5,3,Poor
22,Desempleado,No aplica,0,0.0,0.769,0.0,Sin cotizacion,0,0.0,9,1,1,0,0.0,0.0,0.0,0.0,0.0,No aplica,0.0,1,4.0,1,Good
50,Dependiente,Informal,25,4037000.0,0.399,2.1,Sin cotizacion,0,0.0,165,5,2,0,0.0,0.0,0.0,18037000.0,0.372,No aplica,0.0,2,2.9,2,Good
38,Dependiente,Formal,157,3764000.0,0.047,13.1,Dependiente,11,3700000.0,69,3,0,1,5818000.0,1043000.0,0.179,1043000.0,0.023,Pago total,896000.0,0,0.0,1,Poor
40,Independiente,Formal,93,5621000.0,0.306,7.8,Independiente,8,1883000.0,130,4,1,1,3832000.0,623000.0,0.163,9254000.0,0.137,Pago total,579000.0,0,0.0,1,Poor
23,Dependiente,Formal,48,2374000.0,0.038,4.0,Dependiente,12,2367000.0,35,1,1,1,3718000.0,616000.0,0.166,9101000.0,0.319,Pago total,578000.0,0,0.0,1,Good
51,Dependiente,Formal,46,2442000.0,0.125,3.8,Dependiente,8,2520000.0,313,3,1,1,3150000.0,538000.0,0.171,8499000.0,0.29,Pago superior al mínimo,211000.0,0,0.0,3,Standard
36,Independiente,Formal,35,10120000.0,0.317,2.9,Independiente,12,4247000.0,134,4,3,1,20753000.0,7416000.0,0.357,100131000.0,0.825,Pago superior al mínimo,3238000.0,1,3.4,0,Poor
45,Cuenta propia,Formal,65,3182000.0,0.446,5.4,Independiente,12,1504000.0,208,2,2,1,4209000.0,729000.0,0.173,6296000.0,0.165,Pago superior al mínimo,285000.0,1,9.0,1,Standard
39,Cuenta propia,Informal,23,1501000.0,0.64,1.9,Sin cotizacion,0,0.0,187,3,1,1,2281000.0,1322000.0,0.58,3081000.0,0.171,Pago superior al mínimo,639000.0,0,0.0,3,Poor
31,Independiente,Formal,38,1262000.0,0.563,3.2,Independiente,12,492000.0,88,3,0,1,916000.0,498000.0,0.544,498000.0,0.033,Pago superior al mínimo,184000.0,4,48.2,1,Poor
30,Independiente,Informal,25,6097000.0,0.545,2.1,Sin cotizacion,0,0.0,39,2,0,1,6300000.0,4490000.0,0.713,4490000.0,0.061,Pago mínimo,622000.0,2,2.9,0,Poor
48,Cuenta propia,Formal,41,5597000.0,0.893,3.4,Independiente,5,2203000.0,101,4,1,1,4298000.0,2127000.0,0.495,15680000.0,0.233,Pago superior al mínimo,1039000.0,2,17.2,0,Good
49,Dependiente,Formal,58,3618000.0,0.299,4.8,Dependiente,11,3584000.0,296,4,1,0,0.0,0.0,0.0,9836000.0,0.227,No aplica,0.0,1,0.9,1,Good
31,Dependiente,Formal,115,2484000.0,0.255,9.6,Dependiente,11,2407000.0,93,2,0,0,0.0,0.0,0.0,0.0,0.0,No aplica,0.0,0,0.0,0,Good
31,Dependiente,Formal,141,2976000.0,0.277,11.8,Dependiente,8,2920000.0,119,2,0,1,2888000.0,1343000.0,0.465,1343000.0,0.038,Pago superior al mínimo,335000.0,1,10.3,1,Good
48,Dependiente,Formal,156,3629000.0,0.206,13.0,Dependiente,11,3478000.0,265,3,1,0,0.0,0.0,0.0,18081000.0,0.415,No aplica,0.0,0,0.0,0,Good
39,Independiente,Formal,126,6649000.0,0.243,10.5,Independiente,10,2128000.0,102,5,2,0,0.0,0.0,0.0,18298000.0,0.229,No aplica,0.0,1,9.4,1,Good
26,Independiente,Formal,74,1664000.0,0.585,6.2,Independiente,8,627000.0,20,4,1,0,0.0,0.0,0.0,3322000.0,0.166,No aplica,0.0,3,5.5,2,Poor
44,Independiente,Formal,139,2903000.0,0.406,11.6,Independiente,7,1164000.0,201,1,0,0,0.0,0.0,0.0,0.0,0.0,No aplica,0.0,0,0.0,1,Standard
29,Dependiente,Formal,108,3009000.0,0.081,9.0,Dependiente,6,3085000.0,93,3,1,1,4233000.0,2669000.0,0.631,15553000.0,0.431,Pago superior al mínimo,1076000.0,0,0.0,3,Standard
19,Desempleado,No aplica,0,1037000.0,0.784,0.0,Sin cotizacion,0,0.0,7,2,1,0,0.0,0.0,0.0,1895000.0,0.152,No aplica,0.0,0,0.0,0,Standard
40,Dependiente,Formal,43,3185000.0,0.273,3.6,Dependiente,12,3112000.0,129,2,1,1,5764000.0,590000.0,0.102,7684000.0,0.201,Pago total,549000.0,0,0.0,1,Good
29,Independiente,Informal,30,5901000.0,0.612,2.5,Sin cotizacion,0,0.0,49,4,1,1,6097000.0,4478000.0,0.734,15946000.0,0.225,Pago superior al mínimo,2064000.0,1,3.9,2,Poor
41,Independiente,Formal,33,1896000.0,0.429,2.8,Independiente,11,716000.0,183,3,1,0,0.0,0.0,0.0,5492000.0,0.241,No aplica,0.0,2,9.8,1,Standard
35,Dependiente,Informal,39,5389000.0,0.204,3.2,Sin cotizacion,0,0.0,165,3,2,1,9014000.0,3436000.0,0.381,33369000.0,0.516,Pago superior al mínimo,1035000.0,1,14.9,0,Good
40,Dependiente,Formal,42,2280000.0,0.205,3.5,Dependiente,12,2374000.0,153,2,0,1,2803000.0,1628000.0,0.581,1628000.0,0.06,Pago superior al mínimo,518000.0,2,3.2,0,Standard
38,Dependiente,Formal,144,5291000.0,0.329,12.0,Dependiente,5,5009000.0,144,3,1,1,5090000.0,2799000.0,0.55,6523000.0,0.103,Pago superior al mínimo,599000.0,1,7.3,1,Good
37,Cuenta propia,Informal,10,1593000.0,0.443,0.8,Sin cotizacion,0,0.0,188,2,1,0,0.0,0.0,0.0,4849000.0,0.254,No aplica,0.0,2,6.9,1,Poor
31,Cuenta propia,Formal,40,869000.0,0.7,3.3,Independiente,10,342000.0,85,2,1,1,1425000.0,745000.0,0.523,5915000.0,0.567,Pago superior al mínimo,320000.0,2,19.3,0,Poor
34,Independiente,Informal,32,1755000.0,0.298,2.7,Sin cotizacion,0,0.0,39,3,0,0,0.0,0.0,0.0,0.0,0.0,No aplica,0.0,0,0.0,0,Standard
34,Dependiente,Formal,103,4419000.0,0.255,8.6,Dependiente,8,4588000.0,115,3,2,0,0.0,0.0,0.0,7176000.0,0.135,No aplica,0.0,0,0.0,1,Standard
25,Dependiente,Formal,63,3106000.0,0.095,5.2,Dependiente,11,3018000.0,45,3,0,0,0.0,0.0,0.0,0.0,0.0,No aplica,0.0,0,0.0,2,Standard
42,Independiente,Informal,70,6414000.0,0.185,5.8,Sin cotizacion,0,0.0,171,3,1,1,5946000.0,3685000.0,0.62,19685000.0,0.256,Pago total,3144000.0,0,0.0,1,Good
29,Cuenta propia,Informal,16,5169000.0,0.364,1.3,Sin cotizacion,0,0.0,60,2,2,1,9281000.0,1723000.0,0.186,31822000.0,0.513,Pago superior al mínimo,825000.0,2,19.9,0,Standard
23,Dependiente,Formal,48,1785000.0,0.068,4.0,Dependiente,11,1676000.0,12,1,0,0,0.0,0.0,0.0,0.0,0.0,No aplica,0.0,0,0.0,1,Good
53,Dependiente,Formal,59,2267000.0,0.107,4.9,Dependiente,12,2422000.0,340,2,1,1,1997000.0,974000.0,0.488,2896000.0,0.106,Pago total,908000.0,1,13.4,1,Standard
26,Independiente,Formal,62,1493000.0,0.341,5.2,Independiente,7,645000.0,77,2,0,0,0.0,0.0,0.0,0.0,0.0,No aplica,0.0,0,0.0,2,Standard
43,Dependiente,Formal,74,2535000.0,0.079,6.2,Dependiente,5,2619000.0,214,1,1,1,9855000.0,2494000.0,0.253,5583000.0,0.184,Pago superior al mínimo,748000.0,0,0.0,1,Standard
19,Dependiente,Formal,12,4747000.0,0.256,1.0,Dependiente,12,4730000.0,1,4,2,1,13015000.0,9077000.0,0.697,21269000.0,0.373,Pago mínimo,1197000.0,1,8.9,5,Poor
40,Dependiente,Formal,28,4743000.0,0.087,2.3,Dependiente,12,4865000.0,143,3,1,1,3782000.0,2520000.0,0.666,13445000.0,0.236,Pago superior al mínimo,1122000.0,0,0.0,1,Standard
31,Dependiente,Formal,58,2617000.0,0.21,4.8,Dependiente,10,2356000.0,73,4,1,0,0.0,0.0,0.0,2156000.0,0.069,No aplica,0.0,1,15.1,0,Good
42,Cuenta propia,Informal,8,2161000.0,0.656,0.7,Sin cotizacion,0,0.0,162,1,0,0,0.0,0.0,0.0,0.0,0.0,No aplica,0.0,0,0.0,0,Standard
45,Desempleado,No aplica,0,1948000.0,0.376,0.0,Sin cotizacion,0,0.0,107,3,1,1,2238000.0,565000.0,0.252,3059000.0,0.131,Pago total,470000.0,2,4.5,2,Good
53,Independiente,Formal,31,4680000.0,0.359,2.6,Independiente,4,1790000.0,200,3,1,1,4642000.0,2423000.0,0.522,14278000.0,0.254,Pago superior al mínimo,878000.0,3,25.6,1,Standard
21,Cuenta propia,Informal,31,6634000.0,0.493,2.6,Sin cotizacion,0,0.0,15,3,1,1,6754000.0,2335000.0,0.346,25559000.0,0.321,Pago total,1873000.0,0,0.0,1,Poor
51,Dependiente,Formal,100,4539000.0,0.229,8.3,Dependiente,11,4711000.0,187,2,0,1,8427000.0,6530000.0,0.775,6530000.0,0.12,Pago superior al mínimo,1980000.0,1,12.1,0,Standard
30,Dependiente,Formal,94,2026000.0,0.154,7.8,Dependiente,11,1913000.0,120,1,1,0,0.0,0.0,0.0,4134000.0,0.17,No aplica,0.0,1,10.3,0,Standard
30,Dependiente,Formal,25,3856000.0,0.111,2.1,Dependiente,12,3805000.0,84,1,1,0,0.0,0.0,0.0,3894000.0,0.084,No aplica,0.0,3,14.6,0,Good
38,Independiente,Formal,111,6309000.0,0.331,9.2,Independiente,11,2604000.0,98,2,0,1,10146000.0,4268000.0,0.421,4268000.0,0.056,Pago superior al mínimo,1743000.0,0,0.0,0,Good
43,Dependiente,Formal,112,3258000.0,0.01,9.3,Dependiente,6,3156000.0,196,1,0,1,3157000.0,1758000.0,0.557,1758000.0,0.045,Pago superior al mínimo,526000.0,0,0.0,1,Good
62,Independiente,Formal,59,7395000.0,0.595,4.9,Independiente,11,2960000.0,319,4,0,0,0.0,0.0,0.0,0.0,0.0,No aplica,0.0,0,0.0,1,Good
29,Dependiente,Formal,66,4491000.0,0.086,5.5,Dependiente,8,4560000.0,43,3,0,0,0.0,0.0,0.0,0.0,0.0,No aplica,0.0,0,0.0,0,Good
42,Dependiente,Informal,61,2000000.0,0.174,5.1,Sin cotizacion,0,0.0,78,2,1,1,2054000.0,594000.0,0.289,3943000.0,0.164,Pago total,491000.0,0,0.0,3,Good
50,Dependiente,Formal,143,8021000.0,0.382,11.9,Dependiente,7,8118000.0,264,3,0,1,14141000.0,11261000.0,0.796,11261000.0,0.117,Pago superior al mínimo,4203000.0,0,0.0,2,Standard
54,Dependiente,Formal,99,2804000.0,0.192,8.2,Dependiente,10,2759000.0,144,2,1,0,0.0,0.0,0.0,6397000.0,0.19,No aplica,0.0,1,7.2,1,Good
43,Desempleado,No aplica,0,0.0,0.853,0.0,Sin cotizacion,0,0.0,70,1,1,0,0.0,0.0,0.0,0.0,0.0,No aplica,0.0,1,13.6,1,Poor
29,Dependiente,Formal,41,3747000.0,0.082,3.4,Dependiente,7,3623000.0,64,4,1,1,3077000.0,582000.0,0.189,10459000.0,0.233,Pago superior al mínimo,284000.0,1,16.0,1,Good
66,Desempleado,No aplica,0,0.0,0.789,0.0,Sin cotizacion,0,0.0,69,1,0,0,0.0,0.0,0.0,0.0,0.0,No aplica,0.0,0,0.0,0,Good
28,Cuenta propia,Informal,37,5676000.0,0.528,3.1,Sin cotizacion,0,0.0,6,2,1,0,0.0,0.0,0.0,44051000.0,0.647,No aplica,0.0,2,14.0,0,Standard
50,Desempleado,No aplica,0,1285000.0,0.619,0.0,Sin cotizacion,0,0.0,276,1,0,0,0.0,0.0,0.0,0.0,0.0,No aplica,0.0,0,0.0,0,Good
28,Independiente,Formal,78,14329000.0,0.16,6.5,Independiente,11,5959000.0,36,4,3,1,21631000.0,5093000.0,0.235,150000000.0,0.872,Pago superior al mínimo,1650000.0,1,8.8,2,Standard
32,Cuenta propia,Formal,85,3224000.0,0.338,7.1,Independiente,9,1333000.0,78,2,1,1,2932000.0,1809000.0,0.617,16013000.0,0.414,Pago superior al mínimo,860000.0,0,0.0,2,Poor
35,Dependiente,Formal,32,2453000.0,0.242,2.7,Dependiente,11,2481000.0,57,3,2,0,0.0,0.0,0.0,6425000.0,0.218,No aplica,0.0,1,7.0,0,Standard
29,Dependiente,Formal,66,2008000.0,0.188,5.5,Dependiente,11,2017000.0,58,2,2,1,3500000.0,2320000.0,0.663,15492000.0,0.643,Pago superior al mínimo,1094000.0,1,6.2,3,Poor
34,Dependiente,Formal,43,2252000.0,0.251,3.6,Dependiente,12,2283000.0,118,2,1,1,2344000.0,1573000.0,0.671,6635000.0,0.246,Pago superior al mínimo,630000.0,2,15.6,1,Poor
40,Independiente,Formal,84,14981000.0,0.17,7.0,Independiente,12,6518000.0,157,5,0,1,19477000.0,10512000.0,0.54,10512000.0,0.058,Pago total,8558000.0,0,0.0,0,Good
30,Independiente,Informal,12,1906000.0,0.177,1.0,Sin cotizacion,0,0.0,59,1,1,1,2036000.0,1291000.0,0.634,20021000.0,0.875,Pago superior al mínimo,511000.0,0,0.0,0,Poor
23,Dependiente,Formal,60,2256000.0,0.125,5.0,Dependiente,12,2284000.0,24,1,1,1,5063000.0,1874000.0,0.37,5474000.0,0.202,Pago total,1721000.0,1,7.5,1,Good
44,Dependiente,Formal,45,3574000.0,0.134,3.8,Dependiente,10,3588000.0,113,3,2,1,6701000.0,4382000.0,0.654,49868000.0,1.163,Pago superior al mínimo,1641000.0,2,3.0,5,Poor
40,Independiente,Formal,78,3316000.0,0.244,6.5,Independiente,5,1257000.0,151,2,2,0,0.0,0.0,0.0,40509000.0,1.018,No aplica,0.0,0,0.0,2,Standard
25,Dependiente,Formal,84,6309000.0,0.165,7.0,Dependiente,11,6659000.0,35,4,1,0,0.0,0.0,0.0,8690000.0,0.115,No aplica,0.0,1,29.7,2,Standard
56,Independiente,Formal,40,2281000.0,0.358,3.3,Independiente,9,810000.0,213,3,0,1,3320000.0,2826000.0,0.851,2826000.0,0.103,Pago total,2452000.0,0,0.0,1,Poor
30,Independiente,Formal,52,7871000.0,0.602,4.3,Independiente,6,3085000.0,92,5,2,0,0.0,0.0,0.0,38544000.0,0.408,No aplica,0.0,0,0.0,1,Good
37,Independiente,Informal,23,2884000.0,0.105,1.9,Sin cotizacion,0,0.0,141,2,1,0,0.0,0.0,0.0,2274000.0,0.066,No aplica,0.0,0,0.0,2,Good
43,Independiente,Formal,91,9204000.0,0.206,7.6,Independiente,4,3494000.0,189,5,2,1,17138000.0,4644000.0,0.271,124247000.0,1.125,Pago superior al mínimo,1974000.0,2,7.2,4,Poor
42,Cuenta propia,Formal,98,6595000.0,0.488,8.2,Independiente,9,2156000.0,153,3,0,1,10217000.0,3463000.0,0.339,3463000.0,0.044,Pago superior al mínimo,1610000.0,0,0.0,2,Good
41,Dependiente,Formal,38,3869000.0,0.048,3.2,Dependiente,11,3924000.0,128,1,0,0,0.0,0.0,0.0,0.0,0.0,No aplica,0.0,0,0.0,2,Good
74,Pensionado,No aplica,113,2170000.0,0.153,9.4,Pensionado,12,2157000.0,414,4,3,1,2108000.0,1239000.0,0.588,4463000.0,0.171,Pago mínimo,146000.0,1,9.2,2,Good
33,Independiente,Formal,28,3946000.0,0.275,2.3,Independiente,10,1583000.0,64,3,0,1,3368000.0,1951000.0,0.579,1951000.0,0.041,Pago superior al mínimo,477000.0,1,3.3,0,Standard
51,Dependiente,Formal,113,3823000.0,0.037,9.4,Dependiente,12,3796000.0,181,3,0,1,5119000.0,2952000.0,0.577,2952000.0,0.064,Pago total,2825000.0,2,5.4,1,Poor
45,Dependiente,Formal,98,1839000.0,0.251,8.2,Dependiente,10,1894000.0,117,2,1,1,2638000.0,1155000.0,0.438,2445000.0,0.111,Pago superior al mínimo,285000.0,1,1.8,0,Poor
42,Dependiente,Formal,68,7565000.0,0.051,5.7,Dependiente,9,7832000.0,117,5,0,1,8829000.0,6056000.0,0.686,6056000.0,0.067,Pago mínimo,787000.0,1,14.6,3,Standard
41,Dependiente,Formal,126,4160000.0,0.08,10.5,Dependiente,11,3977000.0,95,3,0,1,3179000.0,2145000.0,0.675,2145000.0,0.043,Pago total,1977000.0,0,0.0,2,Good
35,Independiente,Formal,50,1814000.0,0.249,4.2,Independiente,12,854000.0,172,3,1,1,2611000.0,1597000.0,0.612,4878000.0,0.224,Pago superior al mínimo,484000.0,0,0.0,0,Good
19,Desempleado,No aplica,0,300000.0,0.806,0.0,Sin cotizacion,0,0.0,5,1,0,0,0.0,0.0,0.0,0.0,0.0,No aplica,0.0,0,0.0,0,Good
43,Dependiente,Formal,58,5363000.0,0.111,4.8,Dependiente,6,5311000.0,140,3,1,1,8381000.0,2146000.0,0.256,7965000.0,0.124,Pago superior al mínimo,794000.0,1,2.2,2,Good
39,Dependiente,Formal,94,3342000.0,0.395,7.8,Dependiente,11,3421000.0,129,2,0,1,8027000.0,1020000.0,0.127,1020000.0,0.025,Pago superior al mínimo,456000.0,0,0.0,0,Poor
53,Desempleado,No aplica,0,640000.0,0.812,0.0,Sin cotizacion,0,0.0,281,2,2,1,765000.0,198000.0,0.259,1536000.0,0.2,Pago superior al mínimo,70000.0,1,3.7,2,Standard
42,Dependiente,Formal,37,3066000.0,0.42,3.1,Dependiente,9,3088000.0,259,3,1,0,0.0,0.0,0.0,4913000.0,0.134,No aplica,0.0,2,7.7,2,Standard
32,Dependiente,Informal,20,3027000.0,0.463,1.7,Sin cotizacion,0,0.0,95,2,2,1,2247000.0,1245000.0,0.554,23806000.0,0.655,Pago mínimo,122000.0,4,21.9,0,Poor
33,Independiente,Formal,77,2703000.0,0.459,6.4,Independiente,5,1093000.0,56,3,0,1,3635000.0,1831000.0,0.504,1831000.0,0.056,Pago superior al mínimo,483000.0,1,10.8,2,Good
43,Dependiente,Formal,81,4860000.0,0.115,6.8,Dependiente,10,4968000.0,244,5,0,1,6695000.0,1469000.0,0.219,1469000.0,0.025,Pago total,1283000.0,0,0.0,2,Standard
24,Dependiente,Formal,72,3213000.0,0.015,6.0,Dependiente,11,3382000.0,62,3,1,1,3145000.0,1855000.0,0.59,14145000.0,0.367,Pago superior al mínimo,660000.0,2,6.8,1,Poor
38,Dependiente,Informal,14,2358000.0,0.551,1.2,Sin cotizacion,0,0.0,157,3,0,1,2402000.0,570000.0,0.237,570000.0,0.02,Pago total,469000.0,0,0.0,0,Good
42,Dependiente,Formal,108,1854000.0,0.106,9.0,Dependiente,11,1912000.0,180,3,2,0,0.0,0.0,0.0,9994000.0,0.449,No aplica,0.0,0,0.0,2,Standard
36,Independiente,Informal,65,1408000.0,0.676,5.4,Sin cotizacion,0,0.0,169,2,0,0,0.0,0.0,0.0,0.0,0.0,No aplica,0.0,0,0.0,1,Good
42,Dependiente,Formal,63,4934000.0,0.088,5.2,Dependiente,5,4886000.0,108,4,0,0,0.0,0.0,0.0,0.0,0.0,No aplica,0.0,0,0.0,1,Good
38,Dependiente,Formal,64,2656000.0,0.094,5.3,Dependiente,11,2647000.0,66,3,1,1,5158000.0,1789000.0,0.347,9134000.0,0.287,Pago superior al mínimo,740000.0,2,16.3,2,Poor
70,Pensionado,No aplica,294,4300000.0,0.06,24.5,Pensionado,12,4227000.0,364,3,1,1,4917000.0,2068000.0,0.421,10888000.0,0.211,Pago total,2025000.0,0,0.0,2,Poor
46,Cuenta propia,Informal,7,11711000.0,0.374,0.6,Sin cotizacion,0,0.0,95,4,0,1,14188000.0,7919000.0,0.558,7919000.0,0.056,Pago superior al mínimo,3461000.0,2,7.9,2,Good
35,Dependiente,Formal,63,4697000.0,0.246,5.2,Dependiente,9,4831000.0,49,2,1,1,3767000.0,2146000.0,0.57,20577000.0,0.365,Pago superior al mínimo,742000.0,0,0.0,0,Poor
45,Dependiente,Formal,35,7588000.0,0.268,2.9,Dependiente,10,7767000.0,235,5,1,0,0.0,0.0,0.0,16450000.0,0.181,No aplica,0.0,2,3.4,1,Good
36,Independiente,Informal,64,4471000.0,0.458,5.3,Sin cotizacion,0,0.0,90,2,1,1,6068000.0,2747000.0,0.453,8116000.0,0.151,Pago superior al mínimo,556000.0,2,8.4,0,Poor
42,Dependiente,Formal,92,2958000.0,0.227,7.7,Dependiente,9,2918000.0,229,2,0,1,2765000.0,2422000.0,0.876,2422000.0,0.068,Pago mínimo,232000.0,0,0.0,0,Poor
53,Dependiente,Formal,91,4366000.0,0.113,7.6,Dependiente,12,4598000.0,49,3,1,0,0.0,0.0,0.0,7314000.0,0.14,No aplica,0.0,0,0.0,4,Standard
49,Independiente,Formal,86,16322000.0,0.168,7.2,Independiente,3,7230000.0,241,3,0,1,14893000.0,10835000.0,0.728,10835000.0,0.055,Pago total,8936000.0,1,6.1,0,Good
34,Cuenta propia,Informal,70,1388000.0,0.491,5.8,Sin cotizacion,0,0.0,161,3,1,0,0.0,0.0,0.0,3247000.0,0.195,No aplica,0.0,2,3.3,1,Good
26,Cuenta propia,Informal,27,882000.0,0.574,2.2,Sin cotizacion,0,0.0,82,3,2,1,605000.0,328000.0,0.542,6487000.0,0.613,Pago irregular,19000.0,0,0.0,1,Poor
24,Independiente,Formal,72,1628000.0,0.346,6.0,Independiente,8,770000.0,32,3,0,1,2623000.0,379000.0,0.144,379000.0,0.019,Pago superior al mínimo,90000.0,0,0.0,2,Standard
29,Independiente,Informal,50,2046000.0,0.631,4.2,Sin cotizacion,0,0.0,124,2,0,0,0.0,0.0,0.0,0.0,0.0,No aplica,0.0,0,0.0,1,Poor
45,Dependiente,Formal,63,2468000.0,0.098,5.2,Dependiente,10,2390000.0,174,1,1,1,2377000.0,847000.0,0.356,6959000.0,0.235,Pago total,698000.0,0,0.0,2,Poor
24,Independiente,Formal,72,10099000.0,0.351,6.0,Independiente,10,3999000.0,50,3,1,1,8800000.0,2350000.0,0.267,11447000.0,0.094,Pago total,2121000.0,1,18.2,2,Standard
30,Dependiente,Formal,53,3644000.0,0.056,4.4,Dependiente,12,3615000.0,80,3,1,0,0.0,0.0,0.0,12618000.0,0.289,No aplica,0.0,2,2.4,2,Poor
33,Dependiente,Formal,84,5296000.0,0.165,7.0,Dependiente,12,5826000.0,83,3,1,1,6086000.0,2117000.0,0.348,10459000.0,0.165,Pago total,1796000.0,0,0.0,1,Standard
52,Independiente,Informal,33,2350000.0,0.449,2.8,Sin cotizacion,0,0.0,368,3,0,0,0.0,0.0,0.0,0.0,0.0,No aplica,0.0,0,0.0,1,Good
46,Independiente,Informal,37,1226000.0,0.515,3.1,Sin cotizacion,0,0.0,228,2,1,1,2173000.0,569000.0,0.262,4017000.0,0.273,Pago total,483000.0,0,0.0,0,Good
49,Dependiente,Formal,96,2213000.0,0.087,8.0,Dependiente,12,2214000.0,195,2,0,1,3443000.0,2117000.0,0.615,2117000.0,0.08,Pago superior al mínimo,1033000.0,2,4.6,1,Poor
45,Cuenta propia,Informal,71,1188000.0,0.199,5.9,Sin cotizacion,0,0.0,306,2,0,0,0.0,0.0,0.0,0.0,0.0,No aplica,0.0,0,0.0,1,Standard
35,Dependiente,Formal,77,4088000.0,0.07,6.4,Dependiente,8,4295000.0,26,3,1,1,5609000.0,2965000.0,0.529,5903000.0,0.12,Pago total,2546000.0,2,24.4,1,Good
45,Dependiente,Formal,48,4898000.0,0.135,4.0,Dependiente,12,5101000.0,231,3,1,0,0.0,0.0,0.0,14266000.0,0.243,No aplica,0.0,2,5.1,0,Standard
25,Dependiente,Formal,84,4088000.0,0.107,7.0,Dependiente,10,4074000.0,52,4,2,1,8199000.0,1836000.0,0.224,32556000.0,0.664,Pago superior al mínimo,874000.0,1,7.3,3,Good
18,Desempleado,No aplica,0,1233000.0,0.649,0.0,Sin cotizacion,0,0.0,0,1,0,0,0.0,0.0,0.0,0.0,0.0,No aplica,0.0,0,0.0,1,Standard
45,Independiente,Informal,4,1142000.0,0.283,0.3,Sin cotizacion,0,0.0,242,3,0,0,0.0,0.0,0.0,0.0,0.0,No aplica,0.0,0,0.0,1,Good
38,Dependiente,Formal,7,3053000.0,0.09,0.6,Dependiente,2,3060000.0,210,1,1,1,5895000.0,3608000.0,0.612,7987000.0,0.218,Pago total,3054000.0,2,5.8,2,Poor
37,Independiente,Informal,64,1931000.0,0.325,5.3,Sin cotizacion,0,0.0,171,2,1,1,2653000.0,1024000.0,0.386,6042000.0,0.261,Pago total,1003000.0,2,2.3,1,Standard
64,Cuenta propia,Informal,11,2688000.0,0.315,0.9,Sin cotizacion,0,0.0,397,3,1,1,4156000.0,1104000.0,0.266,7222000.0,0.224,Pago total,928000.0,0,0.0,0,Standard
35,Independiente,Formal,41,6976000.0,0.512,3.4,Independiente,10,2936000.0,118,3,2,1,12229000.0,5470000.0,0.447,23092000.0,0.276,Pago mínimo,369000.0,4,29.0,0,Good
37,Dependiente,Informal,21,2487000.0,0.329,1.8,Sin cotizacion,0,0.0,131,2,0,0,0.0,0.0,0.0,0.0,0.0,No aplica,0.0,0,0.0,1,Good
46,Dependiente,Formal,102,3918000.0,0.263,8.5,Dependiente,11,4115000.0,191,3,1,1,6550000.0,3570000.0,0.545,18130000.0,0.386,Pago superior al mínimo,1011000.0,1,4.2,1,Standard
46,Cuenta propia,Informal,8,475000.0,0.297,0.7,Sin cotizacion,0,0.0,47,2,1,0,0.0,0.0,0.0,828000.0,0.145,No aplica,0.0,0,0.0,0,Standard
27,Dependiente,Formal,33,5792000.0,0.093,2.8,Dependiente,7,5752000.0,37,4,1,1,10532000.0,9001000.0,0.855,17987000.0,0.259,Pago mínimo,830000.0,1,11.7,3,Standard
56,Dependiente,Informal,65,2489000.0,0.219,5.4,Sin cotizacion,0,0.0,212,3,1,1,2342000.0,1356000.0,0.579,8705000.0,0.291,Pago mínimo,96000.0,2,3.0,0,Standard
41,Independiente,Formal,60,4870000.0,0.263,5.0,Independiente,12,1849000.0,107,3,1,1,5374000.0,2826000.0,0.526,13946000.0,0.239,Pago superior al mínimo,1088000.0,0,0.0,0,Standard
49,Desempleado,No aplica,0,0.0,0.666,0.0,Sin cotizacion,0,0.0,156,2,1,0,0.0,0.0,0.0,0.0,0.0,No aplica,0.0,0,0.0,2,Standard
26,Dependiente,Formal,76,2240000.0,0.232,6.3,Dependiente,11,2324000.0,59,1,0,0,0.0,0.0,0.0,0.0,0.0,No aplica,0.0,0,0.0,0,Standard
30,Dependiente,Formal,144,3704000.0,0.126,12.0,Dependiente,10,3534000.0,121,4,1,1,6053000.0,3515000.0,0.581,11715000.0,0.264,Pago superior al mínimo,1197000.0,2,0.2,1,Standard
36,Dependiente,Formal,61,2117000.0,0.153,5.1,Dependiente,10,2138000.0,74,4,1,1,3111000.0,1652000.0,0.531,7202000.0,0.283,Pago superior al mínimo,597000.0,1,4.8,2,Poor
45,Dependiente,Formal,59,1656000.0,0.184,4.9,Dependiente,8,1726000.0,189,3,0,0,0.0,0.0,0.0,0.0,0.0,No aplica,0.0,0,0.0,0,Good
41,Dependiente,Formal,77,4111000.0,0.338,6.4,Dependiente,12,4182000.0,195,4,1,1,9658000.0,3008000.0,0.311,10881000.0,0.221,Pago total,2806000.0,1,21.2,2,Standard
51,Independiente,Formal,106,4471000.0,0.387,8.8,Independiente,11,1687000.0,148,3,0,1,11589000.0,8721000.0,0.753,8721000.0,0.163,Pago mínimo,839000.0,3,11.9,0,Standard
59,Pensionado,No aplica,176,1933000.0,0.133,14.7,Pensionado,12,1875000.0,135,1,1,0,0.0,0.0,0.0,2515000.0,0.108,No aplica,0.0,0,0.0,0,Good
46,Dependiente,Formal,105,2198000.0,0.159,8.8,Dependiente,11,2302000.0,302,1,1,1,4168000.0,659000.0,0.158,3423000.0,0.13,Pago superior al mínimo,150000.0,2,7.8,2,Standard
20,Dependiente,Formal,24,3333000.0,0.024,2.0,Dependiente,11,3310000.0,8,2,1,0,0.0,0.0,0.0,4320000.0,0.108,No aplica,0.0,0,0.0,1,Standard
57,Independiente,Informal,2,1399000.0,0.158,0.2,Sin cotizacion,0,0.0,211,1,1,1,711000.0,232000.0,0.326,2237000.0,0.133,Pago superior al mínimo,71000.0,2,7.1,0,Standard
41,Dependiente,Formal,35,3498000.0,0.127,2.9,Dependiente,12,3372000.0,62,2,0,1,6491000.0,6028000.0,0.929,6028000.0,0.144,Pago superior al mínimo,2142000.0,1,3.6,0,Poor
73,Pensionado,No aplica,156,5532000.0,0.097,13.0,Pensionado,12,5721000.0,430,3,1,0,0.0,0.0,0.0,81681000.0,1.23,No aplica,0.0,1,1.1,2,Poor
32,Dependiente,Formal,21,4534000.0,0.089,1.8,Dependiente,11,4679000.0,103,3,0,1,5680000.0,2402000.0,0.423,2402000.0,0.044,Pago total,2008000.0,1,5.3,0,Standard
44,Dependiente,Formal,83,2073000.0,0.062,6.9,Dependiente,7,1986000.0,109,1,0,1,1802000.0,111000.0,0.062,111000.0,0.004,Pago superior al mínimo,39000.0,0,0.0,0,Poor
36,Independiente,Formal,45,1706000.0,0.32,3.8,Independiente,11,819000.0,111,2,0,1,1723000.0,350000.0,0.203,350000.0,0.017,Pago total,289000.0,0,0.0,0,Good
30,Dependiente,Formal,44,3540000.0,0.012,3.7,Dependiente,11,3463000.0,46,3,1,0,0.0,0.0,0.0,10117000.0,0.238,No aplica,0.0,0,0.0,0,Standard
39,Independiente,Formal,52,1649000.0,0.209,4.3,Independiente,12,711000.0,154,2,1,1,1249000.0,883000.0,0.707,2959000.0,0.15,Pago mínimo,75000.0,0,0.0,1,Good
24,Dependiente,Formal,26,1250000.0,0.196,2.2,Dependiente,12,1349000.0,41,1,1,0,0.0,0.0,0.0,4845000.0,0.323,No aplica,0.0,3,11.3,1,Standard
46,Cuenta propia,Informal,43,3289000.0,0.267,3.6,Sin cotizacion,0,0.0,262,3,1,0,0.0,0.0,0.0,22326000.0,0.566,No aplica,0.0,3,18.3,1,Standard
43,Cuenta propia,Informal,64,2754000.0,0.535,5.3,Sin cotizacion,0,0.0,188,1,0,1,5542000.0,3296000.0,0.595,3296000.0,0.1,Pago superior al mínimo,1489000.0,3,5.9,0,Poor
35,Independiente,Formal,77,5179000.0,0.221,6.4,Independiente,8,2256000.0,90,4,0,1,8622000.0,2371000.0,0.275,2371000.0,0.038,Pago total,1919000.0,0,0.0,2,Standard
35,Desempleado,No aplica,0,0.0,0.8,0.0,Sin cotizacion,0,0.0,52,1,1,0,0.0,0.0,0.0,0.0,0.0,No aplica,0.0,0,0.0,2,Standard
38,Dependiente,Formal,112,4064000.0,0.203,9.3,Dependiente,8,4106000.0,74,3,0,0,0.0,0.0,0.0,0.0,0.0,No aplica,0.0,0,0.0,0,Good
36,Dependiente,Formal,21,7378000.0,0.164,1.8,Dependiente,10,6955000.0,58,5,2,1,4161000.0,1518000.0,0.365,23434000.0,0.265,Pago superior al mínimo,320000.0,0,0.0,0,Good
33,Independiente,Informal,46,2026000.0,0.325,3.8,Sin cotizacion,0,0.0,90,1,0,1,2780000.0,1479000.0,0.532,1479000.0,0.061,Pago mínimo,133000.0,0,0.0,1,Standard
25,Independiente,Formal,84,1554000.0,0.142,7.0,Independiente,10,746000.0,66,3,0,1,1159000.0,289000.0,0.249,289000.0,0.015,Pago total,284000.0,2,12.3,0,Good
22,Independiente,Informal,44,2799000.0,0.197,3.7,Sin cotizacion,0,0.0,38,3,0,1,5415000.0,888000.0,0.164,888000.0,0.026,Pago total,820000.0,0,0.0,0,Standard
32,Dependiente,Formal,85,1900000.0,0.055,7.1,Dependiente,8,1966000.0,71,1,0,1,1479000.0,1162000.0,0.786,1162000.0,0.051,Pago irregular,64000.0,3,14.0,0,Poor
48,Dependiente,Informal,37,1473000.0,0.341,3.1,Sin cotizacion,0,0.0,269,2,1,0,0.0,0.0,0.0,916000.0,0.052,No aplica,0.0,0,0.0,0,Good
54,Dependiente,Formal,160,2756000.0,0.046,13.3,Dependiente,11,2600000.0,280,3,0,0,0.0,0.0,0.0,0.0,0.0,No aplica,0.0,0,0.0,2,Good
20,Dependiente,Formal,24,1667000.0,0.039,2.0,Dependiente,12,1770000.0,9,4,3,1,751000.0,248000.0,0.33,8583000.0,0.429,Pago superior al mínimo,91000.0,2,9.3,1,Poor
34,Independiente,Informal,81,6121000.0,0.114,6.8,Sin cotizacion,0,0.0,65,4,0,1,9304000.0,2217000.0,0.238,2217000.0,0.03,Pago total,2117000.0,0,0.0,1,Standard
51,Dependiente,Formal,94,4079000.0,0.252,7.8,Dependiente,8,4089000.0,293,3,1,1,7171000.0,4449000.0,0.62,18190000.0,0.372,Pago mínimo,404000.0,2,3.2,0,Poor
41,Dependiente,Formal,66,5118000.0,0.058,5.5,Dependiente,11,5061000.0,103,5,1,0,0.0,0.0,0.0,8226000.0,0.134,No aplica,0.0,0,0.0,3,Standard
25,Independiente,Informal,39,3366000.0,0.639,3.2,Sin cotizacion,0,0.0,74,2,0,1,6313000.0,324000.0,0.051,324000.0,0.008,Pago total,308000.0,2,2.2,0,Good
47,Independiente,Informal,8,2488000.0,0.421,0.7,Sin cotizacion,0,0.0,247,3,0,0,0.0,0.0,0.0,0.0,0.0,No aplica,0.0,0,0.0,3,Poor
32,Cuenta propia,Informal,21,3835000.0,0.154,1.8,Sin cotizacion,0,0.0,150,3,1,1,4529000.0,2100000.0,0.464,6011000.0,0.131,Pago superior al mínimo,1009000.0,1,8.4,0,Poor
34,Independiente,Informal,40,1774000.0,0.365,3.3,Sin cotizacion,0,0.0,143,3,0,1,2291000.0,581000.0,0.254,581000.0,0.027,Pago total,505000.0,2,15.4,0,Standard
26,Dependiente,Formal,96,2924000.0,0.212,8.0,Dependiente,6,2857000.0,50,2,1,0,0.0,0.0,0.0,2223000.0,0.063,No aplica,0.0,3,13.7,0,Standard
45,Cuenta propia,Informal,30,1367000.0,0.428,2.5,Sin cotizacion,0,0.0,210,2,1,1,2275000.0,470000.0,0.207,3817000.0,0.233,Pago superior al mínimo,152000.0,2,7.5,3,Poor
24,Dependiente,Formal,42,5780000.0,0.126,3.5,Dependiente,4,5820000.0,49,5,1,1,11989000.0,7541000.0,0.629,15251000.0,0.22,Pago mínimo,509000.0,2,7.6,0,Standard
49,Dependiente,Formal,55,3802000.0,0.064,4.6,Dependiente,5,3925000.0,216,3,1,0,0.0,0.0,0.0,28398000.0,0.622,No aplica,0.0,0,0.0,2,Good
33,Independiente,Formal,52,5576000.0,0.302,4.3,Independiente,10,2120000.0,161,4,0,1,6638000.0,2583000.0,0.389,2583000.0,0.039,Pago total,2127000.0,1,9.5,3,Standard
29,Cuenta propia,Informal,22,1259000.0,0.525,1.8,Sin cotizacion,0,0.0,72,1,1,1,1386000.0,235000.0,0.17,2842000.0,0.188,Pago total,223000.0,0,0.0,1,Standard
27,Dependiente,Formal,22,4673000.0,0.149,1.8,Dependiente,12,4697000.0,53,3,0,1,2112000.0,1255000.0,0.594,1255000.0,0.022,Pago superior al mínimo,472000.0,1,6.1,1,Standard
18,Dependiente,Formal,0,4035000.0,0.053,0.0,Dependiente,0,0.0,0,0,0,0,0.0,0.0,0.0,0.0,0.0,No aplica,0.0,0,0.0,0,Poor
37,Dependiente,Formal,100,1719000.0,0.142,8.3,Dependiente,12,1891000.0,76,2,0,0,0.0,0.0,0.0,0.0,0.0,No aplica,0.0,0,0.0,0,Good
21,Dependiente,Formal,36,2970000.0,0.036,3.0,Dependiente,9,3027000.0,23,2,0,1,3985000.0,2165000.0,0.543,2165000.0,0.061,Pago superior al mínimo,898000.0,2,14.5,1,Standard
68,Cuenta propia,Formal,76,2507000.0,0.446,6.3,Independiente,4,1100000.0,374,3,0,1,5975000.0,3291000.0,0.551,3291000.0,0.109,Pago superior al mínimo,824000.0,4,41.9,0,Poor
38,Independiente,Informal,32,2124000.0,0.267,2.7,Sin cotizacion,0,0.0,80,1,0,1,3821000.0,1260000.0,0.33,1260000.0,0.049,Pago total,1199000.0,0,0.0,0,Standard
29,Dependiente,Formal,108,6094000.0,0.165,9.0,Dependiente,11,5860000.0,123,4,1,1,12578000.0,6708000.0,0.533,14058000.0,0.192,Pago mínimo,546000.0,0,0.0,1,Poor
47,Cuenta propia,Formal,87,976000.0,0.385,7.2,Independiente,1,337000.0,184,1,0,0,0.0,0.0,0.0,0.0,0.0,No aplica,0.0,0,0.0,0,Good
32,Independiente,Informal,27,1780000.0,0.349,2.2,Sin cotizacion,0,0.0,119,4,0,0,0.0,0.0,0.0,0.0,0.0,No aplica,0.0,0,0.0,0,Standard
32,Independiente,Informal,91,1318000.0,0.273,7.6,Sin cotizacion,0,0.0,115,2,0,1,2125000.0,615000.0,0.289,615000.0,0.039,Pago total,568000.0,1,9.9,0,Good
25,Cuenta propia,Formal,84,3710000.0,0.471,7.0,Independiente,11,1701000.0,50,2,1,0,0.0,0.0,0.0,13159000.0,0.296,No aplica,0.0,0,0.0,1,Standard
44,Dependiente,Formal,68,2416000.0,0.113,5.7,Dependiente,9,2530000.0,248,3,1,0,0.0,0.0,0.0,18205000.0,0.628,No aplica,0.0,0,0.0,2,Standard
39,Dependiente,Informal,30,911000.0,0.136,2.5,Sin cotizacion,0,0.0,138,2,1,0,0.0,0.0,0.0,5897000.0,0.539,No aplica,0.0,2,4.7,2,Standard
18,Cuenta propia,Informal,0,2232000.0,0.494,0.0,Sin cotizacion,0,0.0,0,0,0,0,0.0,0.0,0.0,0.0,0.0,No aplica,0.0,0,0.0,1,Poor
36,Cuenta propia,Informal,15,1856000.0,0.525,1.2,Sin cotizacion,0,0.0,97,3,1,1,2766000.0,1097000.0,0.397,3139000.0,0.141,Pago superior al mínimo,498000.0,1,0.6,2,Poor
40,Cuenta propia,Formal,23,4420000.0,0.428,1.9,Independiente,7,2071000.0,152,2,0,1,3756000.0,823000.0,0.219,823000.0,0.016,Pago total,760000.0,0,0.0,4,Standard
35,Dependiente,Formal,49,5039000.0,0.083,4.1,Dependiente,10,5023000.0,169,2,0,1,4941000.0,3060000.0,0.619,3060000.0,0.051,Pago superior al mínimo,769000.0,0,0.0,1,Standard
47,Cuenta propia,Informal,40,2221000.0,0.53,3.3,Sin cotizacion,0,0.0,82,2,1,0,0.0,0.0,0.0,1952000.0,0.073,No aplica,0.0,2,10.6,0,Poor
19,Dependiente,Formal,12,1509000.0,0.161,1.0,Dependiente,12,1585000.0,8,4,2,1,1120000.0,765000.0,0.683,3367000.0,0.186,Pago mínimo,77000.0,2,6.6,1,Poor
35,Cuenta propia,Formal,53,875000.0,0.764,4.4,Independiente,7,300000.0,185,3,1,1,1543000.0,962000.0,0.623,3719000.0,0.354,Pago mínimo,72000.0,1,3.1,0,Standard
59,Pensionado,No aplica,180,1126000.0,0.162,15.0,Pensionado,12,1144000.0,372,3,2,0,0.0,0.0,0.0,3726000.0,0.276,No aplica,0.0,1,14.9,4,Standard
46,Dependiente,Formal,146,3678000.0,0.153,12.2,Dependiente,9,3830000.0,263,1,0,0,0.0,0.0,0.0,0.0,0.0,No aplica,0.0,0,0.0,1,Standard
38,Independiente,Formal,31,2600000.0,0.36,2.6,Independiente,9,968000.0,62,3,1,1,5729000.0,1848000.0,0.323,5179000.0,0.166,Pago total,1683000.0,0,0.0,1,Standard
43,Dependiente,Formal,39,3503000.0,0.088,3.2,Dependiente,10,3651000.0,250,3,1,1,7740000.0,3545000.0,0.458,15522000.0,0.369,Pago superior al mínimo,793000.0,0,0.0,3,Poor
32,Dependiente,Formal,122,3657000.0,0.144,10.2,Dependiente,12,3631000.0,98,2,1,0,0.0,0.0,0.0,4129000.0,0.094,No aplica,0.0,0,0.0,1,Good
28,Dependiente,Formal,56,7589000.0,0.028,4.7,Dependiente,9,7565000.0,56,3,1,0,0.0,0.0,0.0,29382000.0,0.323,No aplica,0.0,0,0.0,3,Standard
53,Independiente,Informal,19,4545000.0,0.16,1.6,Sin cotizacion,0,0.0,266,4,1,0,0.0,0.0,0.0,4733000.0,0.087,No aplica,0.0,0,0.0,0,Standard
55,Pensionado,No aplica,86,2582000.0,0.168,7.2,Pensionado,12,2562000.0,233,1,1,0,0.0,0.0,0.0,4120000.0,0.133,No aplica,0.0,1,2.5,1,Standard
35,Independiente,Informal,39,797000.0,0.649,3.2,Sin cotizacion,0,0.0,102,2,2,1,642000.0,198000.0,0.308,8052000.0,0.842,Pago mínimo,29000.0,5,3.9,0,Poor
47,Dependiente,Formal,38,3999000.0,0.144,3.2,Dependiente,7,4252000.0,221,3,0,1,4527000.0,2570000.0,0.568,2570000.0,0.054,Pago superior al mínimo,992000.0,1,11.2,1,Good
23,Cuenta propia,Informal,34,3263000.0,0.707,2.8,Sin cotizacion,0,0.0,27,2,1,1,2097000.0,119000.0,0.057,7196000.0,0.184,Pago total,104000.0,0,0.0,0,Standard
28,Desempleado,No aplica,0,0.0,0.74,0.0,Sin cotizacion,0,0.0,45,2,1,0,0.0,0.0,0.0,0.0,0.0,No aplica,0.0,0,0.0,1,Standard
33,Dependiente,Formal,98,6022000.0,0.011,8.2,Dependiente,11,5913000.0,111,3,0,0,0.0,0.0,0.0,0.0,0.0,No aplica,0.0,0,0.0,0,Good
35,Desempleado,No aplica,0,0.0,0.539,0.0,Sin cotizacion,0,0.0,64,1,0,0,0.0,0.0,0.0,0.0,0.0,No aplica,0.0,0,0.0,1,Standard
38,Dependiente,Informal,29,6442000.0,0.225,2.4,Sin cotizacion,0,0.0,195,4,1,1,5040000.0,3317000.0,0.658,37806000.0,0.489,Pago mínimo,280000.0,3,11.2,0,Poor
51,Cuenta propia,Informal,65,1736000.0,0.291,5.4,Sin cotizacion,0,0.0,134,3,0,1,1345000.0,627000.0,0.466,627000.0,0.03,Pago superior al mínimo,235000.0,1,7.7,0,Poor
49,Dependiente,Formal,57,3023000.0,0.107,4.8,Dependiente,8,2953000.0,274,2,1,1,7367000.0,789000.0,0.107,13432000.0,0.37,Pago superior al mínimo,317000.0,1,10.9,1,Good
21,Dependiente,Formal,36,1128000.0,0.143,3.0,Dependiente,10,1089000.0,27,1,1,0,0.0,0.0,0.0,5747000.0,0.425,No aplica,0.0,1,9.7,0,Good
37,Dependiente,Formal,125,2528000.0,0.111,10.4,Dependiente,8,2491000.0,214,2,1,1,2818000.0,1849000.0,0.656,3514000.0,0.116,Pago superior al mínimo,500000.0,0,0.0,0,Standard
39,Independiente,Formal,107,4747000.0,0.226,8.9,Independiente,12,1936000.0,178,4,2,1,3432000.0,1466000.0,0.427,24532000.0,0.431,Pago mínimo,154000.0,1,2.7,2,Poor
36,Dependiente,Formal,65,5240000.0,0.121,5.4,Dependiente,9,5374000.0,66,2,1,0,0.0,0.0,0.0,6633000.0,0.105,No aplica,0.0,0,0.0,1,Standard
26,Dependiente,Formal,96,3264000.0,0.034,8.0,Dependiente,12,3166000.0,18,3,0,0,0.0,0.0,0.0,0.0,0.0,No aplica,0.0,0,0.0,1,Standard
31,Independiente,Formal,73,7359000.0,0.434,6.1,Independiente,12,3053000.0,74,3,0,0,0.0,0.0,0.0,0.0,0.0,No aplica,0.0,0,0.0,0,Good
23,Cuenta propia,Informal,21,1666000.0,0.262,1.8,Sin cotizacion,0,0.0,41,3,1,0,0.0,0.0,0.0,2248000.0,0.112,No aplica,0.0,2,12.3,0,Poor
29,Dependiente,Formal,121,2202000.0,0.069,10.1,Dependiente,12,2256000.0,64,1,1,1,2027000.0,979000.0,0.483,7666000.0,0.29,Pago superior al mínimo,447000.0,0,0.0,2,Poor
29,Dependiente,Formal,42,2640000.0,0.152,3.5,Dependiente,11,2541000.0,91,2,1,1,5535000.0,3551000.0,0.642,5244000.0,0.166,Pago total,3416000.0,2,4.8,0,Good
58,Independiente,Informal,10,4275000.0,0.383,0.8,Sin cotizacion,0,0.0,376,4,2,0,0.0,0.0,0.0,18954000.0,0.369,No aplica,0.0,0,0.0,3,Standard
47,Dependiente,Formal,147,3503000.0,0.069,12.2,Dependiente,12,3512000.0,92,3,0,1,4862000.0,1089000.0,0.224,1089000.0,0.026,Pago total,911000.0,0,0.0,2,Poor
22,Desempleado,No aplica,0,0.0,0.712,0.0,Sin cotizacion,0,0.0,19,1,0,0,0.0,0.0,0.0,0.0,0.0,No aplica,0.0,0,0.0,1,Standard
38,Cuenta propia,Informal,14,1333000.0,0.555,1.2,Sin cotizacion,0,0.0,150,1,0,1,1093000.0,441000.0,0.403,441000.0,0.028,Pago superior al mínimo,139000.0,1,2.5,0,Standard
51,Independiente,Formal,93,2670000.0,0.593,7.8,Independiente,10,1059000.0,229,2,0,1,6170000.0,1275000.0,0.207,1275000.0,0.04,Pago total,1222000.0,2,1.0,0,Standard
42,Dependiente,Formal,155,3128000.0,0.151,12.9,Dependiente,7,3137000.0,233,2,1,1,4913000.0,645000.0,0.131,17593000.0,0.469,Pago total,556000.0,0,0.0,2,Standard
46,Cuenta propia,Informal,20,4023000.0,0.419,1.7,Sin cotizacion,0,0.0,284,4,2,1,3680000.0,1051000.0,0.286,18734000.0,0.388,Pago total,1002000.0,0,0.0,1,Good
20,Cuenta propia,Informal,24,773000.0,0.405,2.0,Sin cotizacion,0,0.0,11,1,0,1,978000.0,66000.0,0.067,66000.0,0.007,Pago superior al mínimo,27000.0,1,5.3,0,Poor
51,Cuenta propia,Informal,46,6854000.0,0.373,3.8,Sin cotizacion,0,0.0,283,2,1,1,13401000.0,6605000.0,0.493,34511000.0,0.42,Pago mínimo,451000.0,4,18.6,0,Poor
45,Independiente,Informal,44,1048000.0,0.527,3.7,Sin cotizacion,0,0.0,289,1,0,1,991000.0,280000.0,0.283,280000.0,0.022,Pago total,263000.0,0,0.0,0,Standard
39,Cuenta propia,Informal,78,10801000.0,0.426,6.5,Sin cotizacion,0,0.0,125,3,2,0,0.0,0.0,0.0,46722000.0,0.36,No aplica,0.0,1,2.2,2,Standard
36,Independiente,Formal,35,11990000.0,0.531,2.9,Independiente,12,4542000.0,170,2,1,1,19218000.0,9111000.0,0.474,22889000.0,0.159,Pago superior al mínimo,4111000.0,0,0.0,1,Poor
45,Dependiente,Formal,100,4130000.0,0.15,8.3,Dependiente,10,4108000.0,49,5,1,1,6086000.0,1859000.0,0.305,30817000.0,0.622,Pago superior al mínimo,878000.0,0,0.0,1,Standard
49,Desempleado,No aplica,0,0.0,0.515,0.0,Sin cotizacion,0,0.0,125,1,0,0,0.0,0.0,0.0,0.0,0.0,No aplica,0.0,0,0.0,1,Good
19,Cuenta propia,Informal,12,528000.0,0.484,1.0,Sin cotizacion,0,0.0,3,1,0,1,500000.0,350000.0,0.7,350000.0,0.055,Pago superior al mínimo,96000.0,1,11.8,1,Poor
33,Independiente,Formal,116,12588000.0,0.292,9.7,Independiente,5,5051000.0,36,4,1,1,10740000.0,625000.0,0.058,22843000.0,0.151,Pago total,625000.0,0,0.0,3,Good
37,Dependiente,Formal,80,1633000.0,0.084,6.7,Dependiente,12,1755000.0,152,4,2,1,756000.0,560000.0,0.741,3441000.0,0.176,Pago irregular,22000.0,5,24.1,2,Poor
48,Independiente,Formal,38,3039000.0,0.152,3.2,Independiente,10,1221000.0,134,4,1,0,0.0,0.0,0.0,2467000.0,0.068,No aplica,0.0,1,6.3,0,Good
33,Independiente,Informal,34,1438000.0,0.509,2.8,Sin cotizacion,0,0.0,54,2,1,1,1539000.0,693000.0,0.45,3242000.0,0.188,Pago total,589000.0,1,14.8,1,Standard
44,Dependiente,Formal,27,2970000.0,0.041,2.2,Dependiente,12,3129000.0,160,1,0,1,1659000.0,1060000.0,0.639,1060000.0,0.03,Pago superior al mínimo,442000.0,1,7.3,0,Standard
47,Dependiente,Formal,98,1529000.0,0.299,8.2,Dependiente,12,1615000.0,200,1,0,0,0.0,0.0,0.0,0.0,0.0,No aplica,0.0,0,0.0,0,Standard
25,Independiente,Informal,12,6021000.0,0.146,1.0,Sin cotizacion,0,0.0,58,3,0,0,0.0,0.0,0.0,0.0,0.0,No aplica,0.0,0,0.0,0,Good
36,Independiente,Formal,77,9243000.0,0.563,6.4,Independiente,7,3210000.0,134,3,1,1,5383000.0,3842000.0,0.714,36470000.0,0.329,Pago mínimo,466000.0,3,32.6,0,Poor
27,Dependiente,Formal,99,4147000.0,0.166,8.2,Dependiente,9,4099000.0,83,4,1,0,0.0,0.0,0.0,8235000.0,0.165,No aplica,0.0,0,0.0,2,Standard
52,Dependiente,Formal,61,2185000.0,0.081,5.1,Dependiente,12,2309000.0,112,4,0,1,1092000.0,360000.0,0.33,360000.0,0.014,Pago total,332000.0,0,0.0,1,Good
52,Independiente,Informal,32,3621000.0,0.368,2.7,Sin cotizacion,0,0.0,307,1,1,1,3978000.0,226000.0,0.057,2962000.0,0.068,Pago superior al mínimo,55000.0,0,0.0,1,Standard
34,Dependiente,Formal,102,5106000.0,0.044,8.5,Dependiente,11,5143000.0,76,3,0,1,9595000.0,2880000.0,0.3,2880000.0,0.047,Pago total,2322000.0,0,0.0,0,Good
21,Independiente,Formal,36,4217000.0,0.285,3.0,Independiente,4,1667000.0,16,5,1,1,3214000.0,527000.0,0.164,9432000.0,0.186,Pago total,499000.0,0,0.0,1,Standard
46,Dependiente,Formal,58,3828000.0,0.016,4.8,Dependiente,8,3943000.0,229,3,1,1,8040000.0,1610000.0,0.2,17168000.0,0.374,Pago total,1400000.0,1,9.9,1,Good
44,Dependiente,Formal,41,7241000.0,0.048,3.4,Dependiente,8,7550000.0,128,5,1,1,15497000.0,4536000.0,0.293,17867000.0,0.206,Pago total,3717000.0,1,8.1,1,Poor
47,Dependiente,Informal,61,1831000.0,0.041,5.1,Sin cotizacion,0,0.0,294,4,0,0,0.0,0.0,0.0,0.0,0.0,No aplica,0.0,0,0.0,2,Standard
20,Dependiente,Formal,24,2712000.0,0.187,2.0,Dependiente,11,2709000.0,19,2,1,1,2229000.0,939000.0,0.421,14920000.0,0.458,Pago superior al mínimo,450000.0,1,12.7,1,Poor
49,Dependiente,Formal,45,5287000.0,0.221,3.8,Dependiente,7,5228000.0,159,4,0,1,2770000.0,367000.0,0.132,367000.0,0.006,Pago total,362000.0,1,7.5,2,Good
23,Dependiente,Formal,27,3507000.0,0.304,2.2,Dependiente,8,3175000.0,27,3,1,1,7105000.0,4361000.0,0.614,8435000.0,0.2,Pago mínimo,498000.0,1,8.9,0,Good
49,Dependiente,Formal,69,5133000.0,0.278,5.8,Dependiente,11,5143000.0,245,4,2,1,11542000.0,3616000.0,0.313,40414000.0,0.656,Pago superior al mínimo,987000.0,1,12.3,2,Standard
40,Dependiente,Formal,59,4686000.0,0.139,4.9,Dependiente,8,4615000.0,147,3,0,0,0.0,0.0,0.0,0.0,0.0,No aplica,0.0,0,0.0,2,Standard
53,Dependiente,Formal,41,5053000.0,0.125,3.4,Dependiente,9,4850000.0,314,4,2,0,0.0,0.0,0.0,27686000.0,0.457,No aplica,0.0,2,4.8,2,Good
50,Cuenta propia,Informal,39,1789000.0,0.742,3.2,Sin cotizacion,0,0.0,86,3,1,1,2265000.0,577000.0,0.255,5621000.0,0.262,Pago superior al mínimo,286000.0,0,0.0,1,Poor
38,Dependiente,Formal,42,2637000.0,0.18,3.5,Dependiente,12,2615000.0,189,2,0,1,3524000.0,2510000.0,0.712,2510000.0,0.079,Pago superior al mínimo,684000.0,1,9.1,3,Standard
24,Dependiente,Formal,72,3274000.0,0.132,6.0,Dependiente,11,3219000.0,32,2,1,0,0.0,0.0,0.0,8746000.0,0.223,No aplica,0.0,0,0.0,3,Good
40,Dependiente,Informal,22,5790000.0,0.229,1.8,Sin cotizacion,0,0.0,101,2,1,1,7645000.0,1557000.0,0.204,10908000.0,0.157,Pago total,1249000.0,1,9.7,3,Standard
45,Dependiente,Formal,27,3833000.0,0.121,2.2,Dependiente,9,3859000.0,244,3,0,0,0.0,0.0,0.0,0.0,0.0,No aplica,0.0,0,0.0,0,Good
38,Independiente,Informal,34,4170000.0,0.224,2.8,Sin cotizacion,0,0.0,38,3,1,1,6369000.0,1429000.0,0.224,11566000.0,0.231,Pago superior al mínimo,671000.0,0,0.0,0,Good
56,Independiente,Informal,52,3199000.0,0.623,4.3,Sin cotizacion,0,0.0,329,2,2,0,0.0,0.0,0.0,9695000.0,0.253,No aplica,0.0,1,6.6,0,Good
53,Cuenta propia,Informal,13,9591000.0,0.306,1.1,Sin cotizacion,0,0.0,346,4,1,1,17841000.0,6724000.0,0.377,29649000.0,0.258,Pago total,5643000.0,0,0.0,2,Poor
49,Independiente,Informal,45,2651000.0,0.211,3.8,Sin cotizacion,0,0.0,260,3,0,1,2744000.0,1280000.0,0.466,1280000.0,0.04,Pago superior al mínimo,498000.0,1,11.1,1,Good
52,Desempleado,No aplica,0,0.0,0.504,0.0,Sin cotizacion,0,0.0,97,1,0,0,0.0,0.0,0.0,0.0,0.0,No aplica,0.0,0,0.0,0,Good
44,Dependiente,Formal,96,5034000.0,0.074,8.0,Dependiente,12,4978000.0,174,2,1,1,3922000.0,2502000.0,0.638,14674000.0,0.243,Pago superior al mínimo,679000.0,1,4.0,2,Good
47,Dependiente,Formal,69,5873000.0,0.05,5.8,Dependiente,9,5978000.0,225,5,0,1,6098000.0,2250000.0,0.369,2250000.0,0.032,Pago total,2001000.0,0,0.0,2,Good
44,Dependiente,Formal,137,3159000.0,0.044,11.4,Dependiente,11,3181000.0,236,1,0,1,4216000.0,806000.0,0.191,806000.0,0.021,Pago total,710000.0,0,0.0,1,Standard
30,Dependiente,Formal,42,1217000.0,0.276,3.5,Dependiente,10,1279000.0,67,1,0,0,0.0,0.0,0.0,0.0,0.0,No aplica,0.0,0,0.0,0,Good
34,Dependiente,Formal,37,3409000.0,0.256,3.1,Dependiente,12,3336000.0,150,1,0,1,5619000.0,2272000.0,0.404,2272000.0,0.056,Pago total,1988000.0,1,7.7,3,Standard
62,Pensionado,No aplica,150,1529000.0,0.053,12.5,Pensionado,12,1611000.0,320,2,1,0,0.0,0.0,0.0,2628000.0,0.143,No aplica,0.0,1,8.5,1,Poor
59,Dependiente,Formal,55,4234000.0,0.26,4.6,Dependiente,10,4415000.0,251,3,1,1,8324000.0,4316000.0,0.519,12036000.0,0.237,Pago superior al mínimo,1275000.0,1,8.3,2,Standard
39,Cuenta propia,Informal,23,6255000.0,0.691,1.9,Sin cotizacion,0,0.0,166,4,2,0,0.0,0.0,0.0,9886000.0,0.132,No aplica,0.0,0,0.0,1,Good
25,Cuenta propia,Informal,15,3091000.0,0.658,1.2,Sin cotizacion,0,0.0,58,1,0,0,0.0,0.0,0.0,0.0,0.0,No aplica,0.0,0,0.0,0,Poor
43,Dependiente,Formal,51,7587000.0,0.148,4.2,Dependiente,9,8038000.0,230,4,2,1,13398000.0,10054000.0,0.75,41453000.0,0.455,Pago superior al mínimo,2057000.0,1,27.9,0,Poor
33,Dependiente,Formal,65,2656000.0,0.358,5.4,Dependiente,11,2683000.0,68,1,0,1,3961000.0,871000.0,0.22,871000.0,0.027,Pago total,734000.0,0,0.0,1,Good
37,Dependiente,Formal,92,3349000.0,0.174,7.7,Dependiente,12,3311000.0,193,2,1,1,3441000.0,2055000.0,0.597,11888000.0,0.296,Pago superior al mínimo,1024000.0,1,4.8,0,Good
43,Dependiente,Formal,73,2375000.0,0.2,6.1,Dependiente,11,2324000.0,146,3,0,1,1338000.0,446000.0,0.333,446000.0,0.016,Pago total,357000.0,1,10.8,1,Standard
45,Dependiente,Formal,93,2849000.0,0.166,7.8,Dependiente,12,3049000.0,201,2,1,0,0.0,0.0,0.0,6667000.0,0.195,No aplica,0.0,0,0.0,2,Good
58,Independiente,Formal,47,2414000.0,0.375,3.9,Independiente,8,1071000.0,333,4,0,0,0.0,0.0,0.0,0.0,0.0,No aplica,0.0,0,0.0,2,Good
27,Dependiente,Formal,63,1773000.0,0.141,5.2,Dependiente,12,1702000.0,25,3,0,0,0.0,0.0,0.0,0.0,0.0,No aplica,0.0,0,0.0,0,Poor
40,Dependiente,Formal,54,6815000.0,0.061,4.5,Dependiente,11,7081000.0,147,4,2,0,0.0,0.0,0.0,29911000.0,0.366,No aplica,0.0,2,9.3,2,Good
37,Desempleado,No aplica,0,468000.0,0.855,0.0,Sin cotizacion,0,0.0,158,1,0,0,0.0,0.0,0.0,0.0,0.0,No aplica,0.0,0,0.0,0,Poor
46,Independiente,Informal,11,2278000.0,0.34,0.9,Sin cotizacion,0,0.0,163,2,2,1,4328000.0,1268000.0,0.293,4851000.0,0.177,Pago total,1033000.0,1,5.5,0,Standard
50,Cuenta propia,Informal,5,2572000.0,0.164,0.4,Sin cotizacion,0,0.0,264,1,0,1,7725000.0,3862000.0,0.5,3862000.0,0.125,Pago superior al mínimo,810000.0,0,0.0,0,Standard
48,Dependiente,Formal,45,3084000.0,0.169,3.8,Dependiente,8,2982000.0,249,1,0,0,0.0,0.0,0.0,0.0,0.0,No aplica,0.0,0,0.0,2,Good
52,Dependiente,Formal,86,3046000.0,0.053,7.2,Dependiente,12,3086000.0,162,2,1,1,3309000.0,555000.0,0.168,8365000.0,0.229,Pago total,501000.0,0,0.0,1,Good
38,Independiente,Formal,72,8194000.0,0.277,6.0,Independiente,12,3548000.0,186,5,1,1,16908000.0,5841000.0,0.345,13210000.0,0.134,Pago mínimo,314000.0,2,2.5,1,Poor
42,Dependiente,Formal,66,6423000.0,0.174,5.5,Dependiente,12,6798000.0,155,5,2,1,4224000.0,2100000.0,0.497,17865000.0,0.232,Pago total,1905000.0,1,4.4,3,Poor
22,Dependiente,Formal,48,2480000.0,0.092,4.0,Dependiente,11,2504000.0,36,3,1,1,2568000.0,886000.0,0.345,3229000.0,0.109,Pago total,767000.0,1,13.1,1,Standard
59,Cuenta propia,Informal,16,1753000.0,0.454,1.3,Sin cotizacion,0,0.0,141,3,1,0,0.0,0.0,0.0,1794000.0,0.085,No aplica,0.0,1,16.4,1,Standard
35,Independiente,Formal,76,3206000.0,0.4,6.3,Independiente,10,1265000.0,125,2,1,0,0.0,0.0,0.0,7035000.0,0.183,No aplica,0.0,2,4.1,0,Standard
36,Dependiente,Informal,23,8188000.0,0.272,1.9,Sin cotizacion,0,0.0,133,4,3,1,6022000.0,2770000.0,0.46,23149000.0,0.236,Pago superior al mínimo,1283000.0,0,0.0,3,Standard
44,Dependiente,Formal,77,3867000.0,0.386,6.4,Dependiente,12,3874000.0,289,1,0,1,10324000.0,842000.0,0.082,842000.0,0.018,Pago total,734000.0,0,0.0,0,Good
26,Dependiente,Formal,96,6396000.0,0.43,8.0,Dependiente,6,6669000.0,13,4,0,1,6075000.0,3864000.0,0.636,3864000.0,0.05,Pago mínimo,510000.0,1,1.5,1,Poor
34,Dependiente,Formal,31,4807000.0,0.006,2.6,Dependiente,12,4959000.0,137,2,1,1,6470000.0,1848000.0,0.286,6164000.0,0.107,Pago superior al mínimo,760000.0,1,1.4,3,Standard
24,Dependiente,Formal,72,2936000.0,0.139,6.0,Dependiente,9,2934000.0,38,2,1,1,4360000.0,3325000.0,0.763,19748000.0,0.561,Pago superior al mínimo,1632000.0,2,2.1,0,Poor
35,Dependiente,Formal,73,2612000.0,0.091,6.1,Dependiente,6,2417000.0,71,2,1,1,7824000.0,5006000.0,0.64,22581000.0,0.72,Pago mínimo,472000.0,1,3.4,1,Poor
46,Dependiente,Formal,49,5558000.0,0.104,4.1,Dependiente,9,5017000.0,174,3,1,0,0.0,0.0,0.0,21222000.0,0.318,No aplica,0.0,1,5.8,0,Standard
41,Desempleado,No aplica,0,584000.0,0.696,0.0,Sin cotizacion,0,0.0,204,2,1,0,0.0,0.0,0.0,961000.0,0.137,No aplica,0.0,2,1.5,0,Good
41,Independiente,Informal,4,1875000.0,0.61,0.3,Sin cotizacion,0,0.0,212,3,1,1,1652000.0,722000.0,0.437,8589000.0,0.382,Pago superior al mínimo,351000.0,0,0.0,2,Poor
36,Independiente,Formal,66,3268000.0,0.568,5.5,Independiente,10,1337000.0,79,1,0,0,0.0,0.0,0.0,0.0,0.0,No aplica,0.0,0,0.0,1,Poor
40,Dependiente,Formal,185,3014000.0,0.065,15.4,Dependiente,6,2872000.0,162,4,2,0,0.0,0.0,0.0,17068000.0,0.472,No aplica,0.0,0,0.0,1,Standard
54,Dependiente,Formal,26,3520000.0,0.112,2.2,Dependiente,2,3446000.0,183,2,1,1,6671000.0,1959000.0,0.294,3943000.0,0.093,Pago total,1821000.0,0,0.0,0,Good
35,Dependiente,Formal,30,4229000.0,0.291,2.5,Dependiente,11,4191000.0,56,2,0,1,3696000.0,2250000.0,0.609,2250000.0,0.044,Pago superior al mínimo,708000.0,2,5.5,0,Standard
31,Dependiente,Formal,74,1380000.0,0.107,6.2,Dependiente,10,1495000.0,136,1,0,0,0.0,0.0,0.0,0.0,0.0,No aplica,0.0,0,0.0,0,Good
42,Dependiente,Formal,30,3638000.0,0.097,2.5,Dependiente,12,3656000.0,186,4,3,1,4446000.0,358000.0,0.081,46753000.0,1.071,Pago superior al mínimo,124000.0,2,22.3,2,Poor
28,Cuenta propia,Informal,47,2389000.0,0.496,3.9,Sin cotizacion,0,0.0,61,4,0,0,0.0,0.0,0.0,0.0,0.0,No aplica,0.0,0,0.0,1,Standard
35,Independiente,Formal,71,2667000.0,0.12,5.9,Independiente,7,1144000.0,98,1,0,1,9369000.0,5972000.0,0.637,5972000.0,0.187,Pago total,5650000.0,1,4.9,0,Poor
20,Cuenta propia,Informal,13,1211000.0,0.454,1.1,Sin cotizacion,0,0.0,19,2,1,0,0.0,0.0,0.0,1074000.0,0.074,No aplica,0.0,1,0.6,1,Good
35,Dependiente,Formal,42,2855000.0,0.096,3.5,Dependiente,9,2913000.0,34,3,0,1,3896000.0,2354000.0,0.604,2354000.0,0.069,Pago total,2300000.0,0,0.0,3,Standard
41,Cuenta propia,Informal,9,1542000.0,0.353,0.8,Sin cotizacion,0,0.0,93,1,0,1,2958000.0,2140000.0,0.723,2140000.0,0.116,Pago superior al mínimo,689000.0,1,9.3,0,Standard
28,Dependiente,Formal,104,3239000.0,0.119,8.7,Dependiente,7,2925000.0,27,3,0,1,4641000.0,1933000.0,0.417,1933000.0,0.05,Pago total,1911000.0,0,0.0,0,Good
37,Dependiente,Informal,55,2624000.0,0.09,4.6,Sin cotizacion,0,0.0,176,2,1,1,3746000.0,1583000.0,0.423,5343000.0,0.17,Pago superior al mínimo,544000.0,1,18.4,0,Poor
26,Dependiente,Formal,96,1226000.0,0.224,8.0,Dependiente,11,1206000.0,43,1,1,1,2196000.0,672000.0,0.306,3657000.0,0.249,Pago total,641000.0,0,0.0,1,Poor
54,Cuenta propia,Informal,19,3648000.0,0.621,1.6,Sin cotizacion,0,0.0,229,2,1,0,0.0,0.0,0.0,8834000.0,0.202,No aplica,0.0,1,4.1,0,Standard
49,Desempleado,No aplica,0,300000.0,0.882,0.0,Sin cotizacion,0,0.0,271,2,0,0,0.0,0.0,0.0,0.0,0.0,No aplica,0.0,0,0.0,1,Standard
57,Dependiente,Formal,39,3425000.0,0.319,3.2,Dependiente,10,3258000.0,114,3,1,1,2971000.0,147000.0,0.049,8935000.0,0.217,Pago total,144000.0,0,0.0,3,Good
36,Cuenta propia,Formal,67,2513000.0,0.408,5.6,Independiente,8,1179000.0,66,3,1,1,3816000.0,1788000.0,0.469,12733000.0,0.422,Pago superior al mínimo,476000.0,3,30.6,2,Standard
34,Cuenta propia,Informal,50,1787000.0,0.642,4.2,Sin cotizacion,0,0.0,111,2,1,1,1121000.0,532000.0,0.475,4793000.0,0.224,Pago superior al mínimo,138000.0,1,8.4,0,Good
43,Dependiente,Formal,39,2994000.0,0.109,3.2,Dependiente,10,2776000.0,137,3,2,1,2464000.0,1755000.0,0.712,15028000.0,0.418,Pago mínimo,207000.0,1,7.8,4,Poor
59,Dependiente,Informal,13,1048000.0,0.203,1.1,Sin cotizacion,0,0.0,173,1,0,0,0.0,0.0,0.0,0.0,0.0,No aplica,0.0,0,0.0,0,Standard
45,Dependiente,Formal,91,2864000.0,0.138,7.6,Dependiente,12,2816000.0,192,4,1,1,6626000.0,1955000.0,0.295,17475000.0,0.508,Pago superior al mínimo,762000.0,0,0.0,3,Good
53,Desempleado,No aplica,0,0.0,0.825,0.0,Sin cotizacion,0,0.0,77,1,0,1,1060000.0,253000.0,0.239,253000.0,2.0,Pago mínimo,34000.0,0,0.0,1,Poor
28,Dependiente,Formal,31,2895000.0,0.056,2.6,Dependiente,7,2865000.0,82,1,0,0,0.0,0.0,0.0,0.0,0.0,No aplica,0.0,0,0.0,0,Standard
36,Cuenta propia,Informal,35,3095000.0,0.224,2.9,Sin cotizacion,0,0.0,68,2,1,1,5774000.0,3484000.0,0.603,9362000.0,0.252,Pago mínimo,363000.0,3,14.6,1,Standard
32,Dependiente,Formal,56,2207000.0,0.149,4.7,Dependiente,11,2120000.0,145,2,2,1,527000.0,398000.0,0.755,8588000.0,0.324,Pago superior al mínimo,166000.0,0,0.0,1,Poor
24,Independiente,Informal,18,6337000.0,0.284,1.5,Sin cotizacion,0,0.0,60,2,1,1,6077000.0,2793000.0,0.46,19753000.0,0.26,Pago superior al mínimo,701000.0,3,13.2,5,Good
53,Dependiente,Formal,60,3253000.0,0.148,5.0,Dependiente,8,3266000.0,371,1,0,1,3358000.0,912000.0,0.272,912000.0,0.023,Pago total,829000.0,0,0.0,0,Good
48,Independiente,Informal,26,1498000.0,0.439,2.2,Sin cotizacion,0,0.0,116,3,1,1,1469000.0,875000.0,0.596,11871000.0,0.66,Pago mínimo,45000.0,1,7.8,1,Poor
56,Desempleado,No aplica,0,1259000.0,0.693,0.0,Sin cotizacion,0,0.0,382,1,1,1,1545000.0,770000.0,0.498,2380000.0,0.158,Pago superior al mínimo,312000.0,0,0.0,0,Poor
29,Cuenta propia,Informal,37,3173000.0,0.528,3.1,Sin cotizacion,0,0.0,54,2,0,0,0.0,0.0,0.0,0.0,0.0,No aplica,0.0,0,0.0,0,Good
23,Cuenta propia,Informal,39,4523000.0,0.447,3.2,Sin cotizacion,0,0.0,47,3,0,1,6917000.0,3105000.0,0.449,3105000.0,0.057,Pago superior al mínimo,1525000.0,0,0.0,3,Poor
62,Dependiente,Formal,14,7816000.0,0.028,1.2,Dependiente,8,7803000.0,215,2,0,0,0.0,0.0,0.0,0.0,0.0,No aplica,0.0,0,0.0,0,Good
58,Cuenta propia,Informal,64,3574000.0,0.169,5.3,Sin cotizacion,0,0.0,112,1,0,0,0.0,0.0,0.0,0.0,0.0,No aplica,0.0,0,0.0,0,Standard
36,Dependiente,Formal,71,3536000.0,0.054,5.9,Dependiente,9,3559000.0,117,1,0,1,3864000.0,268000.0,0.069,268000.0,0.006,Pago total,224000.0,0,0.0,2,Standard
23,Dependiente,Formal,60,3037000.0,0.138,5.0,Dependiente,10,3098000.0,24,3,1,1,4718000.0,751000.0,0.159,2742000.0,0.075,Pago total,621000.0,1,10.0,0,Good
29,Dependiente,Formal,87,4127000.0,0.08,7.2,Dependiente,10,4166000.0,64,3,1,1,5241000.0,2111000.0,0.403,10311000.0,0.208,Pago superior al mínimo,722000.0,0,0.0,1,Standard
42,Dependiente,Formal,115,1798000.0,0.16,9.6,Dependiente,12,1825000.0,259,2,1,0,0.0,0.0,0.0,8916000.0,0.413,No aplica,0.0,0,0.0,2,Good
37,Dependiente,Formal,106,4761000.0,0.119,8.8,Dependiente,12,4973000.0,104,3,1,1,10699000.0,8345000.0,0.78,22270000.0,0.39,Pago superior al mínimo,2787000.0,1,13.2,2,Poor
32,Desempleado,No aplica,0,689000.0,0.639,0.0,Sin cotizacion,0,0.0,87,1,0,0,0.0,0.0,0.0,0.0,0.0,No aplica,0.0,0,0.0,0,Standard
49,Dependiente,Formal,102,6762000.0,0.137,8.5,Dependiente,11,6316000.0,268,3,1,1,17310000.0,11962000.0,0.691,21640000.0,0.267,Pago mínimo,1128000.0,0,0.0,0,Good
49,Independiente,Formal,34,6387000.0,0.547,2.8,Independiente,7,2734000.0,159,3,2,1,9917000.0,2723000.0,0.275,28382000.0,0.37,Pago total,2337000.0,0,0.0,1,Good
35,Dependiente,Formal,83,3998000.0,0.157,6.9,Dependiente,12,3831000.0,91,2,0,0,0.0,0.0,0.0,0.0,0.0,No aplica,0.0,0,0.0,0,Good
66,Dependiente,Formal,18,5016000.0,0.12,1.5,Dependiente,12,4887000.0,131,4,3,1,10504000.0,1850000.0,0.176,17735000.0,0.295,Pago total,1531000.0,0,0.0,2,Standard
25,Dependiente,Formal,84,3204000.0,0.125,7.0,Dependiente,12,3220000.0,55,3,2,1,4275000.0,1035000.0,0.242,5058000.0,0.132,Pago total,1019000.0,0,0.0,1,Poor
46,Cuenta propia,Informal,23,2171000.0,0.409,1.9,Sin cotizacion,0,0.0,204,2,2,1,4584000.0,1815000.0,0.396,9034000.0,0.347,Pago superior al mínimo,553000.0,2,16.7,2,Good
45,Cuenta propia,Informal,29,6160000.0,0.526,2.4,Sin cotizacion,0,0.0,14,3,0,1,8577000.0,4057000.0,0.473,4057000.0,0.055,Pago mínimo,368000.0,2,2.3,0,Standard
27,Cuenta propia,Informal,35,5519000.0,0.413,2.9,Sin cotizacion,0,0.0,84,5,3,1,6624000.0,313000.0,0.047,17650000.0,0.267,Pago total,277000.0,1,6.9,0,Good
42,Desempleado,No aplica,0,574000.0,0.647,0.0,Sin cotizacion,0,0.0,133,1,0,0,0.0,0.0,0.0,0.0,0.0,No aplica,0.0,0,0.0,0,Good
40,Dependiente,Formal,95,2584000.0,0.105,7.9,Dependiente,4,2627000.0,175,4,0,1,1358000.0,739000.0,0.544,739000.0,0.024,Pago superior al mínimo,176000.0,1,2.2,0,Good
29,Dependiente,Formal,121,6888000.0,0.114,10.1,Dependiente,12,7034000.0,50,4,0,1,10457000.0,6791000.0,0.649,6791000.0,0.082,Pago superior al mínimo,1762000.0,1,6.7,0,Poor
35,Independiente,Formal,122,4089000.0,0.303,10.2,Independiente,12,1481000.0,140,3,1,1,6196000.0,2916000.0,0.471,9589000.0,0.195,Pago total,2340000.0,0,0.0,0,Standard
45,Dependiente,Formal,27,9868000.0,0.144,2.2,Dependiente,11,10512000.0,255,4,0,1,7662000.0,3060000.0,0.399,3060000.0,0.026,Pago superior al mínimo,1069000.0,1,3.1,2,Good
28,Dependiente,Formal,66,2235000.0,0.117,5.5,Dependiente,12,2198000.0,83,2,1,1,2229000.0,881000.0,0.395,2581000.0,0.096,Pago total,802000.0,0,0.0,2,Good
35,Dependiente,Formal,31,9382000.0,0.14,2.6,Dependiente,12,9112000.0,65,3,1,1,6039000.0,2567000.0,0.425,60036000.0,0.533,Pago mínimo,183000.0,1,4.2,1,Poor
30,Independiente,Formal,42,1979000.0,0.228,3.5,Independiente,9,691000.0,121,2,0,1,3619000.0,628000.0,0.174,628000.0,0.026,Pago total,556000.0,0,0.0,1,Good
43,Independiente,Informal,67,2015000.0,0.449,5.6,Sin cotizacion,0,0.0,225,1,1,1,1915000.0,332000.0,0.173,7796000.0,0.322,Pago superior al mínimo,135000.0,0,0.0,0,Good
36,Dependiente,Formal,142,4312000.0,0.196,11.8,Dependiente,12,4076000.0,161,2,0,1,7839000.0,1394000.0,0.178,1394000.0,0.027,Pago total,1187000.0,1,10.7,0,Standard
38,Dependiente,Formal,83,5655000.0,0.172,6.9,Dependiente,12,5338000.0,139,5,0,1,5895000.0,2919000.0,0.495,2919000.0,0.043,Pago total,2550000.0,0,0.0,0,Poor
37,Independiente,Formal,73,6135000.0,0.092,6.1,Independiente,12,2531000.0,163,3,1,1,5325000.0,1941000.0,0.365,10620000.0,0.144,Pago total,1826000.0,0,0.0,3,Good
29,Independiente,Formal,84,1042000.0,0.445,7.0,Independiente,12,442000.0,109,2,0,0,0.0,0.0,0.0,0.0,0.0,No aplica,0.0,0,0.0,0,Standard
31,Dependiente,Formal,118,2585000.0,0.174,9.8,Dependiente,11,2496000.0,70,3,1,1,5384000.0,2453000.0,0.456,7781000.0,0.251,Pago superior al mínimo,930000.0,0,0.0,1,Standard
24,Independiente,Informal,40,961000.0,0.56,3.3,Sin cotizacion,0,0.0,42,1,0,0,0.0,0.0,0.0,0.0,0.0,No aplica,0.0,0,0.0,0,Good
38,Dependiente,Formal,33,1939000.0,0.115,2.8,Dependiente,5,1850000.0,201,3,0,1,1907000.0,1227000.0,0.643,1227000.0,0.053,Pago mínimo,123000.0,1,6.6,1,Good
24,Dependiente,Formal,61,3056000.0,0.061,5.1,Dependiente,5,3030000.0,53,1,0,0,0.0,0.0,0.0,0.0,0.0,No aplica,0.0,0,0.0,2,Good
30,Cuenta propia,Informal,25,437000.0,0.213,2.1,Sin cotizacion,0,0.0,109,2,1,0,0.0,0.0,0.0,1743000.0,0.332,No aplica,0.0,0,0.0,1,Standard
55,Independiente,Formal,37,8447000.0,0.592,3.1,Independiente,12,3412000.0,297,6,1,1,17400000.0,7812000.0,0.449,28447000.0,0.281,Pago superior al mínimo,3597000.0,0,0.0,0,Good
46,Dependiente,Informal,48,4034000.0,0.106,4.0,Sin cotizacion,0,0.0,135,3,0,1,3747000.0,586000.0,0.156,586000.0,0.012,Pago total,477000.0,1,8.3,0,Standard
55,Cuenta propia,Informal,63,7177000.0,0.646,5.2,Sin cotizacion,0,0.0,231,3,1,0,0.0,0.0,0.0,11454000.0,0.133,No aplica,0.0,1,5.6,1,Good
25,Independiente,Informal,20,1032000.0,0.127,1.7,Sin cotizacion,0,0.0,33,1,0,0,0.0,0.0,0.0,0.0,0.0,No aplica,0.0,0,0.0,1,Poor
31,Cuenta propia,Informal,9,983000.0,0.486,0.8,Sin cotizacion,0,0.0,110,2,0,0,0.0,0.0,0.0,0.0,0.0,No aplica,0.0,0,0.0,1,Good
43,Independiente,Formal,47,8323000.0,0.522,3.9,Independiente,8,3417000.0,159,5,3,1,10044000.0,4195000.0,0.418,72034000.0,0.721,Pago superior al mínimo,1501000.0,1,2.0,2,Poor
42,Independiente,Informal,31,6459000.0,0.547,2.6,Sin cotizacion,0,0.0,167,3,0,0,0.0,0.0,0.0,0.0,0.0,No aplica,0.0,0,0.0,0,Standard
35,Dependiente,Formal,69,6414000.0,0.117,5.8,Dependiente,10,6167000.0,152,3,1,1,14892000.0,1397000.0,0.094,12206000.0,0.159,Pago total,1313000.0,0,0.0,0,Good
46,Dependiente,Formal,82,6579000.0,0.036,6.8,Dependiente,10,6535000.0,139,3,1,0,0.0,0.0,0.0,11987000.0,0.152,No aplica,0.0,0,0.0,1,Good
43,Dependiente,Formal,90,4194000.0,0.084,7.5,Dependiente,9,4457000.0,286,3,0,1,6185000.0,3194000.0,0.516,3194000.0,0.063,Pago total,2732000.0,0,0.0,2,Poor
30,Dependiente,Formal,120,2688000.0,0.187,10.0,Dependiente,11,2560000.0,87,2,0,1,5218000.0,1688000.0,0.323,1688000.0,0.052,Pago superior al mínimo,483000.0,0,0.0,1,Standard
45,Independiente,Formal,102,6908000.0,0.287,8.5,Independiente,11,2755000.0,225,2,1,1,23305000.0,12964000.0,0.556,55985000.0,0.675,Pago superior al mínimo,4532000.0,3,23.8,1,Poor
44,Dependiente,Formal,101,3146000.0,0.074,8.4,Dependiente,9,3209000.0,174,1,0,1,3847000.0,2843000.0,0.739,2843000.0,0.075,Pago superior al mínimo,859000.0,2,4.7,0,Good
34,Dependiente,Informal,30,2507000.0,0.351,2.5,Sin cotizacion,0,0.0,108,3,0,1,4937000.0,3447000.0,0.698,3447000.0,0.115,Pago superior al mínimo,1128000.0,0,0.0,2,Standard
43,Dependiente,Formal,32,3200000.0,0.129,2.7,Dependiente,12,3076000.0,210,2,1,0,0.0,0.0,0.0,8449000.0,0.22,No aplica,0.0,0,0.0,1,Standard
36,Dependiente,Formal,83,3985000.0,0.179,6.9,Dependiente,11,4082000.0,209,2,1,1,5154000.0,3927000.0,0.762,11500000.0,0.24,Pago mínimo,468000.0,2,7.5,0,Poor
32,Dependiente,Formal,89,5914000.0,0.039,7.4,Dependiente,11,5597000.0,93,3,1,1,8211000.0,4630000.0,0.564,10823000.0,0.153,Pago superior al mínimo,1444000.0,1,17.3,4,Poor
39,Independiente,Formal,101,3213000.0,0.676,8.4,Independiente,8,1367000.0,83,2,0,1,3449000.0,806000.0,0.234,806000.0,0.021,Pago superior al mínimo,168000.0,2,22.3,1,Standard
44,Dependiente,Formal,39,3063000.0,0.268,3.2,Dependiente,12,3068000.0,86,1,1,0,0.0,0.0,0.0,8708000.0,0.237,No aplica,0.0,1,16.0,1,Standard
28,Independiente,Informal,62,2198000.0,0.558,5.2,Sin cotizacion,0,0.0,19,2,2,0,0.0,0.0,0.0,17241000.0,0.654,No aplica,0.0,0,0.0,5,Standard
27,Cuenta propia,Informal,38,810000.0,0.408,3.2,Sin cotizacion,0,0.0,64,1,0,1,1119000.0,650000.0,0.581,650000.0,0.067,Pago superior al mínimo,148000.0,1,5.9,1,Good
68,Dependiente,Informal,12,3934000.0,0.504,1.0,Sin cotizacion,0,0.0,126,3,1,1,3172000.0,2199000.0,0.693,18859000.0,0.399,Pago mínimo,221000.0,3,17.6,0,Poor
27,Dependiente,Formal,25,3364000.0,0.154,2.1,Dependiente,10,3173000.0,58,2,2,0,0.0,0.0,0.0,71290000.0,1.766,No aplica,0.0,0,0.0,0,Standard
55,Dependiente,Formal,65,3927000.0,0.264,5.4,Dependiente,10,4035000.0,109,1,1,1,8632000.0,4324000.0,0.501,8477000.0,0.18,Pago superior al mínimo,2078000.0,1,12.6,1,Good
35,Independiente,Formal,71,4784000.0,0.401,5.9,Independiente,10,1742000.0,161,4,1,0,0.0,0.0,0.0,2603000.0,0.045,No aplica,0.0,0,0.0,3,Good
40,Independiente,Informal,16,899000.0,0.253,1.3,Sin cotizacion,0,0.0,194,1,1,1,3780000.0,1576000.0,0.417,5017000.0,0.465,Pago superior al mínimo,450000.0,4,30.9,2,Poor
33,Dependiente,Formal,68,6423000.0,0.06,5.7,Dependiente,12,6384000.0,120,5,0,0,0.0,0.0,0.0,0.0,0.0,No aplica,0.0,0,0.0,1,Good
49,Dependiente,Formal,75,3158000.0,0.103,6.2,Dependiente,11,3238000.0,160,4,1,1,4577000.0,1395000.0,0.305,4291000.0,0.113,Pago superior al mínimo,289000.0,0,0.0,2,Poor
34,Cuenta propia,Informal,57,1540000.0,0.587,4.8,Sin cotizacion,0,0.0,120,3,1,1,1615000.0,206000.0,0.128,1658000.0,0.09,Pago total,198000.0,1,0.9,1,Standard
35,Dependiente,Formal,66,5160000.0,0.296,5.5,Dependiente,12,4961000.0,124,3,0,0,0.0,0.0,0.0,0.0,0.0,No aplica,0.0,0,0.0,0,Good
34,Dependiente,Formal,84,4553000.0,0.209,7.0,Dependiente,10,4457000.0,92,3,1,1,13300000.0,7045000.0,0.53,20124000.0,0.368,Pago superior al mínimo,3040000.0,1,8.7,1,Poor
43,Cuenta propia,Informal,62,8914000.0,0.606,5.2,Sin cotizacion,0,0.0,166,5,0,1,10085000.0,4284000.0,0.425,4284000.0,0.04,Pago total,4174000.0,0,0.0,3,Standard
54,Independiente,Informal,29,1426000.0,0.328,2.4,Sin cotizacion,0,0.0,204,1,1,0,0.0,0.0,0.0,3496000.0,0.204,No aplica,0.0,0,0.0,1,Standard
47,Cuenta propia,Informal,19,1187000.0,0.461,1.6,Sin cotizacion,0,0.0,131,1,1,1,1272000.0,278000.0,0.219,1843000.0,0.129,Pago total,248000.0,0,0.0,1,Poor
38,Independiente,Informal,43,1085000.0,0.285,3.6,Sin cotizacion,0,0.0,123,1,0,0,0.0,0.0,0.0,0.0,0.0,No aplica,0.0,0,0.0,0,Standard
43,Cuenta propia,Informal,50,2416000.0,0.513,4.2,Sin cotizacion,0,0.0,237,2,0,0,0.0,0.0,0.0,0.0,0.0,No aplica,0.0,0,0.0,2,Good
46,Dependiente,Formal,116,3465000.0,0.249,9.7,Dependiente,9,3621000.0,104,3,1,1,5047000.0,1552000.0,0.308,5613000.0,0.135,Pago total,1265000.0,1,2.0,5,Standard
37,Independiente,Informal,23,1562000.0,0.776,1.9,Sin cotizacion,0,0.0,94,3,0,1,1701000.0,702000.0,0.413,702000.0,0.037,Pago superior al mínimo,172000.0,3,15.9,0,Good
37,Cuenta propia,Informal,24,1975000.0,0.742,2.0,Sin cotizacion,0,0.0,93,3,0,0,0.0,0.0,0.0,0.0,0.0,No aplica,0.0,0,0.0,0,Good
39,Independiente,Informal,46,1239000.0,0.399,3.8,Sin cotizacion,0,0.0,191,2,2,1,2827000.0,1135000.0,0.401,6195000.0,0.417,Pago superior al mínimo,554000.0,4,10.9,0,Standard
43,Dependiente,Formal,82,7619000.0,0.257,6.8,Dependiente,7,6988000.0,131,4,0,0,0.0,0.0,0.0,0.0,0.0,No aplica,0.0,0,0.0,1,Good
25,Dependiente,Formal,84,2275000.0,0.191,7.0,Dependiente,8,2404000.0,27,4,1,1,1412000.0,939000.0,0.665,4270000.0,0.156,Pago superior al mínimo,429000.0,3,30.0,0,Standard
36,Dependiente,Formal,82,2733000.0,0.104,6.8,Dependiente,5,2573000.0,185,1,0,0,0.0,0.0,0.0,0.0,0.0,No aplica,0.0,0,0.0,0,Good
51,Dependiente,Formal,62,1363000.0,0.144,5.2,Dependiente,11,1325000.0,252,3,0,0,0.0,0.0,0.0,0.0,0.0,No aplica,0.0,0,0.0,1,Good
48,Dependiente,Formal,62,1903000.0,0.151,5.2,Dependiente,8,1924000.0,272,2,0,1,2801000.0,1030000.0,0.368,1030000.0,0.045,Pago total,949000.0,0,0.0,1,Good
35,Independiente,Informal,29,1657000.0,0.323,2.4,Sin cotizacion,0,0.0,135,2,1,0,0.0,0.0,0.0,3592000.0,0.181,No aplica,0.0,1,5.2,1,Standard
41,Independiente,Formal,105,3375000.0,0.122,8.8,Independiente,12,1431000.0,158,2,0,0,0.0,0.0,0.0,0.0,0.0,No aplica,0.0,0,0.0,0,Standard
57,Independiente,Informal,56,5043000.0,0.37,4.7,Sin cotizacion,0,0.0,282,3,0,1,13168000.0,7225000.0,0.549,7225000.0,0.119,Pago total,5855000.0,1,6.1,1,Poor
41,Independiente,Formal,23,1557000.0,0.385,1.9,Independiente,12,641000.0,137,2,1,1,682000.0,408000.0,0.598,2034000.0,0.109,Pago superior al mínimo,90000.0,2,1.4,1,Poor
21,Dependiente,Formal,36,3633000.0,0.34,3.0,Dependiente,10,3640000.0,17,4,1,1,9824000.0,2914000.0,0.297,7019000.0,0.161,Pago superior al mínimo,743000.0,0,0.0,1,Poor
36,Dependiente,Formal,110,4680000.0,0.2,9.2,Dependiente,10,4598000.0,159,2,1,1,6927000.0,2911000.0,0.42,6335000.0,0.113,Pago total,2712000.0,0,0.0,1,Standard
39,Dependiente,Formal,70,4947000.0,0.047,5.8,Dependiente,10,5256000.0,117,5,3,1,15153000.0,9934000.0,0.656,47593000.0,0.802,Pago superior al mínimo,4886000.0,1,12.2,3,Poor
27,Dependiente,Formal,10,5087000.0,0.3,0.8,Dependiente,9,5244000.0,67,4,2,1,14133000.0,4305000.0,0.305,17662000.0,0.289,Pago total,3943000.0,1,13.9,1,Poor
50,Dependiente,Formal,74,2365000.0,0.147,6.2,Dependiente,11,2476000.0,246,4,3,1,1651000.0,161000.0,0.098,22948000.0,0.809,Pago superior al mínimo,73000.0,1,3.0,3,Standard
39,Dependiente,Formal,53,4654000.0,0.116,4.4,Dependiente,10,4576000.0,195,5,1,1,15882000.0,7644000.0,0.481,9870000.0,0.177,Pago superior al mínimo,3285000.0,0,0.0,1,Poor
50,Dependiente,Formal,76,8830000.0,0.025,6.3,Dependiente,10,8008000.0,167,5,1,1,7143000.0,989000.0,0.138,8162000.0,0.077,Pago total,843000.0,0,0.0,1,Good
37,Cuenta propia,Informal,67,5511000.0,0.667,5.6,Sin cotizacion,0,0.0,137,4,1,0,0.0,0.0,0.0,9840000.0,0.149,No aplica,0.0,3,27.8,1,Poor
37,Dependiente,Formal,82,8369000.0,0.178,6.8,Dependiente,11,8710000.0,122,6,2,1,13322000.0,4332000.0,0.325,25890000.0,0.258,Pago total,3971000.0,0,0.0,0,Good
56,Cuenta propia,Formal,127,2735000.0,0.528,10.6,Independiente,10,1133000.0,108,2,1,1,1199000.0,653000.0,0.545,3363000.0,0.102,Pago mínimo,79000.0,2,6.1,2,Poor
41,Independiente,Informal,16,1760000.0,0.352,1.3,Sin cotizacion,0,0.0,216,1,1,1,3177000.0,1360000.0,0.428,4294000.0,0.203,Pago superior al mínimo,403000.0,0,0.0,1,Standard
46,Cuenta propia,Informal,54,385000.0,0.458,4.5,Sin cotizacion,0,0.0,233,3,1,0,0.0,0.0,0.0,639000.0,0.138,No aplica,0.0,4,33.4,2,Poor
48,Cuenta propia,Informal,47,968000.0,0.41,3.9,Sin cotizacion,0,0.0,206,1,0,0,0.0,0.0,0.0,0.0,0.0,No aplica,0.0,0,0.0,0,Standard
60,Dependiente,Formal,68,3150000.0,0.034,5.7,Dependiente,12,3173000.0,370,1,1,0,0.0,0.0,0.0,11095000.0,0.294,No aplica,0.0,1,9.7,1,Good
23,Dependiente,Informal,5,1720000.0,0.169,0.4,Sin cotizacion,0,0.0,20,3,1,1,2805000.0,329000.0,0.117,4418000.0,0.214,Pago total,303000.0,1,11.9,0,Poor
32,Cuenta propia,Informal,30,1125000.0,0.186,2.5,Sin cotizacion,0,0.0,60,1,0,0,0.0,0.0,0.0,0.0,0.0,No aplica,0.0,0,0.0,0,Poor
40,Dependiente,Formal,45,4295000.0,0.082,3.8,Dependiente,12,4198000.0,215,3,2,0,0.0,0.0,0.0,35723000.0,0.693,No aplica,0.0,0,0.0,0,Standard
34,Independiente,Formal,23,4338000.0,0.358,1.9,Independiente,11,1675000.0,105,4,2,1,12070000.0,6745000.0,0.559,53810000.0,1.034,Pago superior al mínimo,1611000.0,1,6.0,1,Standard
31,Independiente,Informal,19,2541000.0,0.415,1.6,Sin cotizacion,0,0.0,55,1,0,1,4461000.0,2551000.0,0.572,2551000.0,0.084,Pago superior al mínimo,1123000.0,0,0.0,0,Standard
37,Independiente,Informal,42,4743000.0,0.241,3.5,Sin cotizacion,0,0.0,46,4,3,1,3574000.0,1939000.0,0.543,20787000.0,0.365,Pago superior al mínimo,569000.0,2,8.2,0,Standard
37,Cuenta propia,Informal,35,1489000.0,0.368,2.9,Sin cotizacion,0,0.0,48,1,1,0,0.0,0.0,0.0,6097000.0,0.341,No aplica,0.0,2,6.3,1,Standard
28,Desempleado,No aplica,0,356000.0,0.69,0.0,Sin cotizacion,0,0.0,91,1,0,0,0.0,0.0,0.0,0.0,0.0,No aplica,0.0,0,0.0,0,Standard
45,Independiente,Formal,65,7134000.0,0.408,5.4,Independiente,7,2683000.0,216,5,3,0,0.0,0.0,0.0,75543000.0,0.882,No aplica,0.0,0,0.0,0,Good
59,Dependiente,Formal,35,6005000.0,0.131,2.9,Dependiente,12,6016000.0,419,4,1,1,11080000.0,7241000.0,0.654,18934000.0,0.263,Pago superior al mínimo,2110000.0,2,2.9,0,Standard
46,Cuenta propia,Informal,4,3121000.0,0.67,0.3,Sin cotizacion,0,0.0,153,2,0,1,3222000.0,1715000.0,0.532,1715000.0,0.046,Pago superior al mínimo,718000.0,2,13.0,0,Poor
32,Dependiente,Formal,39,3115000.0,0.331,3.2,Dependiente,10,2973000.0,36,2,1,1,10316000.0,3900000.0,0.378,12666000.0,0.339,Pago total,3732000.0,0,0.0,1,Standard
29,Dependiente,Formal,57,1848000.0,0.047,4.8,Dependiente,12,1904000.0,32,3,0,0,0.0,0.0,0.0,0.0,0.0,No aplica,0.0,0,0.0,2,Good
47,Cuenta propia,Formal,47,1015000.0,0.429,3.9,Independiente,12,487000.0,225,1,0,0,0.0,0.0,0.0,0.0,0.0,No aplica,0.0,0,0.0,1,Standard
48,Dependiente,Formal,55,2580000.0,0.146,4.6,Dependiente,9,2518000.0,302,3,0,0,0.0,0.0,0.0,0.0,0.0,No aplica,0.0,0,0.0,1,Poor
41,Dependiente,Formal,131,3352000.0,0.07,10.9,Dependiente,9,3138000.0,130,2,0,1,5388000.0,2889000.0,0.536,2889000.0,0.072,Pago total,2733000.0,0,0.0,2,Poor
33,Dependiente,Formal,67,5551000.0,0.249,5.6,Dependiente,10,5528000.0,166,3,1,1,6269000.0,4195000.0,0.669,16781000.0,0.252,Pago superior al mínimo,1258000.0,1,12.0,4,Standard
21,Desempleado,No aplica,0,0.0,0.764,0.0,Sin cotizacion,0,0.0,6,3,1,0,0.0,0.0,0.0,0.0,0.0,No aplica,0.0,2,9.3,2,Standard
41,Dependiente,Formal,107,2033000.0,0.12,8.9,Dependiente,6,2059000.0,126,1,0,1,4384000.0,3233000.0,0.737,3233000.0,0.133,Pago mínimo,459000.0,1,6.9,0,Standard
31,Independiente,Informal,18,3575000.0,0.515,1.5,Sin cotizacion,0,0.0,36,2,1,0,0.0,0.0,0.0,8460000.0,0.197,No aplica,0.0,1,3.8,1,Standard
31,Dependiente,Formal,43,3525000.0,0.18,3.6,Dependiente,11,3589000.0,110,4,2,1,4779000.0,2230000.0,0.467,19661000.0,0.465,Pago superior al mínimo,844000.0,1,14.3,1,Poor
38,Independiente,Formal,28,1446000.0,0.379,2.3,Independiente,11,671000.0,165,3,0,1,4294000.0,2728000.0,0.635,2728000.0,0.157,Pago superior al mínimo,840000.0,2,7.5,0,Poor
29,Independiente,Formal,69,1246000.0,0.863,5.8,Independiente,8,539000.0,94,2,2,0,0.0,0.0,0.0,9678000.0,0.647,No aplica,0.0,0,0.0,0,Standard
27,Dependiente,Formal,37,2304000.0,0.169,3.1,Dependiente,10,2137000.0,57,2,2,1,1799000.0,776000.0,0.431,5453000.0,0.197,Pago superior al mínimo,236000.0,1,9.6,1,Good
34,Dependiente,Formal,164,3507000.0,0.291,13.7,Dependiente,11,3334000.0,156,3,0,1,3569000.0,1721000.0,0.482,1721000.0,0.041,Pago total,1404000.0,0,0.0,3,Standard
55,Dependiente,Formal,59,2949000.0,0.08,4.9,Dependiente,7,2997000.0,187,2,1,1,6033000.0,4438000.0,0.736,14118000.0,0.399,Pago superior al mínimo,1110000.0,1,5.0,0,Poor
59,Pensionado,No aplica,176,2927000.0,0.222,14.7,Pensionado,12,2887000.0,393,2,1,1,3196000.0,2020000.0,0.632,4790000.0,0.136,Pago superior al mínimo,800000.0,0,0.0,3,Poor
20,Cuenta propia,Informal,24,2113000.0,0.231,2.0,Sin cotizacion,0,0.0,20,2,2,0,0.0,0.0,0.0,8003000.0,0.316,No aplica,0.0,1,10.4,0,Poor
29,Cuenta propia,Informal,18,2746000.0,0.273,1.5,Sin cotizacion,0,0.0,122,1,1,1,5435000.0,2588000.0,0.476,9096000.0,0.276,Pago superior al mínimo,762000.0,1,5.4,1,Good
35,Dependiente,Formal,109,1851000.0,0.033,9.1,Dependiente,11,1963000.0,151,3,0,0,0.0,0.0,0.0,0.0,0.0,No aplica,0.0,0,0.0,0,Good
47,Cuenta propia,Formal,78,1886000.0,0.339,6.5,Independiente,9,684000.0,146,2,2,1,3283000.0,1336000.0,0.407,2810000.0,0.124,Pago total,1138000.0,0,0.0,1,Standard
56,Cuenta propia,Informal,8,4904000.0,0.453,0.7,Sin cotizacion,0,0.0,282,5,0,1,4437000.0,1516000.0,0.342,1516000.0,0.026,Pago superior al mínimo,306000.0,0,0.0,3,Good
44,Independiente,Informal,7,1709000.0,0.684,0.6,Sin cotizacion,0,0.0,149,2,1,1,2606000.0,1110000.0,0.426,3938000.0,0.192,Pago superior al mínimo,503000.0,3,5.9,2,Standard
23,Desempleado,No aplica,0,0.0,0.712,0.0,Sin cotizacion,0,0.0,18,1,0,1,1425000.0,605000.0,0.425,605000.0,2.0,Pago irregular,13000.0,3,17.9,0,Poor
27,Dependiente,Informal,10,1396000.0,0.243,0.8,Sin cotizacion,0,0.0,85,1,0,0,0.0,0.0,0.0,0.0,0.0,No aplica,0.0,0,0.0,1,Standard
38,Dependiente,Formal,34,6711000.0,0.152,2.8,Dependiente,11,6969000.0,170,4,1,1,6652000.0,2395000.0,0.36,20327000.0,0.252,Pago total,2063000.0,1,9.2,0,Good
45,Independiente,Informal,23,12876000.0,0.342,1.9,Sin cotizacion,0,0.0,113,4,1,1,22742000.0,11985000.0,0.527,35970000.0,0.233,Pago superior al mínimo,5971000.0,0,0.0,1,Poor
25,Independiente,Informal,51,7579000.0,0.265,4.2,Sin cotizacion,0,0.0,45,5,0,1,6976000.0,1961000.0,0.281,1961000.0,0.022,Pago total,1757000.0,0,0.0,2,Poor
36,Independiente,Informal,31,965000.0,0.595,2.6,Sin cotizacion,0,0.0,84,1,1,1,1315000.0,112000.0,0.085,1175000.0,0.101,Pago total,102000.0,2,24.1,2,Standard
56,Dependiente,Formal,29,2106000.0,0.045,2.4,Dependiente,12,2051000.0,391,3,0,1,6562000.0,4928000.0,0.751,4928000.0,0.195,Pago superior al mínimo,1073000.0,1,7.2,0,Standard
38,Dependiente,Formal,40,2113000.0,0.07,3.3,Dependiente,11,2135000.0,219,3,0,0,0.0,0.0,0.0,0.0,0.0,No aplica,0.0,0,0.0,1,Good
49,Dependiente,Informal,7,2939000.0,0.177,0.6,Sin cotizacion,0,0.0,281,2,1,1,4231000.0,2030000.0,0.48,11445000.0,0.325,Pago superior al mínimo,715000.0,0,0.0,2,Standard
24,Dependiente,Formal,60,870000.0,0.123,5.0,Dependiente,7,841000.0,46,2,2,0,0.0,0.0,0.0,2080000.0,0.199,No aplica,0.0,0,0.0,0,Standard
33,Independiente,Informal,50,1620000.0,0.582,4.2,Sin cotizacion,0,0.0,77,2,1,0,0.0,0.0,0.0,3709000.0,0.191,No aplica,0.0,0,0.0,1,Good
40,Independiente,Informal,92,7803000.0,0.163,7.7,Sin cotizacion,0,0.0,136,4,1,1,7900000.0,4797000.0,0.607,19322000.0,0.206,Pago superior al mínimo,1572000.0,2,14.3,2,Poor
30,Dependiente,Formal,37,5144000.0,0.069,3.1,Dependiente,12,5259000.0,89,4,2,1,3418000.0,2341000.0,0.685,21806000.0,0.353,Pago mínimo,321000.0,1,9.0,2,Poor
37,Dependiente,Formal,80,2841000.0,0.018,6.7,Dependiente,11,2963000.0,65,2,1,0,0.0,0.0,0.0,6341000.0,0.186,No aplica,0.0,1,6.9,1,Poor
41,Dependiente,Formal,143,3064000.0,0.211,11.9,Dependiente,11,3095000.0,119,1,0,0,0.0,0.0,0.0,0.0,0.0,No aplica,0.0,0,0.0,0,Good
37,Dependiente,Informal,51,3339000.0,0.148,4.2,Sin cotizacion,0,0.0,157,2,1,1,2163000.0,1187000.0,0.549,5652000.0,0.141,Pago total,1074000.0,0,0.0,1,Standard
40,Cuenta propia,Formal,94,4107000.0,0.67,7.8,Independiente,7,1956000.0,205,3,1,1,3327000.0,1388000.0,0.417,16192000.0,0.329,Pago superior al mínimo,640000.0,1,4.4,0,Poor
43,Cuenta propia,Informal,37,1515000.0,0.413,3.1,Sin cotizacion,0,0.0,292,2,0,1,1752000.0,814000.0,0.465,814000.0,0.045,Pago superior al mínimo,347000.0,1,7.9,0,Standard
22,Dependiente,Formal,48,2702000.0,0.108,4.0,Dependiente,9,2624000.0,34,2,0,1,1176000.0,415000.0,0.353,415000.0,0.013,Pago superior al mínimo,85000.0,0,0.0,1,Good
30,Independiente,Informal,16,1593000.0,0.274,1.3,Sin cotizacion,0,0.0,75,3,1,1,1923000.0,1637000.0,0.851,3516000.0,0.184,Pago superior al mínimo,805000.0,1,3.1,0,Poor
41,Cuenta propia,Informal,39,849000.0,0.56,3.2,Sin cotizacion,0,0.0,145,2,0,0,0.0,0.0,0.0,0.0,0.0,No aplica,0.0,0,0.0,0,Standard
25,Cuenta propia,Informal,26,1547000.0,0.303,2.2,Sin cotizacion,0,0.0,44,2,1,0,0.0,0.0,0.0,5334000.0,0.287,No aplica,0.0,1,9.3,1,Poor
21,Dependiente,Informal,19,1723000.0,0.368,1.6,Sin cotizacion,0,0.0,17,1,0,1,1191000.0,714000.0,0.599,714000.0,0.035,Pago mínimo,41000.0,4,23.3,0,Poor
41,Desempleado,No aplica,0,450000.0,0.799,0.0,Sin cotizacion,0,0.0,50,2,1,1,555000.0,457000.0,0.823,1164000.0,0.216,Pago mínimo,24000.0,0,0.0,1,Poor
55,Dependiente,Formal,33,4471000.0,0.239,2.8,Dependiente,12,4489000.0,214,4,1,1,5649000.0,1994000.0,0.353,4449000.0,0.083,Pago superior al mínimo,584000.0,1,2.5,1,Poor
51,Dependiente,Formal,160,8191000.0,0.137,13.3,Dependiente,10,8468000.0,286,5,1,1,12613000.0,6139000.0,0.487,15996000.0,0.163,Pago superior al mínimo,2009000.0,0,0.0,3,Good
33,Dependiente,Formal,39,2116000.0,0.067,3.2,Dependiente,11,2036000.0,145,2,1,1,2756000.0,331000.0,0.12,10239000.0,0.403,Pago total,280000.0,0,0.0,1,Standard
30,Dependiente,Formal,71,2496000.0,0.017,5.9,Dependiente,11,2502000.0,92,4,2,1,2330000.0,1434000.0,0.615,22624000.0,0.755,Pago mínimo,143000.0,2,4.2,2,Poor
54,Dependiente,Formal,82,3130000.0,0.119,6.8,Dependiente,11,3213000.0,177,2,1,1,2626000.0,1261000.0,0.48,3018000.0,0.08,Pago superior al mínimo,618000.0,0,0.0,0,Standard
27,Dependiente,Informal,11,869000.0,0.352,0.9,Sin cotizacion,0,0.0,99,1,0,0,0.0,0.0,0.0,0.0,0.0,No aplica,0.0,0,0.0,0,Good
43,Dependiente,Formal,86,3378000.0,0.005,7.2,Dependiente,6,3504000.0,246,2,1,1,2373000.0,1338000.0,0.564,5514000.0,0.136,Pago superior al mínimo,491000.0,1,2.0,0,Good
42,Cuenta propia,Formal,129,4917000.0,0.339,10.8,Independiente,7,2191000.0,212,5,0,1,11618000.0,3080000.0,0.265,3080000.0,0.052,Pago superior al mínimo,719000.0,0,0.0,2,Poor
43,Cuenta propia,Formal,94,3976000.0,0.48,7.8,Independiente,4,1452000.0,116,2,1,0,0.0,0.0,0.0,2250000.0,0.047,No aplica,0.0,0,0.0,0,Standard
51,Dependiente,Formal,62,6792000.0,0.028,5.2,Dependiente,10,6870000.0,90,4,3,1,13933000.0,9451000.0,0.678,52940000.0,0.65,Pago superior al mínimo,4476000.0,0,0.0,1,Good
30,Cuenta propia,Informal,32,1228000.0,0.3,2.7,Sin cotizacion,0,0.0,62,1,0,0,0.0,0.0,0.0,0.0,0.0,No aplica,0.0,0,0.0,2,Standard
42,Cuenta propia,Informal,27,988000.0,0.579,2.2,Sin cotizacion,0,0.0,134,1,0,0,0.0,0.0,0.0,0.0,0.0,No aplica,0.0,0,0.0,0,Poor
22,Desempleado,No aplica,0,1296000.0,0.651,0.0,Sin cotizacion,0,0.0,24,1,0,0,0.0,0.0,0.0,0.0,0.0,No aplica,0.0,0,0.0,1,Standard
35,Dependiente,Formal,48,9111000.0,0.275,4.0,Dependiente,12,8632000.0,119,5,3,1,9853000.0,6819000.0,0.692,42008000.0,0.384,Pago superior al mínimo,1589000.0,2,6.8,2,Poor
22,Cuenta propia,Informal,13,300000.0,0.501,1.1,Sin cotizacion,0,0.0,28,1,1,1,500000.0,176000.0,0.352,932000.0,0.259,Pago superior al mínimo,59000.0,3,16.9,1,Poor
44,Cuenta propia,Informal,22,936000.0,0.775,1.8,Sin cotizacion,0,0.0,259,1,1,1,1178000.0,1010000.0,0.857,3912000.0,0.348,Pago mínimo,97000.0,4,30.2,0,Poor
25,Independiente,Informal,35,300000.0,0.396,2.9,Sin cotizacion,0,0.0,62,1,0,1,687000.0,193000.0,0.281,193000.0,0.054,Pago total,183000.0,0,0.0,0,Standard
41,Dependiente,Formal,132,3600000.0,0.352,11.0,Dependiente,10,3496000.0,173,3,1,1,3922000.0,1173000.0,0.299,20414000.0,0.473,Pago total,1098000.0,2,3.6,3,Standard
42,Dependiente,Formal,57,5875000.0,0.319,4.8,Dependiente,12,5834000.0,227,2,0,1,2901000.0,2334000.0,0.805,2334000.0,0.033,Pago mínimo,261000.0,0,0.0,1,Standard
37,Independiente,Formal,58,4228000.0,0.361,4.8,Independiente,7,1885000.0,169,3,2,0,0.0,0.0,0.0,51891000.0,1.023,No aplica,0.0,1,3.6,2,Standard
27,Dependiente,Formal,47,5972000.0,0.103,3.9,Dependiente,12,6098000.0,22,2,0,1,9855000.0,6560000.0,0.666,6560000.0,0.092,Pago superior al mínimo,2565000.0,1,6.1,0,Standard
30,Dependiente,Informal,78,3572000.0,0.134,6.5,Sin cotizacion,0,0.0,19,2,0,0,0.0,0.0,0.0,0.0,0.0,No aplica,0.0,0,0.0,0,Good
35,Dependiente,Formal,63,7520000.0,0.24,5.2,Dependiente,10,7532000.0,43,4,2,1,5003000.0,1446000.0,0.289,106456000.0,1.18,Pago superior al mínimo,619000.0,1,7.5,3,Standard
26,Cuenta propia,Informal,48,4114000.0,0.214,4.0,Sin cotizacion,0,0.0,85,3,1,1,8654000.0,4456000.0,0.515,19511000.0,0.395,Pago superior al mínimo,1121000.0,1,3.5,0,Poor
47,Cuenta propia,Informal,42,1726000.0,0.329,3.5,Sin cotizacion,0,0.0,236,3,1,1,1429000.0,918000.0,0.642,4055000.0,0.196,Pago superior al mínimo,452000.0,0,0.0,1,Poor
33,Dependiente,Formal,98,3524000.0,0.062,8.2,Dependiente,10,3587000.0,142,2,1,1,5379000.0,2059000.0,0.383,4219000.0,0.1,Pago superior al mínimo,749000.0,1,6.2,0,Poor
41,Desempleado,No aplica,0,855000.0,0.768,0.0,Sin cotizacion,0,0.0,117,2,1,1,989000.0,348000.0,0.352,1369000.0,0.133,Pago total,329000.0,2,2.5,2,Good
29,Dependiente,Formal,98,2713000.0,0.089,8.2,Dependiente,11,2770000.0,78,3,1,1,3193000.0,1603000.0,0.502,3848000.0,0.118,Pago superior al mínimo,599000.0,0,0.0,0,Poor
21,Cuenta propia,Informal,26,1346000.0,0.663,2.2,Sin cotizacion,0,0.0,20,1,0,0,0.0,0.0,0.0,0.0,0.0,No aplica,0.0,0,0.0,0,Standard
42,Independiente,Informal,21,7766000.0,0.514,1.8,Sin cotizacion,0,0.0,188,2,1,1,13220000.0,4800000.0,0.363,25736000.0,0.276,Pago superior al mínimo,2221000.0,3,21.5,2,Poor
46,Cuenta propia,Informal,78,1448000.0,0.397,6.5,Sin cotizacion,0,0.0,169,1,0,0,0.0,0.0,0.0,0.0,0.0,No aplica,0.0,0,0.0,0,Good
48,Cuenta propia,Informal,21,4180000.0,0.294,1.8,Sin cotizacion,0,0.0,130,3,2,1,5767000.0,2478000.0,0.43,67268000.0,1.341,Pago mínimo,269000.0,1,4.9,1,Poor
24,Dependiente,Formal,68,2090000.0,0.009,5.7,Dependiente,11,2121000.0,55,2,1,0,0.0,0.0,0.0,2339000.0,0.093,No aplica,0.0,0,0.0,0,Poor
72,Pensionado,No aplica,142,1712000.0,0.071,11.8,Pensionado,12,1682000.0,396,2,1,0,0.0,0.0,0.0,1306000.0,0.064,No aplica,0.0,0,0.0,1,Standard
68,Dependiente,Formal,96,6799000.0,0.116,8.0,Dependiente,10,6539000.0,433,4,2,1,7342000.0,4341000.0,0.591,18273000.0,0.224,Pago superior al mínimo,993000.0,1,9.6,1,Standard
53,Independiente,Formal,56,5857000.0,0.227,4.7,Independiente,3,2290000.0,270,2,1,1,6603000.0,529000.0,0.08,37407000.0,0.532,Pago total,516000.0,0,0.0,0,Standard
37,Independiente,Informal,19,521000.0,0.14,1.6,Sin cotizacion,0,0.0,90,1,0,1,500000.0,68000.0,0.136,68000.0,0.011,Pago total,56000.0,0,0.0,0,Standard
52,Independiente,Formal,70,2532000.0,0.085,5.8,Independiente,6,932000.0,268,2,2,1,3516000.0,2365000.0,0.673,25364000.0,0.835,Pago total,2139000.0,0,0.0,0,Poor
35,Dependiente,Formal,124,1099000.0,0.047,10.3,Dependiente,12,1126000.0,175,3,2,1,1661000.0,996000.0,0.6,9805000.0,0.743,Pago superior al mínimo,260000.0,0,0.0,3,Poor
60,Desempleado,No aplica,0,0.0,0.531,0.0,Sin cotizacion,0,0.0,150,1,1,0,0.0,0.0,0.0,0.0,0.0,No aplica,0.0,2,25.0,1,Standard
48,Dependiente,Formal,44,3370000.0,0.044,3.7,Dependiente,12,3576000.0,329,1,0,1,17931000.0,6663000.0,0.372,6663000.0,0.165,Pago superior al mínimo,1574000.0,1,8.8,0,Standard
46,Dependiente,Formal,102,4422000.0,0.107,8.5,Dependiente,8,4522000.0,276,4,1,1,6176000.0,1526000.0,0.247,17657000.0,0.333,Pago total,1258000.0,0,0.0,0,Standard
41,Independiente,Formal,45,7623000.0,0.555,3.8,Independiente,10,2497000.0,244,2,2,1,9386000.0,1498000.0,0.16,33117000.0,0.362,Pago total,1458000.0,0,0.0,0,Standard
48,Dependiente,Formal,21,4160000.0,0.092,1.8,Dependiente,5,4055000.0,188,4,0,0,0.0,0.0,0.0,0.0,0.0,No aplica,0.0,0,0.0,1,Good
47,Cuenta propia,Informal,34,5898000.0,0.437,2.8,Sin cotizacion,0,0.0,108,4,2,1,4717000.0,900000.0,0.191,42076000.0,0.594,Pago superior al mínimo,273000.0,2,6.0,1,Poor
49,Dependiente,Formal,40,8216000.0,0.141,3.3,Dependiente,9,8222000.0,334,4,1,1,9045000.0,7006000.0,0.775,15235000.0,0.155,Pago superior al mínimo,2143000.0,0,0.0,1,Good
30,Dependiente,Formal,47,4729000.0,0.179,3.9,Dependiente,10,4458000.0,100,4,2,1,6222000.0,3335000.0,0.536,21946000.0,0.387,Pago superior al mínimo,1353000.0,1,6.8,1,Poor
24,Cuenta propia,Informal,14,4201000.0,0.414,1.2,Sin cotizacion,0,0.0,41,4,2,1,3515000.0,1045000.0,0.297,12508000.0,0.248,Pago superior al mínimo,470000.0,1,4.0,0,Standard
31,Dependiente,Formal,149,2141000.0,0.165,12.4,Dependiente,12,2144000.0,67,1,0,0,0.0,0.0,0.0,0.0,0.0,No aplica,0.0,0,0.0,0,Standard
19,Dependiente,Formal,11,1722000.0,0.083,0.9,Dependiente,5,1754000.0,6,3,0,1,3040000.0,666000.0,0.219,666000.0,0.032,Pago total,642000.0,2,2.8,1,Standard
38,Independiente,Informal,34,3923000.0,0.198,2.8,Sin cotizacion,0,0.0,146,3,1,0,0.0,0.0,0.0,12287000.0,0.261,No aplica,0.0,0,0.0,0,Good
31,Dependiente,Formal,57,1829000.0,0.267,4.8,Dependiente,12,1932000.0,34,2,0,1,2149000.0,1158000.0,0.539,1158000.0,0.053,Pago superior al mínimo,457000.0,1,4.0,1,Standard
38,Independiente,Formal,36,3304000.0,0.386,3.0,Independiente,6,1562000.0,218,3,0,1,5752000.0,1710000.0,0.297,1710000.0,0.043,Pago superior al mínimo,710000.0,0,0.0,2,Good
32,Dependiente,Formal,68,4785000.0,0.202,5.7,Dependiente,12,4557000.0,44,5,2,1,4212000.0,1519000.0,0.361,81620000.0,1.421,Pago superior al mínimo,584000.0,3,17.6,1,Good
44,Cuenta propia,Informal,55,5976000.0,0.545,4.6,Sin cotizacion,0,0.0,136,4,2,1,8696000.0,2865000.0,0.329,13119000.0,0.183,Pago superior al mínimo,1288000.0,1,6.0,2,Poor
51,Cuenta propia,Informal,36,1933000.0,0.297,3.0,Sin cotizacion,0,0.0,253,1,0,0,0.0,0.0,0.0,0.0,0.0,No aplica,0.0,0,0.0,1,Good
32,Independiente,Informal,61,1531000.0,0.406,5.1,Sin cotizacion,0,0.0,134,1,0,1,1809000.0,439000.0,0.243,439000.0,0.024,Pago total,381000.0,1,15.7,0,Poor
30,Dependiente,Formal,144,3819000.0,0.139,12.0,Dependiente,11,3801000.0,84,4,3,1,8840000.0,2959000.0,0.335,22940000.0,0.501,Pago total,2508000.0,1,4.1,5,Standard
37,Cuenta propia,Informal,26,975000.0,0.504,2.2,Sin cotizacion,0,0.0,50,1,0,0,0.0,0.0,0.0,0.0,0.0,No aplica,0.0,0,0.0,0,Standard
46,Independiente,Formal,49,3865000.0,0.227,4.1,Independiente,8,1530000.0,230,3,0,0,0.0,0.0,0.0,0.0,0.0,No aplica,0.0,0,0.0,0,Standard
49,Independiente,Formal,154,4387000.0,0.17,12.8,Independiente,11,1630000.0,27,5,2,0,0.0,0.0,0.0,34454000.0,0.654,No aplica,0.0,0,0.0,4,Standard
37,Dependiente,Formal,83,3527000.0,0.125,6.9,Dependiente,9,3541000.0,105,1,0,1,4669000.0,3292000.0,0.705,3292000.0,0.078,Pago superior al mínimo,853000.0,0,0.0,0,Poor
42,Cuenta propia,Informal,29,2317000.0,0.238,2.4,Sin cotizacion,0,0.0,30,2,0,1,1706000.0,512000.0,0.3,512000.0,0.018,Pago superior al mínimo,195000.0,0,0.0,1,Standard
19,Desempleado,No aplica,0,0.0,0.893,0.0,Sin cotizacion,0,0.0,1,2,1,0,0.0,0.0,0.0,0.0,0.0,No aplica,0.0,2,2.4,2,Good
28,Dependiente,Formal,120,2516000.0,0.125,10.0,Dependiente,9,2508000.0,18,1,1,1,2932000.0,428000.0,0.146,3375000.0,0.112,Pago total,363000.0,1,4.8,0,Good
31,Dependiente,Formal,23,2729000.0,0.095,1.9,Dependiente,6,2796000.0,99,3,0,1,1627000.0,1298000.0,0.798,1298000.0,0.04,Pago superior al mínimo,310000.0,0,0.0,1,Poor
43,Cuenta propia,Informal,29,4430000.0,0.544,2.4,Sin cotizacion,0,0.0,161,5,1,0,0.0,0.0,0.0,9431000.0,0.177,No aplica,0.0,0,0.0,4,Poor
33,Dependiente,Formal,64,3050000.0,0.152,5.3,Dependiente,10,3216000.0,146,1,0,1,4537000.0,1555000.0,0.343,1555000.0,0.042,Pago total,1544000.0,0,0.0,2,Good
37,Desempleado,No aplica,0,1395000.0,0.944,0.0,Sin cotizacion,0,0.0,178,2,0,0,0.0,0.0,0.0,0.0,0.0,No aplica,0.0,0,0.0,1,Poor
36,Independiente,Formal,115,3293000.0,0.295,9.6,Independiente,4,1335000.0,205,4,1,1,7992000.0,2700000.0,0.338,7769000.0,0.197,Pago superior al mínimo,846000.0,0,0.0,1,Poor
43,Independiente,Formal,119,2479000.0,0.381,9.9,Independiente,8,943000.0,251,4,2,1,3586000.0,1373000.0,0.383,32326000.0,1.087,Pago superior al mínimo,643000.0,3,7.7,2,Poor
39,Dependiente,Formal,146,5099000.0,0.165,12.2,Dependiente,4,4890000.0,64,3,1,1,7495000.0,2350000.0,0.314,14904000.0,0.244,Pago superior al mínimo,967000.0,0,0.0,1,Poor
48,Dependiente,Formal,46,5319000.0,0.144,3.8,Dependiente,8,5754000.0,213,5,1,0,0.0,0.0,0.0,14725000.0,0.231,No aplica,0.0,1,11.4,1,Standard
50,Cuenta propia,Formal,92,2690000.0,0.813,7.7,Independiente,12,1174000.0,313,3,0,1,4159000.0,2830000.0,0.68,2830000.0,0.088,Pago mínimo,240000.0,1,9.9,0,Standard
33,Dependiente,Formal,28,7498000.0,0.317,2.3,Dependiente,12,7618000.0,130,4,0,1,6542000.0,2630000.0,0.402,2630000.0,0.029,Pago superior al mínimo,638000.0,1,3.3,0,Poor
50,Cuenta propia,Informal,34,2268000.0,0.555,2.8,Sin cotizacion,0,0.0,298,2,0,1,2097000.0,585000.0,0.279,585000.0,0.021,Pago total,566000.0,0,0.0,2,Good
45,Dependiente,Formal,47,3453000.0,0.176,3.9,Dependiente,9,3430000.0,147,2,1,0,0.0,0.0,0.0,3935000.0,0.095,No aplica,0.0,0,0.0,1,Poor
32,Dependiente,Formal,60,2825000.0,0.082,5.0,Dependiente,12,3007000.0,100,2,1,0,0.0,0.0,0.0,6176000.0,0.182,No aplica,0.0,2,1.9,0,Poor
31,Dependiente,Formal,137,1657000.0,0.078,11.4,Dependiente,11,1646000.0,126,1,1,1,2728000.0,1034000.0,0.379,4211000.0,0.212,Pago superior al mínimo,483000.0,3,22.6,0,Poor
54,Dependiente,Formal,45,5373000.0,0.152,3.8,Dependiente,8,5005000.0,208,4,1,1,6301000.0,2802000.0,0.445,19589000.0,0.304,Pago superior al mínimo,714000.0,0,0.0,0,Good
26,Desempleado,No aplica,0,510000.0,0.656,0.0,Sin cotizacion,0,0.0,77,1,0,0,0.0,0.0,0.0,0.0,0.0,No aplica,0.0,0,0.0,0,Poor
33,Dependiente,Formal,34,1223000.0,0.167,2.8,Dependiente,10,1236000.0,150,1,1,1,4105000.0,1365000.0,0.333,5133000.0,0.35,Pago superior al mínimo,530000.0,1,6.6,0,Poor
58,Dependiente,Formal,99,4419000.0,0.112,8.2,Dependiente,12,4202000.0,203,5,3,0,0.0,0.0,0.0,18394000.0,0.347,No aplica,0.0,0,0.0,4,Standard
26,Dependiente,Formal,17,7366000.0,0.012,1.4,Dependiente,12,7445000.0,32,2,1,0,0.0,0.0,0.0,16021000.0,0.181,No aplica,0.0,1,19.7,1,Poor
37,Dependiente,Formal,52,2616000.0,0.293,4.3,Dependiente,12,2757000.0,202,3,1,0,0.0,0.0,0.0,9853000.0,0.314,No aplica,0.0,2,8.1,1,Good
45,Dependiente,Formal,19,3554000.0,0.153,1.6,Dependiente,11,3316000.0,84,1,1,0,0.0,0.0,0.0,4751000.0,0.111,No aplica,0.0,1,0.6,0,Standard
42,Cuenta propia,Informal,10,4427000.0,0.379,0.8,Sin cotizacion,0,0.0,213,4,2,1,11025000.0,3126000.0,0.284,64226000.0,1.209,Pago superior al mínimo,1153000.0,2,18.1,1,Poor
30,Dependiente,Formal,19,3726000.0,0.082,1.6,Dependiente,11,3592000.0,49,2,0,1,3449000.0,1494000.0,0.433,1494000.0,0.033,Pago superior al mínimo,715000.0,1,13.9,1,Good
38,Dependiente,Formal,88,2329000.0,0.048,7.3,Dependiente,11,2410000.0,115,1,1,1,2187000.0,1420000.0,0.649,3593000.0,0.129,Pago total,1320000.0,0,0.0,2,Poor
49,Dependiente,Informal,34,6320000.0,0.09,2.8,Sin cotizacion,0,0.0,31,4,2,1,4453000.0,3358000.0,0.754,24745000.0,0.326,Pago irregular,73000.0,5,61.5,0,Poor
49,Desempleado,No aplica,0,0.0,0.627,0.0,Sin cotizacion,0,0.0,67,2,2,0,0.0,0.0,0.0,0.0,0.0,No aplica,0.0,1,13.8,2,Good
34,Dependiente,Informal,9,5330000.0,0.413,0.8,Sin cotizacion,0,0.0,163,4,3,1,4923000.0,3583000.0,0.728,48121000.0,0.752,Pago superior al mínimo,1486000.0,1,8.6,0,Poor
27,Dependiente,Formal,23,2307000.0,0.048,1.9,Dependiente,12,2261000.0,61,4,1,0,0.0,0.0,0.0,4649000.0,0.168,No aplica,0.0,0,0.0,3,Standard
48,Independiente,Informal,21,3091000.0,0.279,1.8,Sin cotizacion,0,0.0,275,1,0,1,3583000.0,1333000.0,0.372,1333000.0,0.036,Pago total,1207000.0,0,0.0,1,Good
34,Independiente,Informal,29,356000.0,0.455,2.4,Sin cotizacion,0,0.0,37,1,1,0,0.0,0.0,0.0,297000.0,0.07,No aplica,0.0,0,0.0,2,Poor
40,Dependiente,Formal,168,1892000.0,0.122,14.0,Dependiente,12,1923000.0,141,2,0,0,0.0,0.0,0.0,0.0,0.0,No aplica,0.0,0,0.0,0,Good
41,Dependiente,Formal,17,3998000.0,0.024,1.4,Dependiente,5,4065000.0,61,2,1,1,5904000.0,1276000.0,0.216,32244000.0,0.672,Pago total,1109000.0,1,2.7,1,Standard
31,Cuenta propia,Informal,11,4573000.0,0.507,0.9,Sin cotizacion,0,0.0,117,4,1,1,5629000.0,4169000.0,0.741,10429000.0,0.19,Pago superior al mínimo,1594000.0,1,4.5,1,Poor
44,Dependiente,Formal,112,2079000.0,0.112,9.3,Dependiente,11,2153000.0,161,3,0,0,0.0,0.0,0.0,0.0,0.0,No aplica,0.0,0,0.0,0,Good
59,Desempleado,No aplica,0,0.0,0.631,0.0,Sin cotizacion,0,0.0,109,2,1,0,0.0,0.0,0.0,0.0,0.0,No aplica,0.0,1,8.8,2,Good
51,Independiente,Formal,107,1569000.0,0.63,8.9,Independiente,10,587000.0,133,2,1,1,5119000.0,2277000.0,0.445,5938000.0,0.315,Pago mínimo,333000.0,4,29.4,1,Poor
21,Independiente,Informal,36,3661000.0,0.338,3.0,Sin cotizacion,0,0.0,29,3,0,1,7238000.0,2858000.0,0.395,2858000.0,0.065,Pago total,2754000.0,1,4.9,1,Poor
43,Dependiente,Formal,15,2568000.0,0.061,1.2,Dependiente,6,2311000.0,184,1,0,1,4168000.0,2202000.0,0.528,2202000.0,0.071,Pago superior al mínimo,931000.0,1,13.6,2,Good
41,Dependiente,Formal,89,4482000.0,0.116,7.4,Dependiente,10,4553000.0,169,4,1,0,0.0,0.0,0.0,9732000.0,0.181,No aplica,0.0,0,0.0,2,Standard
59,Cuenta propia,Informal,37,4065000.0,0.475,3.1,Sin cotizacion,0,0.0,251,3,0,1,6694000.0,2109000.0,0.315,2109000.0,0.043,Pago total,1719000.0,1,17.2,0,Poor
24,Dependiente,Formal,72,5543000.0,0.08,6.0,Dependiente,12,5195000.0,37,3,2,0,0.0,0.0,0.0,14722000.0,0.221,No aplica,0.0,1,11.2,0,Poor
30,Dependiente,Formal,69,5416000.0,0.165,5.8,Dependiente,12,5619000.0,44,3,1,1,2803000.0,1092000.0,0.39,7371000.0,0.113,Pago total,900000.0,0,0.0,0,Good
61,Independiente,Formal,76,12945000.0,0.234,6.3,Independiente,11,5156000.0,311,5,1,1,5864000.0,2669000.0,0.455,28188000.0,0.181,Pago total,2462000.0,0,0.0,0,Standard
40,Desempleado,No aplica,0,0.0,0.48,0.0,Sin cotizacion,0,0.0,58,1,0,1,1488000.0,569000.0,0.382,569000.0,2.0,Pago mínimo,30000.0,2,21.0,0,Poor
55,Independiente,Formal,67,5095000.0,0.284,5.6,Independiente,5,1978000.0,295,4,1,1,9923000.0,2363000.0,0.238,7504000.0,0.123,Pago total,2194000.0,1,4.1,1,Good
60,Pensionado,No aplica,369,1602000.0,0.171,30.8,Pensionado,12,1635000.0,226,2,1,1,1653000.0,627000.0,0.379,6211000.0,0.323,Pago superior al mínimo,182000.0,0,0.0,1,Poor
19,Dependiente,Formal,12,2468000.0,0.2,1.0,Dependiente,10,2296000.0,10,4,1,0,0.0,0.0,0.0,8154000.0,0.275,No aplica,0.0,2,5.9,2,Standard
37,Dependiente,Formal,37,2222000.0,0.128,3.1,Dependiente,8,2204000.0,184,2,2,1,3438000.0,1251000.0,0.364,10562000.0,0.396,Pago total,1041000.0,1,15.4,0,Good
34,Dependiente,Formal,32,3397000.0,0.112,2.7,Dependiente,11,3458000.0,113,3,1,1,6170000.0,2985000.0,0.484,6187000.0,0.152,Pago superior al mínimo,638000.0,3,15.8,3,Good
53,Dependiente,Formal,74,3056000.0,0.145,6.2,Dependiente,12,3087000.0,342,3,1,1,6315000.0,1983000.0,0.314,4924000.0,0.134,Pago total,1670000.0,1,2.0,0,Standard
23,Dependiente,Formal,54,4300000.0,0.123,4.5,Dependiente,12,4216000.0,3,3,1,1,4446000.0,2771000.0,0.623,13632000.0,0.264,Pago superior al mínimo,1133000.0,0,0.0,2,Good
29,Dependiente,Formal,12,4423000.0,0.004,1.0,Dependiente,12,4338000.0,71,3,1,1,5230000.0,2044000.0,0.391,13681000.0,0.258,Pago total,1819000.0,0,0.0,0,Good
32,Cuenta propia,Informal,40,1026000.0,0.356,3.3,Sin cotizacion,0,0.0,2,1,1,0,0.0,0.0,0.0,2084000.0,0.169,No aplica,0.0,0,0.0,1,Standard
33,Cuenta propia,Informal,17,1977000.0,0.657,1.4,Sin cotizacion,0,0.0,70,2,1,0,0.0,0.0,0.0,5579000.0,0.235,No aplica,0.0,1,12.7,2,Poor
45,Independiente,Formal,74,6488000.0,0.437,6.2,Independiente,4,2996000.0,275,3,1,1,7130000.0,5960000.0,0.836,24267000.0,0.312,Pago superior al mínimo,1251000.0,2,11.6,1,Standard
40,Dependiente,Formal,67,3406000.0,0.069,5.6,Dependiente,7,3530000.0,229,3,1,0,0.0,0.0,0.0,6907000.0,0.169,No aplica,0.0,0,0.0,1,Good
63,Dependiente,Formal,54,2875000.0,0.092,4.5,Dependiente,12,2799000.0,241,2,1,1,2713000.0,1700000.0,0.627,7757000.0,0.225,Pago superior al mínimo,375000.0,0,0.0,0,Good
46,Dependiente,Formal,39,2394000.0,0.213,3.2,Dependiente,12,2523000.0,227,2,0,0,0.0,0.0,0.0,0.0,0.0,No aplica,0.0,0,0.0,0,Good
61,Cuenta propia,Formal,75,4201000.0,0.58,6.2,Independiente,9,1807000.0,229,5,1,1,5855000.0,2262000.0,0.386,5181000.0,0.103,Pago superior al mínimo,848000.0,0,0.0,2,Good
30,Cuenta propia,Informal,33,3601000.0,0.575,2.8,Sin cotizacion,0,0.0,64,2,0,1,2830000.0,2056000.0,0.727,2056000.0,0.048,Pago superior al mínimo,928000.0,0,0.0,1,Standard
22,Independiente,Informal,19,1893000.0,0.193,1.6,Sin cotizacion,0,0.0,37,1,0,1,4478000.0,3714000.0,0.829,3714000.0,0.163,Pago mínimo,407000.0,0,0.0,1,Good
29,Dependiente,Formal,80,4613000.0,0.332,6.7,Dependiente,10,4703000.0,30,3,1,0,0.0,0.0,0.0,9423000.0,0.17,No aplica,0.0,2,17.6,1,Good
20,Cuenta propia,Informal,24,300000.0,0.379,2.0,Sin cotizacion,0,0.0,19,2,0,0,0.0,0.0,0.0,0.0,0.0,No aplica,0.0,0,0.0,0,Standard
54,Dependiente,Formal,65,7251000.0,0.1,5.4,Dependiente,11,7404000.0,133,3,2,1,9008000.0,3134000.0,0.348,29327000.0,0.337,Pago superior al mínimo,989000.0,0,0.0,2,Poor
59,Dependiente,Formal,42,3718000.0,0.273,3.5,Dependiente,11,3548000.0,399,2,0,0,0.0,0.0,0.0,0.0,0.0,No aplica,0.0,0,0.0,0,Good
58,Cuenta propia,Informal,44,2551000.0,0.572,3.7,Sin cotizacion,0,0.0,395,2,0,1,3019000.0,126000.0,0.042,126000.0,0.004,Pago total,112000.0,1,3.1,0,Standard
35,Independiente,Formal,121,3137000.0,0.439,10.1,Independiente,7,1444000.0,175,2,2,0,0.0,0.0,0.0,7410000.0,0.197,No aplica,0.0,0,0.0,2,Poor
48,Dependiente,Formal,64,7477000.0,0.092,5.3,Dependiente,10,7762000.0,109,3,2,1,4583000.0,1811000.0,0.395,45663000.0,0.509,Pago total,1594000.0,1,3.1,0,Good
28,Dependiente,Formal,79,2004000.0,0.362,6.6,Dependiente,11,2024000.0,76,2,0,0,0.0,0.0,0.0,0.0,0.0,No aplica,0.0,0,0.0,1,Good
43,Desempleado,No aplica,0,2025000.0,0.746,0.0,Sin cotizacion,0,0.0,86,2,0,1,1493000.0,959000.0,0.642,959000.0,0.039,Pago mínimo,134000.0,2,5.3,1,Poor
35,Dependiente,Formal,21,2249000.0,0.099,1.8,Dependiente,8,2271000.0,96,2,0,1,4674000.0,2117000.0,0.453,2117000.0,0.078,Pago total,1758000.0,0,0.0,0,Poor
45,Dependiente,Formal,59,5067000.0,0.028,4.9,Dependiente,12,5048000.0,76,4,1,1,36256000.0,18666000.0,0.515,28391000.0,0.467,Pago superior al mínimo,5870000.0,0,0.0,2,Good
24,Dependiente,Informal,44,5926000.0,0.012,3.7,Sin cotizacion,0,0.0,27,4,1,1,10897000.0,8002000.0,0.734,22331000.0,0.314,Pago superior al mínimo,2340000.0,1,7.8,1,Poor
49,Dependiente,Formal,90,2359000.0,0.037,7.5,Dependiente,9,2305000.0,138,2,0,1,2715000.0,255000.0,0.094,255000.0,0.009,Pago total,234000.0,0,0.0,1,Standard
33,Dependiente,Formal,61,3232000.0,0.284,5.1,Dependiente,11,3301000.0,144,2,1,0,0.0,0.0,0.0,1784000.0,0.046,No aplica,0.0,0,0.0,2,Good
30,Cuenta propia,Informal,11,4031000.0,0.207,0.9,Sin cotizacion,0,0.0,107,3,2,1,3900000.0,603000.0,0.155,14974000.0,0.31,Pago superior al mínimo,246000.0,3,16.4,1,Good
45,Dependiente,Formal,99,5009000.0,0.15,8.2,Dependiente,11,4850000.0,129,4,3,0,0.0,0.0,0.0,45639000.0,0.759,No aplica,0.0,3,12.4,2,Poor
31,Dependiente,Formal,104,4423000.0,0.062,8.7,Dependiente,10,4450000.0,94,3,1,1,3425000.0,1828000.0,0.534,8736000.0,0.165,Pago superior al mínimo,649000.0,0,0.0,2,Good
41,Independiente,Informal,42,2807000.0,0.292,3.5,Sin cotizacion,0,0.0,157,3,0,1,1791000.0,649000.0,0.362,649000.0,0.019,Pago total,648000.0,1,5.7,1,Standard
45,Dependiente,Formal,67,1172000.0,0.026,5.6,Dependiente,9,1177000.0,172,2,1,1,1770000.0,893000.0,0.505,2985000.0,0.212,Pago superior al mínimo,247000.0,0,0.0,1,Standard
32,Cuenta propia,Informal,11,2345000.0,0.803,0.9,Sin cotizacion,0,0.0,57,4,2,1,3180000.0,2441000.0,0.768,13378000.0,0.475,Pago superior al mínimo,502000.0,2,10.1,2,Poor
29,Cuenta propia,Informal,71,2457000.0,0.753,5.9,Sin cotizacion,0,0.0,69,2,0,1,2256000.0,948000.0,0.42,948000.0,0.032,Pago superior al mínimo,395000.0,1,4.5,1,Standard
43,Dependiente,Formal,79,6307000.0,0.036,6.6,Dependiente,11,6404000.0,251,3,2,1,7962000.0,4370000.0,0.549,29462000.0,0.389,Pago superior al mínimo,1195000.0,1,3.8,1,Standard
56,Cuenta propia,Informal,15,1366000.0,0.426,1.2,Sin cotizacion,0,0.0,225,3,0,1,1957000.0,339000.0,0.173,339000.0,0.021,Pago total,337000.0,0,0.0,1,Good
22,Independiente,Informal,8,7815000.0,0.372,0.7,Sin cotizacion,0,0.0,31,4,1,1,4650000.0,459000.0,0.099,37168000.0,0.396,Pago superior al mínimo,202000.0,1,4.5,1,Poor
51,Desempleado,No aplica,0,0.0,0.453,0.0,Sin cotizacion,0,0.0,138,1,0,0,0.0,0.0,0.0,0.0,0.0,No aplica,0.0,0,0.0,1,Good
20,Independiente,Formal,22,2643000.0,0.181,1.8,Independiente,4,1157000.0,10,3,2,0,0.0,0.0,0.0,14982000.0,0.472,No aplica,0.0,1,0.2,2,Poor
65,Pensionado,No aplica,199,2006000.0,0.198,16.6,Pensionado,12,2030000.0,170,2,0,1,4098000.0,922000.0,0.225,922000.0,0.038,Pago total,853000.0,0,0.0,0,Good
36,Independiente,Formal,106,3253000.0,0.388,8.8,Independiente,8,1391000.0,158,3,0,0,0.0,0.0,0.0,0.0,0.0,No aplica,0.0,0,0.0,0,Standard
26,Dependiente,Formal,96,2620000.0,0.175,8.0,Dependiente,9,2417000.0,20,2,1,0,0.0,0.0,0.0,7089000.0,0.225,No aplica,0.0,0,0.0,1,Good
55,Independiente,Formal,41,7128000.0,0.622,3.4,Independiente,5,2982000.0,310,5,3,1,17825000.0,3672000.0,0.206,56444000.0,0.66,Pago total,3455000.0,1,3.5,6,Poor
39,Desempleado,No aplica,0,1274000.0,0.614,0.0,Sin cotizacion,0,0.0,122,1,0,1,1671000.0,506000.0,0.303,506000.0,0.033,Pago superior al mínimo,223000.0,0,0.0,0,Good
30,Cuenta propia,Formal,124,1088000.0,0.629,10.3,Independiente,12,438000.0,93,1,0,0,0.0,0.0,0.0,0.0,0.0,No aplica,0.0,0,0.0,0,Good
25,Dependiente,Formal,84,3055000.0,0.106,7.0,Dependiente,11,3100000.0,73,3,2,0,0.0,0.0,0.0,27513000.0,0.75,No aplica,0.0,3,18.7,0,Good
61,Cuenta propia,Informal,52,795000.0,0.691,4.3,Sin cotizacion,0,0.0,393,2,2,1,2506000.0,1310000.0,0.523,5528000.0,0.579,Pago superior al mínimo,531000.0,1,11.0,4,Standard
37,Dependiente,Formal,24,5086000.0,0.089,2.0,Dependiente,8,4978000.0,114,4,3,1,8698000.0,874000.0,0.1,15920000.0,0.261,Pago superior al mínimo,257000.0,1,5.8,1,Standard
33,Dependiente,Formal,51,3197000.0,0.035,4.2,Dependiente,12,3344000.0,173,3,2,1,8762000.0,5777000.0,0.659,30870000.0,0.805,Pago superior al mínimo,2033000.0,1,7.9,1,Poor
48,Dependiente,Formal,62,5128000.0,0.176,5.2,Dependiente,9,5179000.0,182,5,1,0,0.0,0.0,0.0,6212000.0,0.101,No aplica,0.0,0,0.0,1,Standard
33,Dependiente,Formal,96,3155000.0,0.044,8.0,Dependiente,9,3061000.0,110,3,0,0,0.0,0.0,0.0,0.0,0.0,No aplica,0.0,0,0.0,0,Poor
25,Cuenta propia,Informal,52,2610000.0,0.685,4.3,Sin cotizacion,0,0.0,55,3,2,1,3121000.0,1352000.0,0.433,16504000.0,0.527,Pago superior al mínimo,398000.0,1,9.3,1,Standard
53,Dependiente,Formal,79,3908000.0,0.013,6.6,Dependiente,8,3819000.0,326,2,1,0,0.0,0.0,0.0,3684000.0,0.079,No aplica,0.0,1,2.9,1,Good
45,Cuenta propia,Formal,66,3769000.0,0.494,5.5,Independiente,11,1644000.0,220,3,1,1,7716000.0,4902000.0,0.635,7462000.0,0.165,Pago irregular,276000.0,2,4.1,1,Standard
42,Dependiente,Formal,60,4783000.0,0.048,5.0,Dependiente,11,4767000.0,180,5,2,1,7062000.0,4189000.0,0.593,20207000.0,0.352,Pago total,3358000.0,2,18.7,2,Good
43,Dependiente,Formal,72,4151000.0,0.102,6.0,Dependiente,6,4150000.0,172,3,0,1,3779000.0,861000.0,0.228,861000.0,0.017,Pago total,755000.0,0,0.0,0,Good
62,Independiente,Formal,40,2457000.0,0.387,3.3,Independiente,2,963000.0,213,3,1,1,4489000.0,2627000.0,0.585,17126000.0,0.581,Pago superior al mínimo,650000.0,1,6.9,0,Poor
20,Dependiente,Formal,24,2403000.0,0.073,2.0,Dependiente,11,2500000.0,18,1,0,1,5049000.0,2558000.0,0.507,2558000.0,0.089,Pago superior al mínimo,1240000.0,1,7.5,0,Good
25,Dependiente,Formal,35,2201000.0,0.209,2.9,Dependiente,11,2243000.0,59,3,1,1,2952000.0,319000.0,0.108,2619000.0,0.099,Pago total,301000.0,1,8.2,1,Poor
34,Dependiente,Formal,45,6577000.0,0.063,3.8,Dependiente,12,6265000.0,98,3,2,1,8274000.0,4830000.0,0.584,17785000.0,0.225,Pago superior al mínimo,1695000.0,1,12.0,0,Good
44,Independiente,Informal,6,5078000.0,0.408,0.5,Sin cotizacion,0,0.0,171,5,2,0,0.0,0.0,0.0,12790000.0,0.21,No aplica,0.0,3,68.7,1,Poor
30,Dependiente,Formal,44,3363000.0,0.074,3.7,Dependiente,10,3232000.0,75,2,1,1,7321000.0,5253000.0,0.718,7164000.0,0.178,Pago superior al mínimo,1432000.0,1,6.9,3,Poor
35,Dependiente,Formal,71,2715000.0,0.02,5.9,Dependiente,11,2715000.0,69,2,0,1,2222000.0,1187000.0,0.534,1187000.0,0.036,Pago superior al mínimo,244000.0,2,7.5,0,Poor
49,Dependiente,Formal,131,2797000.0,0.232,10.9,Dependiente,12,2725000.0,192,4,0,0,0.0,0.0,0.0,0.0,0.0,No aplica,0.0,0,0.0,2,Standard
59,Desempleado,No aplica,0,963000.0,0.513,0.0,Sin cotizacion,0,0.0,368,1,1,1,930000.0,249000.0,0.268,4806000.0,0.416,Pago superior al mínimo,106000.0,1,3.1,1,Poor
50,Cuenta propia,Formal,44,2044000.0,0.277,3.7,Independiente,10,654000.0,214,2,1,1,2238000.0,269000.0,0.12,14088000.0,0.574,Pago total,242000.0,0,0.0,0,Poor
37,Dependiente,Formal,58,3709000.0,0.192,4.8,Dependiente,10,3598000.0,107,3,0,1,4161000.0,2167000.0,0.521,2167000.0,0.049,Pago total,1772000.0,1,3.8,2,Standard
49,Dependiente,Formal,81,4865000.0,0.027,6.8,Dependiente,8,4811000.0,281,3,2,1,3784000.0,1613000.0,0.426,19005000.0,0.326,Pago superior al mínimo,601000.0,3,37.1,2,Poor
55,Dependiente,Formal,55,7839000.0,0.29,4.6,Dependiente,11,7714000.0,136,2,1,0,0.0,0.0,0.0,9560000.0,0.102,No aplica,0.0,1,7.4,1,Good
39,Desempleado,No aplica,0,1226000.0,0.674,0.0,Sin cotizacion,0,0.0,92,2,1,1,1005000.0,526000.0,0.523,2322000.0,0.158,Pago superior al mínimo,112000.0,0,0.0,0,Poor
38,Dependiente,Formal,107,2914000.0,0.097,8.9,Dependiente,12,2998000.0,205,3,0,1,5283000.0,3776000.0,0.715,3776000.0,0.108,Pago total,3348000.0,0,0.0,1,Standard
31,Dependiente,Formal,20,3060000.0,0.144,1.7,Dependiente,8,2786000.0,47,2,2,1,3344000.0,1011000.0,0.302,7344000.0,0.2,Pago total,898000.0,0,0.0,2,Standard
68,Independiente,Formal,86,2570000.0,0.408,7.2,Independiente,9,949000.0,382,2,2,1,1510000.0,241000.0,0.16,11205000.0,0.363,Pago total,234000.0,1,11.2,1,Good
46,Dependiente,Formal,69,4489000.0,0.103,5.8,Dependiente,10,4632000.0,243,4,2,1,6109000.0,3446000.0,0.564,35386000.0,0.657,Pago mínimo,513000.0,1,2.4,3,Standard
24,Dependiente,Formal,41,2759000.0,0.181,3.4,Dependiente,8,2685000.0,52,3,0,1,4789000.0,2765000.0,0.577,2765000.0,0.084,Pago superior al mínimo,672000.0,1,3.1,1,Standard
40,Cuenta propia,Informal,49,2745000.0,0.6,4.1,Sin cotizacion,0,0.0,177,3,0,0,0.0,0.0,0.0,0.0,0.0,No aplica,0.0,0,0.0,0,Good
41,Dependiente,Formal,98,2390000.0,0.092,8.2,Dependiente,9,2274000.0,205,2,1,1,4386000.0,2006000.0,0.457,16513000.0,0.576,Pago total,1886000.0,0,0.0,3,Good
52,Independiente,Informal,14,4138000.0,0.568,1.2,Sin cotizacion,0,0.0,205,4,0,1,12827000.0,7455000.0,0.581,7455000.0,0.15,Pago superior al mínimo,3441000.0,0,0.0,1,Standard
52,Dependiente,Informal,38,2996000.0,0.072,3.2,Sin cotizacion,0,0.0,252,3,0,1,3355000.0,1533000.0,0.457,1533000.0,0.043,Pago superior al mínimo,504000.0,1,5.1,0,Good
52,Dependiente,Formal,67,4243000.0,0.111,5.6,Dependiente,9,4127000.0,114,3,0,1,4653000.0,2799000.0,0.602,2799000.0,0.055,Pago superior al mínimo,834000.0,1,9.9,0,Poor
56,Pensionado,No aplica,89,2979000.0,0.128,7.4,Pensionado,12,3019000.0,163,4,1,1,5227000.0,2369000.0,0.453,5964000.0,0.167,Pago superior al mínimo,488000.0,0,0.0,4,Standard
45,Dependiente,Formal,76,3483000.0,0.173,6.3,Dependiente,10,3448000.0,234,2,2,1,4621000.0,1893000.0,0.41,9677000.0,0.232,Pago superior al mínimo,699000.0,0,0.0,1,Poor
58,Desempleado,No aplica,0,7303000.0,0.774,0.0,Sin cotizacion,0,0.0,377,2,1,0,0.0,0.0,0.0,21566000.0,0.246,No aplica,0.0,2,2.9,0,Poor
53,Dependiente,Formal,138,3466000.0,0.184,11.5,Dependiente,10,3365000.0,201,2,0,0,0.0,0.0,0.0,0.0,0.0,No aplica,0.0,0,0.0,1,Good
35,Dependiente,Informal,1,1795000.0,0.166,0.1,Sin cotizacion,0,0.0,95,3,1,1,2151000.0,1026000.0,0.477,4048000.0,0.188,Pago superior al mínimo,261000.0,0,0.0,1,Standard
42,Desempleado,No aplica,0,663000.0,0.206,0.0,Sin cotizacion,0,0.0,188,1,0,0,0.0,0.0,0.0,0.0,0.0,No aplica,0.0,0,0.0,1,Poor
31,Dependiente,Informal,36,3553000.0,0.118,3.0,Sin cotizacion,0,0.0,80,2,2,1,4765000.0,1607000.0,0.337,15240000.0,0.357,Pago total,1309000.0,1,12.0,3,Poor
46,Cuenta propia,Informal,25,4222000.0,0.284,2.1,Sin cotizacion,0,0.0,71,4,1,1,6861000.0,2417000.0,0.352,9435000.0,0.186,Pago mínimo,122000.0,0,0.0,2,Good
47,Dependiente,Formal,106,6757000.0,0.075,8.8,Dependiente,11,6887000.0,127,4,1,1,11777000.0,549000.0,0.047,16709000.0,0.206,Pago total,545000.0,1,7.9,0,Standard
28,Cuenta propia,Informal,44,690000.0,0.905,3.7,Sin cotizacion,0,0.0,43,1,0,0,0.0,0.0,0.0,0.0,0.0,No aplica,0.0,0,0.0,0,Poor
38,Dependiente,Formal,37,3410000.0,0.336,3.1,Dependiente,7,3461000.0,160,2,1,1,4796000.0,2047000.0,0.427,11575000.0,0.283,Pago total,1989000.0,2,4.8,1,Good
43,Dependiente,Formal,73,4408000.0,0.043,6.1,Dependiente,11,4185000.0,244,4,1,0,0.0,0.0,0.0,8769000.0,0.166,No aplica,0.0,2,10.3,2,Good
39,Independiente,Formal,53,6440000.0,0.543,4.4,Independiente,2,2600000.0,223,5,2,0,0.0,0.0,0.0,16148000.0,0.209,No aplica,0.0,0,0.0,4,Poor
29,Cuenta propia,Informal,13,2735000.0,0.65,1.1,Sin cotizacion,0,0.0,75,1,0,1,1787000.0,1061000.0,0.594,1061000.0,0.032,Pago superior al mínimo,518000.0,0,0.0,1,Standard
37,Cuenta propia,Formal,115,1140000.0,0.268,9.6,Independiente,7,397000.0,163,2,0,1,1803000.0,866000.0,0.48,866000.0,0.063,Pago superior al mínimo,418000.0,4,37.1,0,Poor
44,Cuenta propia,Informal,38,3186000.0,0.875,3.2,Sin cotizacion,0,0.0,302,2,1,1,1616000.0,699000.0,0.433,13217000.0,0.346,Pago superior al mínimo,271000.0,0,0.0,1,Standard
57,Pensionado,No aplica,219,2889000.0,0.111,18.2,Pensionado,12,2990000.0,143,2,0,1,2927000.0,874000.0,0.299,874000.0,0.025,Pago total,805000.0,2,13.3,1,Standard
30,Dependiente,Formal,55,3815000.0,0.109,4.6,Dependiente,11,4003000.0,106,1,0,0,0.0,0.0,0.0,0.0,0.0,No aplica,0.0,0,0.0,0,Poor
20,Dependiente,Formal,24,1786000.0,0.269,2.0,Dependiente,11,1765000.0,10,3,0,0,0.0,0.0,0.0,0.0,0.0,No aplica,0.0,0,0.0,0,Standard
29,Dependiente,Formal,115,2146000.0,0.035,9.6,Dependiente,12,2237000.0,107,2,1,1,2257000.0,1318000.0,0.584,5197000.0,0.202,Pago superior al mínimo,599000.0,0,0.0,0,Standard
55,Dependiente,Formal,62,9019000.0,0.096,5.2,Dependiente,5,8746000.0,275,3,1,1,9161000.0,4125000.0,0.45,49620000.0,0.458,Pago total,4081000.0,2,16.8,0,Standard
39,Dependiente,Formal,60,5686000.0,0.105,5.0,Dependiente,11,5654000.0,225,5,3,1,10900000.0,3443000.0,0.316,20723000.0,0.304,Pago total,3160000.0,0,0.0,1,Standard
42,Dependiente,Formal,102,3657000.0,0.023,8.5,Dependiente,10,3571000.0,159,2,0,1,3310000.0,788000.0,0.238,788000.0,0.018,Pago total,649000.0,0,0.0,1,Good
52,Dependiente,Formal,69,3908000.0,0.158,5.8,Dependiente,11,3904000.0,169,1,1,0,0.0,0.0,0.0,5668000.0,0.121,No aplica,0.0,1,6.2,1,Standard
39,Independiente,Formal,89,17100000.0,0.556,7.4,Independiente,7,6885000.0,182,4,2,1,40000000.0,13906000.0,0.348,41547000.0,0.202,Pago superior al mínimo,3330000.0,2,1.7,1,Poor
29,Dependiente,Formal,103,3335000.0,0.147,8.6,Dependiente,12,3335000.0,118,1,0,1,2761000.0,714000.0,0.259,714000.0,0.018,Pago total,665000.0,0,0.0,0,Good
35,Dependiente,Formal,65,3317000.0,0.109,5.4,Dependiente,11,3305000.0,47,3,1,0,0.0,0.0,0.0,10515000.0,0.264,No aplica,0.0,0,0.0,1,Standard
52,Dependiente,Formal,49,2792000.0,0.037,4.1,Dependiente,12,2806000.0,369,1,0,0,0.0,0.0,0.0,0.0,0.0,No aplica,0.0,0,0.0,2,Good
44,Cuenta propia,Informal,6,1887000.0,0.46,0.5,Sin cotizacion,0,0.0,125,3,0,1,3809000.0,1649000.0,0.433,1649000.0,0.073,Pago superior al mínimo,370000.0,1,10.8,1,Standard
52,Independiente,Formal,49,1477000.0,0.094,4.1,Independiente,12,665000.0,246,1,0,1,5026000.0,1365000.0,0.272,1365000.0,0.077,Pago total,1259000.0,0,0.0,1,Good
28,Independiente,Formal,35,5008000.0,0.295,2.9,Independiente,12,1603000.0,24,3,0,1,3763000.0,1006000.0,0.267,1006000.0,0.017,Pago total,999000.0,1,2.5,2,Good
34,Dependiente,Formal,78,6094000.0,0.293,6.5,Dependiente,11,6562000.0,163,3,1,1,6602000.0,5556000.0,0.842,21527000.0,0.294,Pago superior al mínimo,1117000.0,0,0.0,2,Standard
60,Independiente,Informal,18,7623000.0,0.344,1.5,Sin cotizacion,0,0.0,336,5,1,1,9823000.0,6108000.0,0.622,27984000.0,0.306,Pago superior al mínimo,1562000.0,1,11.6,2,Standard
38,Dependiente,Formal,34,2632000.0,0.157,2.8,Dependiente,12,2595000.0,126,4,1,1,4140000.0,1395000.0,0.337,5546000.0,0.176,Pago superior al mínimo,674000.0,3,15.8,2,Standard
40,Dependiente,Formal,30,1312000.0,0.202,2.5,Dependiente,8,1308000.0,172,1,0,0,0.0,0.0,0.0,0.0,0.0,No aplica,0.0,0,0.0,0,Good
34,Dependiente,Formal,68,4028000.0,0.269,5.7,Dependiente,6,4242000.0,156,3,0,1,5083000.0,1165000.0,0.229,1165000.0,0.024,Pago total,1046000.0,0,0.0,0,Poor
26,Dependiente,Informal,38,4457000.0,0.225,3.2,Sin cotizacion,0,0.0,37,3,0,1,6115000.0,3683000.0,0.602,3683000.0,0.069,Pago total,3158000.0,1,1.2,0,Poor
30,Dependiente,Formal,33,1606000.0,0.163,2.8,Dependiente,11,1645000.0,119,2,1,0,0.0,0.0,0.0,5312000.0,0.276,No aplica,0.0,0,0.0,0,Standard
41,Desempleado,No aplica,0,0.0,0.931,0.0,Sin cotizacion,0,0.0,99,1,1,0,0.0,0.0,0.0,0.0,0.0,No aplica,0.0,3,20.0,0,Standard
41,Desempleado,No aplica,0,733000.0,0.919,0.0,Sin cotizacion,0,0.0,209,2,0,0,0.0,0.0,0.0,0.0,0.0,No aplica,0.0,0,0.0,1,Standard
29,Dependiente,Formal,32,1502000.0,0.105,2.7,Dependiente,12,1534000.0,57,1,0,1,2220000.0,399000.0,0.18,399000.0,0.022,Pago total,339000.0,0,0.0,0,Good
49,Dependiente,Formal,36,2855000.0,0.243,3.0,Dependiente,11,2997000.0,144,3,1,1,2570000.0,855000.0,0.333,4866000.0,0.142,Pago total,832000.0,1,10.8,1,Poor
38,Dependiente,Informal,23,1806000.0,0.339,1.9,Sin cotizacion,0,0.0,130,2,1,1,2842000.0,939000.0,0.33,13487000.0,0.622,Pago superior al mínimo,309000.0,1,6.7,1,Good
38,Dependiente,Formal,73,1545000.0,0.182,6.1,Dependiente,9,1535000.0,210,3,1,0,0.0,0.0,0.0,3156000.0,0.17,No aplica,0.0,1,6.4,1,Good
25,Cuenta propia,Informal,24,3819000.0,0.443,2.0,Sin cotizacion,0,0.0,56,3,1,1,7508000.0,3597000.0,0.479,12280000.0,0.268,Pago total,3335000.0,1,3.9,1,Poor
33,Dependiente,Formal,45,6882000.0,0.058,3.8,Dependiente,11,7135000.0,147,4,2,0,0.0,0.0,0.0,48871000.0,0.592,No aplica,0.0,1,2.3,2,Poor
45,Independiente,Formal,59,4367000.0,0.637,4.9,Independiente,3,1527000.0,237,5,1,0,0.0,0.0,0.0,5342000.0,0.102,No aplica,0.0,1,5.8,0,Good
53,Dependiente,Formal,79,5540000.0,0.471,6.6,Dependiente,10,5633000.0,281,5,3,0,0.0,0.0,0.0,32965000.0,0.496,No aplica,0.0,1,3.9,1,Standard
30,Desempleado,No aplica,0,1311000.0,0.465,0.0,Sin cotizacion,0,0.0,53,2,0,0,0.0,0.0,0.0,0.0,0.0,No aplica,0.0,0,0.0,1,Poor
37,Dependiente,Formal,57,2529000.0,0.134,4.8,Dependiente,9,2586000.0,69,2,0,0,0.0,0.0,0.0,0.0,0.0,No aplica,0.0,0,0.0,1,Standard
18,Desempleado,No aplica,0,0.0,0.71,0.0,Sin cotizacion,0,0.0,0,0,0,0,0.0,0.0,0.0,0.0,0.0,No aplica,0.0,0,0.0,0,Standard
48,Dependiente,Formal,98,1185000.0,0.157,8.2,Dependiente,6,1239000.0,128,3,2,0,0.0,0.0,0.0,3037000.0,0.214,No aplica,0.0,2,21.7,3,Poor
40,Independiente,Informal,55,2162000.0,0.337,4.6,Sin cotizacion,0,0.0,103,3,0,1,3762000.0,556000.0,0.148,556000.0,0.021,Pago superior al mínimo,163000.0,1,3.7,0,Good
32,Dependiente,Formal,52,4487000.0,0.188,4.3,Dependiente,9,4614000.0,92,3,1,0,0.0,0.0,0.0,4062000.0,0.075,No aplica,0.0,1,4.7,2,Poor
58,Dependiente,Formal,98,4441000.0,0.093,8.2,Dependiente,12,4477000.0,215,3,0,1,11092000.0,8681000.0,0.783,8681000.0,0.163,Pago superior al mínimo,3156000.0,1,3.7,4,Good
32,Cuenta propia,Informal,39,3387000.0,0.217,3.2,Sin cotizacion,0,0.0,13,3,0,1,3093000.0,544000.0,0.176,544000.0,0.013,Pago superior al mínimo,239000.0,0,0.0,0,Good
33,Cuenta propia,Informal,72,1302000.0,0.551,6.0,Sin cotizacion,0,0.0,153,3,2,0,0.0,0.0,0.0,7394000.0,0.473,No aplica,0.0,1,3.0,0,Standard
35,Cuenta propia,Informal,18,300000.0,0.343,1.5,Sin cotizacion,0,0.0,36,1,0,1,682000.0,131000.0,0.192,131000.0,0.036,Pago total,114000.0,0,0.0,1,Good
24,Independiente,Formal,72,6949000.0,0.282,6.0,Independiente,10,2691000.0,22,4,1,1,16393000.0,10906000.0,0.665,13451000.0,0.161,Pago superior al mínimo,3483000.0,1,6.3,3,Good
50,Cuenta propia,Informal,6,3930000.0,0.763,0.5,Sin cotizacion,0,0.0,238,2,2,1,4039000.0,1919000.0,0.475,7711000.0,0.164,Pago mínimo,181000.0,4,20.0,1,Poor
48,Dependiente,Formal,47,8083000.0,0.046,3.9,Dependiente,5,7977000.0,219,4,1,1,10716000.0,3604000.0,0.336,29953000.0,0.309,Pago total,3315000.0,1,6.4,3,Standard
33,Dependiente,Formal,26,3536000.0,0.271,2.2,Dependiente,10,3491000.0,131,2,1,0,0.0,0.0,0.0,2636000.0,0.062,No aplica,0.0,2,10.5,1,Standard
46,Dependiente,Formal,149,4720000.0,0.129,12.4,Dependiente,12,4475000.0,320,3,1,1,3246000.0,1202000.0,0.37,7576000.0,0.134,Pago total,1035000.0,0,0.0,3,Good
40,Independiente,Formal,106,18516000.0,0.266,8.8,Independiente,12,8698000.0,141,4,1,0,0.0,0.0,0.0,43831000.0,0.197,No aplica,0.0,2,3.5,0,Good
39,Dependiente,Formal,90,1586000.0,0.119,7.5,Dependiente,12,1649000.0,126,1,0,0,0.0,0.0,0.0,0.0,0.0,No aplica,0.0,0,0.0,1,Good
35,Dependiente,Formal,125,4271000.0,0.067,10.4,Dependiente,3,4314000.0,125,3,0,1,4365000.0,1383000.0,0.317,1383000.0,0.027,Pago superior al mínimo,462000.0,2,1.0,0,Poor
31,Independiente,Informal,22,6142000.0,0.405,1.8,Sin cotizacion,0,0.0,120,2,0,0,0.0,0.0,0.0,0.0,0.0,No aplica,0.0,0,0.0,0,Poor
24,Cuenta propia,Informal,7,2068000.0,0.608,0.6,Sin cotizacion,0,0.0,46,2,2,0,0.0,0.0,0.0,11485000.0,0.463,No aplica,0.0,1,9.4,1,Poor
36,Dependiente,Formal,67,3641000.0,0.12,5.6,Dependiente,9,3760000.0,129,4,0,1,3778000.0,547000.0,0.145,547000.0,0.013,Pago superior al mínimo,199000.0,2,3.1,2,Standard
60,Dependiente,Formal,27,2047000.0,0.083,2.2,Dependiente,8,2109000.0,287,2,1,0,0.0,0.0,0.0,5706000.0,0.232,No aplica,0.0,2,2.7,2,Good
19,Dependiente,Formal,12,5589000.0,0.231,1.0,Dependiente,10,5367000.0,7,3,0,1,7961000.0,4791000.0,0.602,4791000.0,0.071,Pago superior al mínimo,1468000.0,1,8.5,0,Good
53,Dependiente,Formal,154,6455000.0,0.069,12.8,Dependiente,11,6619000.0,153,2,2,1,5171000.0,1524000.0,0.295,41611000.0,0.537,Pago superior al mínimo,308000.0,2,7.2,1,Good
38,Dependiente,Formal,65,6429000.0,0.268,5.4,Dependiente,8,6756000.0,49,2,0,0,0.0,0.0,0.0,0.0,0.0,No aplica,0.0,0,0.0,0,Standard
51,Independiente,Formal,147,4349000.0,0.539,12.2,Independiente,12,1622000.0,273,3,1,1,3759000.0,180000.0,0.048,4538000.0,0.087,Pago total,154000.0,0,0.0,0,Good
52,Independiente,Informal,11,2311000.0,0.361,0.9,Sin cotizacion,0,0.0,119,2,1,1,2321000.0,965000.0,0.416,7395000.0,0.267,Pago total,929000.0,0,0.0,1,Standard
20,Cuenta propia,Informal,24,1686000.0,0.734,2.0,Sin cotizacion,0,0.0,9,3,0,0,0.0,0.0,0.0,0.0,0.0,No aplica,0.0,0,0.0,0,Standard
34,Dependiente,Formal,70,7429000.0,0.185,5.8,Dependiente,12,6973000.0,170,3,1,0,0.0,0.0,0.0,10924000.0,0.123,No aplica,0.0,1,9.8,2,Good
43,Cuenta propia,Informal,27,1834000.0,0.445,2.2,Sin cotizacion,0,0.0,80,1,1,1,1352000.0,982000.0,0.726,1626000.0,0.074,Pago mínimo,77000.0,0,0.0,0,Good
62,Independiente,Informal,24,8934000.0,0.267,2.0,Sin cotizacion,0,0.0,250,3,1,1,8118000.0,2285000.0,0.281,54244000.0,0.506,Pago total,2204000.0,0,0.0,1,Poor
53,Dependiente,Formal,83,3734000.0,0.147,6.9,Dependiente,10,3560000.0,328,1,0,0,0.0,0.0,0.0,0.0,0.0,No aplica,0.0,0,0.0,1,Standard
29,Cuenta propia,Informal,56,1038000.0,0.563,4.7,Sin cotizacion,0,0.0,12,3,1,0,0.0,0.0,0.0,1553000.0,0.125,No aplica,0.0,1,26.5,2,Poor
43,Dependiente,Formal,65,1492000.0,0.07,5.4,Dependiente,11,1486000.0,122,1,0,1,4358000.0,1363000.0,0.313,1363000.0,0.076,Pago superior al mínimo,440000.0,0,0.0,0,Good
31,Dependiente,Formal,120,4330000.0,0.143,10.0,Dependiente,11,4119000.0,109,2,2,1,4237000.0,1615000.0,0.381,18944000.0,0.365,Pago superior al mínimo,743000.0,1,1.6,0,Good
45,Cuenta propia,Informal,6,3842000.0,0.252,0.5,Sin cotizacion,0,0.0,33,2,1,1,8813000.0,3900000.0,0.443,8450000.0,0.183,Pago superior al mínimo,1219000.0,1,13.2,2,Poor
43,Dependiente,Formal,102,2264000.0,0.121,8.5,Dependiente,11,2248000.0,176,3,1,0,0.0,0.0,0.0,6365000.0,0.234,No aplica,0.0,0,0.0,0,Good
23,Independiente,Informal,60,6781000.0,0.267,5.0,Sin cotizacion,0,0.0,28,3,1,1,10049000.0,4834000.0,0.481,15171000.0,0.186,Pago total,4150000.0,0,0.0,5,Standard
37,Dependiente,Informal,14,1143000.0,0.363,1.2,Sin cotizacion,0,0.0,177,1,0,0,0.0,0.0,0.0,0.0,0.0,No aplica,0.0,0,0.0,0,Poor
44,Independiente,Informal,98,4811000.0,0.242,8.2,Sin cotizacion,0,0.0,223,4,0,1,7843000.0,4090000.0,0.521,4090000.0,0.071,Pago superior al mínimo,1110000.0,0,0.0,1,Poor
31,Dependiente,Formal,111,4702000.0,0.136,9.2,Dependiente,12,4579000.0,97,4,1,1,5348000.0,2427000.0,0.454,8157000.0,0.145,Pago superior al mínimo,706000.0,0,0.0,1,Good
65,Dependiente,Formal,59,6467000.0,0.101,4.9,Dependiente,8,6467000.0,451,3,1,1,4771000.0,258000.0,0.054,66822000.0,0.861,Pago total,217000.0,0,0.0,1,Good
54,Independiente,Formal,54,1225000.0,0.472,4.5,Independiente,11,465000.0,128,2,2,0,0.0,0.0,0.0,782000.0,0.053,No aplica,0.0,0,0.0,0,Standard
42,Dependiente,Formal,53,6080000.0,0.159,4.4,Dependiente,7,6071000.0,172,3,0,0,0.0,0.0,0.0,0.0,0.0,No aplica,0.0,0,0.0,1,Good
42,Dependiente,Formal,60,3525000.0,0.033,5.0,Dependiente,10,3610000.0,85,2,1,1,9968000.0,5559000.0,0.558,10555000.0,0.25,Pago superior al mínimo,2363000.0,1,2.2,1,Poor
40,Dependiente,Formal,86,3163000.0,0.199,7.2,Dependiente,11,3042000.0,107,3,2,1,2642000.0,1277000.0,0.483,15607000.0,0.411,Pago superior al mínimo,632000.0,2,7.7,2,Standard
33,Dependiente,Informal,19,3684000.0,0.068,1.6,Sin cotizacion,0,0.0,95,1,0,1,5397000.0,3794000.0,0.703,3794000.0,0.086,Pago superior al mínimo,1211000.0,0,0.0,1,Standard
44,Dependiente,Formal,65,5914000.0,0.106,5.4,Dependiente,4,5981000.0,151,4,1,1,9218000.0,4146000.0,0.45,9569000.0,0.135,Pago total,3593000.0,0,0.0,1,Standard
43,Dependiente,Informal,10,871000.0,0.468,0.8,Sin cotizacion,0,0.0,132,2,0,0,0.0,0.0,0.0,0.0,0.0,No aplica,0.0,0,0.0,0,Standard
21,Desempleado,No aplica,0,1756000.0,0.678,0.0,Sin cotizacion,0,0.0,22,4,3,0,0.0,0.0,0.0,6436000.0,0.305,No aplica,0.0,1,9.6,1,Poor
50,Dependiente,Formal,93,2301000.0,0.03,7.8,Dependiente,7,2223000.0,359,2,0,0,0.0,0.0,0.0,0.0,0.0,No aplica,0.0,0,0.0,0,Good
44,Dependiente,Formal,72,4164000.0,0.131,6.0,Dependiente,7,4163000.0,193,3,1,1,2281000.0,1541000.0,0.676,11273000.0,0.226,Pago superior al mínimo,603000.0,0,0.0,2,Poor
37,Dependiente,Formal,29,4516000.0,0.102,2.4,Dependiente,10,4501000.0,93,3,2,0,0.0,0.0,0.0,3452000.0,0.064,No aplica,0.0,0,0.0,1,Good
51,Dependiente,Formal,95,4507000.0,0.225,7.9,Dependiente,11,4571000.0,148,4,2,0,0.0,0.0,0.0,47001000.0,0.869,No aplica,0.0,4,15.2,2,Good
45,Cuenta propia,Informal,9,996000.0,0.558,0.8,Sin cotizacion,0,0.0,225,1,0,0,0.0,0.0,0.0,0.0,0.0,No aplica,0.0,0,0.0,1,Poor
36,Dependiente,Formal,90,5734000.0,0.114,7.5,Dependiente,12,5776000.0,127,3,2,0,0.0,0.0,0.0,25778000.0,0.375,No aplica,0.0,2,1.9,3,Standard
53,Desempleado,No aplica,0,0.0,0.876,0.0,Sin cotizacion,0,0.0,103,2,1,0,0.0,0.0,0.0,0.0,0.0,No aplica,0.0,3,21.1,1,Poor
39,Dependiente,Formal,71,3853000.0,0.062,5.9,Dependiente,9,4044000.0,165,2,1,1,2902000.0,1279000.0,0.441,8845000.0,0.191,Pago superior al mínimo,421000.0,1,3.1,0,Good
33,Independiente,Informal,39,10129000.0,0.491,3.2,Sin cotizacion,0,0.0,97,2,0,1,17261000.0,5621000.0,0.326,5621000.0,0.046,Pago total,4551000.0,1,4.0,4,Good
38,Dependiente,Formal,54,1881000.0,0.288,4.5,Dependiente,8,1879000.0,158,2,1,0,0.0,0.0,0.0,2554000.0,0.113,No aplica,0.0,2,6.8,2,Poor
24,Cuenta propia,Formal,22,6278000.0,0.732,1.8,Independiente,8,2354000.0,49,3,1,1,9763000.0,3044000.0,0.312,13301000.0,0.177,Pago superior al mínimo,923000.0,0,0.0,2,Standard
41,Independiente,Formal,54,4689000.0,0.508,4.5,Independiente,5,2050000.0,233,4,0,1,6283000.0,1795000.0,0.286,1795000.0,0.032,Pago superior al mínimo,790000.0,2,3.0,1,Good
38,Dependiente,Formal,36,3734000.0,0.18,3.0,Dependiente,5,3783000.0,214,1,1,0,0.0,0.0,0.0,7978000.0,0.178,No aplica,0.0,0,0.0,3,Poor
34,Dependiente,Formal,90,2710000.0,0.057,7.5,Dependiente,11,2806000.0,54,2,0,1,4756000.0,3031000.0,0.637,3031000.0,0.093,Pago superior al mínimo,669000.0,2,5.6,0,Standard
34,Dependiente,Formal,75,2936000.0,0.143,6.2,Dependiente,12,2922000.0,91,3,1,1,3849000.0,1979000.0,0.514,6059000.0,0.172,Pago superior al mínimo,549000.0,1,8.1,1,Poor
25,Cuenta propia,Formal,44,1071000.0,0.422,3.7,Independiente,12,372000.0,62,1,0,0,0.0,0.0,0.0,0.0,0.0,No aplica,0.0,0,0.0,1,Good
36,Dependiente,Formal,47,2302000.0,0.112,3.9,Dependiente,7,2509000.0,15,3,0,0,0.0,0.0,0.0,0.0,0.0,No aplica,0.0,0,0.0,0,Good
49,Dependiente,Formal,138,4885000.0,0.052,11.5,Dependiente,8,4767000.0,172,3,1,1,4455000.0,973000.0,0.218,8571000.0,0.146,Pago total,968000.0,1,5.4,2,Good
37,Independiente,Informal,63,6063000.0,0.281,5.2,Sin cotizacion,0,0.0,60,3,1,0,0.0,0.0,0.0,15812000.0,0.217,No aplica,0.0,2,12.4,2,Standard
39,Dependiente,Formal,71,2277000.0,0.09,5.9,Dependiente,10,2171000.0,121,3,0,1,4059000.0,2292000.0,0.565,2292000.0,0.084,Pago superior al mínimo,653000.0,1,6.4,1,Standard
34,Desempleado,No aplica,0,982000.0,0.644,0.0,Sin cotizacion,0,0.0,121,1,0,0,0.0,0.0,0.0,0.0,0.0,No aplica,0.0,0,0.0,1,Standard
50,Independiente,Formal,126,2552000.0,0.288,10.5,Independiente,8,1094000.0,114,2,0,1,1672000.0,895000.0,0.535,895000.0,0.029,Pago superior al mínimo,408000.0,1,6.6,0,Standard
60,Independiente,Formal,56,3307000.0,0.138,4.7,Independiente,11,1198000.0,319,1,1,1,3272000.0,2499000.0,0.764,5109000.0,0.129,Pago superior al mínimo,1174000.0,1,7.0,0,Good
34,Cuenta propia,Informal,53,1288000.0,0.564,4.4,Sin cotizacion,0,0.0,116,1,1,1,2545000.0,1472000.0,0.578,5177000.0,0.335,Pago superior al mínimo,595000.0,0,0.0,1,Good
59,Dependiente,Formal,44,2570000.0,0.11,3.7,Dependiente,10,2530000.0,318,1,1,0,0.0,0.0,0.0,23711000.0,0.769,No aplica,0.0,0,0.0,0,Standard
30,Dependiente,Formal,48,3158000.0,0.11,4.0,Dependiente,5,3174000.0,37,2,2,1,5815000.0,4268000.0,0.734,51051000.0,1.347,Pago mínimo,416000.0,3,29.4,1,Poor
47,Dependiente,Formal,46,5119000.0,0.106,3.8,Dependiente,9,5090000.0,254,3,1,1,8233000.0,4504000.0,0.547,16904000.0,0.275,Pago total,4464000.0,3,29.1,5,Good
56,Dependiente,Formal,107,4975000.0,0.068,8.9,Dependiente,12,4903000.0,226,3,0,1,15283000.0,11033000.0,0.722,11033000.0,0.185,Pago mínimo,1615000.0,0,0.0,0,Good
41,Independiente,Informal,21,2727000.0,0.496,1.8,Sin cotizacion,0,0.0,142,4,3,0,0.0,0.0,0.0,7264000.0,0.222,No aplica,0.0,0,0.0,0,Good
41,Cuenta propia,Informal,70,2244000.0,0.251,5.8,Sin cotizacion,0,0.0,203,1,0,1,3212000.0,1061000.0,0.33,1061000.0,0.039,Pago total,984000.0,1,6.0,0,Good
25,Dependiente,Formal,56,3004000.0,0.254,4.7,Dependiente,11,3195000.0,45,3,0,1,3830000.0,1629000.0,0.425,1629000.0,0.045,Pago superior al mínimo,690000.0,0,0.0,1,Standard
53,Dependiente,Formal,78,2226000.0,0.157,6.5,Dependiente,12,2216000.0,160,1,0,1,5547000.0,3335000.0,0.601,3335000.0,0.125,Pago mínimo,460000.0,3,20.9,0,Standard
32,Desempleado,No aplica,0,0.0,0.237,0.0,Sin cotizacion,0,0.0,45,2,0,0,0.0,0.0,0.0,0.0,0.0,No aplica,0.0,0,0.0,2,Standard
39,Dependiente,Formal,105,6379000.0,0.068,8.8,Dependiente,10,6150000.0,91,3,0,1,10660000.0,5540000.0,0.52,5540000.0,0.072,Pago superior al mínimo,1286000.0,0,0.0,2,Poor
38,Dependiente,Formal,27,8269000.0,0.1,2.2,Dependiente,11,8592000.0,45,5,1,1,10690000.0,3344000.0,0.313,43981000.0,0.443,Pago superior al mínimo,1236000.0,1,3.7,5,Standard
33,Dependiente,Formal,52,4466000.0,0.147,4.3,Dependiente,8,4337000.0,87,4,2,1,7587000.0,2852000.0,0.376,18636000.0,0.348,Pago total,2774000.0,0,0.0,0,Poor
47,Cuenta propia,Informal,55,1515000.0,0.734,4.6,Sin cotizacion,0,0.0,337,2,1,0,0.0,0.0,0.0,7639000.0,0.42,No aplica,0.0,1,10.5,2,Poor
47,Independiente,Formal,49,4462000.0,0.44,4.1,Independiente,11,1765000.0,29,3,0,1,7742000.0,980000.0,0.127,980000.0,0.018,Pago total,963000.0,1,5.1,0,Good
27,Independiente,Formal,36,3309000.0,0.278,3.0,Independiente,11,1204000.0,79,3,2,0,0.0,0.0,0.0,8057000.0,0.203,No aplica,0.0,0,0.0,2,Good
56,Desempleado,No aplica,0,0.0,0.753,0.0,Sin cotizacion,0,0.0,147,2,1,1,1271000.0,231000.0,0.182,231000.0,2.0,Pago superior al mínimo,115000.0,2,6.1,0,Standard
28,Dependiente,Formal,37,4730000.0,0.145,3.1,Dependiente,7,4770000.0,31,3,1,1,3823000.0,1117000.0,0.292,14052000.0,0.248,Pago total,1057000.0,0,0.0,1,Poor
48,Dependiente,Formal,85,2602000.0,0.015,7.1,Dependiente,8,2606000.0,216,2,0,0,0.0,0.0,0.0,0.0,0.0,No aplica,0.0,0,0.0,1,Good
40,Cuenta propia,Formal,123,2276000.0,0.458,10.2,Independiente,9,908000.0,139,1,0,0,0.0,0.0,0.0,0.0,0.0,No aplica,0.0,0,0.0,2,Good
53,Dependiente,Formal,92,1767000.0,0.007,7.7,Dependiente,11,1778000.0,245,3,1,1,2129000.0,941000.0,0.442,3203000.0,0.151,Pago total,792000.0,0,0.0,1,Good
41,Cuenta propia,Informal,19,6303000.0,0.344,1.6,Sin cotizacion,0,0.0,154,3,0,0,0.0,0.0,0.0,0.0,0.0,No aplica,0.0,0,0.0,1,Good
20,Desempleado,No aplica,0,426000.0,0.657,0.0,Sin cotizacion,0,0.0,16,1,1,0,0.0,0.0,0.0,2886000.0,0.565,No aplica,0.0,1,4.1,0,Standard
33,Independiente,Formal,113,1829000.0,0.514,9.4,Independiente,10,791000.0,97,1,0,1,7269000.0,4307000.0,0.593,4307000.0,0.196,Pago superior al mínimo,1681000.0,2,44.7,2,Poor
37,Independiente,Formal,52,3136000.0,0.538,4.3,Independiente,10,1343000.0,69,3,2,1,10720000.0,8521000.0,0.795,26616000.0,0.707,Pago mínimo,1269000.0,0,0.0,0,Poor
42,Cuenta propia,Informal,18,6139000.0,0.662,1.5,Sin cotizacion,0,0.0,237,4,2,1,6305000.0,3279000.0,0.52,81036000.0,1.1,Pago mínimo,357000.0,3,34.7,0,Poor
55,Desempleado,No aplica,0,738000.0,0.691,0.0,Sin cotizacion,0,0.0,381,1,1,0,0.0,0.0,0.0,705000.0,0.08,No aplica,0.0,2,2.4,0,Standard
36,Dependiente,Formal,72,2658000.0,0.131,6.0,Dependiente,11,2547000.0,27,2,0,1,2891000.0,1448000.0,0.501,1448000.0,0.045,Pago superior al mínimo,457000.0,1,1.5,0,Poor
55,Dependiente,Informal,63,2045000.0,0.054,5.2,Sin cotizacion,0,0.0,119,1,1,1,2984000.0,470000.0,0.158,2789000.0,0.114,Pago total,402000.0,0,0.0,0,Good
42,Dependiente,Formal,66,3093000.0,0.104,5.5,Dependiente,11,3010000.0,182,2,2,1,3539000.0,2243000.0,0.634,74925000.0,2.019,Pago irregular,63000.0,2,2.6,0,Poor
54,Independiente,Formal,74,3855000.0,0.282,6.2,Independiente,10,1685000.0,305,3,2,1,10922000.0,8328000.0,0.762,13752000.0,0.297,Pago irregular,490000.0,2,10.0,2,Poor
56,Independiente,Formal,39,1288000.0,0.156,3.2,Independiente,1,475000.0,224,1,0,0,0.0,0.0,0.0,0.0,0.0,No aplica,0.0,0,0.0,1,Standard
37,Independiente,Informal,14,2297000.0,0.252,1.2,Sin cotizacion,0,0.0,96,1,0,0,0.0,0.0,0.0,0.0,0.0,No aplica,0.0,0,0.0,0,Poor
45,Dependiente,Formal,23,8650000.0,0.069,1.9,Dependiente,8,8820000.0,180,3,1,1,11284000.0,2359000.0,0.209,44216000.0,0.426,Pago superior al mínimo,621000.0,0,0.0,2,Good
52,Independiente,Informal,14,1501000.0,0.696,1.2,Sin cotizacion,0,0.0,84,2,0,1,1729000.0,515000.0,0.298,515000.0,0.029,Pago total,478000.0,0,0.0,0,Good
41,Dependiente,Informal,15,1849000.0,0.268,1.2,Sin cotizacion,0,0.0,174,2,0,0,0.0,0.0,0.0,0.0,0.0,No aplica,0.0,0,0.0,0,Standard
32,Independiente,Formal,75,1732000.0,0.55,6.2,Independiente,9,751000.0,127,3,1,1,1340000.0,745000.0,0.556,4690000.0,0.226,Pago superior al mínimo,289000.0,1,31.9,0,Poor
41,Dependiente,Informal,48,3568000.0,0.07,4.0,Sin cotizacion,0,0.0,32,3,1,0,0.0,0.0,0.0,5415000.0,0.126,No aplica,0.0,2,8.2,1,Good
33,Dependiente,Formal,50,5877000.0,0.202,4.2,Dependiente,12,5491000.0,140,3,1,1,18024000.0,14432000.0,0.801,36884000.0,0.523,Pago mínimo,1103000.0,2,3.8,1,Poor
26,Dependiente,Formal,25,5365000.0,0.093,2.1,Dependiente,12,5278000.0,65,3,0,0,0.0,0.0,0.0,0.0,0.0,No aplica,0.0,0,0.0,2,Standard
48,Independiente,Formal,68,1959000.0,0.461,5.7,Independiente,11,847000.0,335,2,1,1,2504000.0,561000.0,0.224,11842000.0,0.504,Pago total,505000.0,0,0.0,2,Good
46,Dependiente,Formal,124,4901000.0,0.044,10.3,Dependiente,10,4872000.0,255,4,1,1,7586000.0,2653000.0,0.35,12924000.0,0.22,Pago superior al mínimo,1220000.0,0,0.0,0,Good
41,Dependiente,Formal,84,7099000.0,0.086,7.0,Dependiente,9,6984000.0,142,5,2,1,12881000.0,1992000.0,0.155,36141000.0,0.424,Pago superior al mínimo,874000.0,0,0.0,3,Good
42,Desempleado,No aplica,0,0.0,0.755,0.0,Sin cotizacion,0,0.0,50,1,0,0,0.0,0.0,0.0,0.0,0.0,No aplica,0.0,0,0.0,1,Standard
41,Independiente,Informal,16,4150000.0,0.088,1.3,Sin cotizacion,0,0.0,183,5,1,1,5597000.0,1526000.0,0.273,10779000.0,0.216,Pago superior al mínimo,574000.0,0,0.0,1,Standard
49,Desempleado,No aplica,0,0.0,0.784,0.0,Sin cotizacion,0,0.0,112,1,0,1,1305000.0,934000.0,0.716,934000.0,2.0,Pago irregular,50000.0,4,8.7,0,Poor
41,Dependiente,Formal,105,5585000.0,0.028,8.8,Dependiente,10,5771000.0,94,2,1,1,6898000.0,3664000.0,0.531,14308000.0,0.213,Pago total,2957000.0,0,0.0,2,Good
28,Dependiente,Formal,30,5634000.0,0.04,2.5,Dependiente,4,5883000.0,83,4,0,1,10162000.0,3040000.0,0.299,3040000.0,0.045,Pago superior al mínimo,689000.0,0,0.0,1,Poor
39,Cuenta propia,Formal,40,2657000.0,0.278,3.3,Independiente,10,991000.0,178,2,1,1,5032000.0,1599000.0,0.318,3398000.0,0.107,Pago superior al mínimo,500000.0,0,0.0,1,Good
42,Dependiente,Formal,127,2145000.0,0.161,10.6,Dependiente,7,2297000.0,243,1,0,1,905000.0,439000.0,0.485,439000.0,0.017,Pago total,385000.0,0,0.0,0,Standard
38,Independiente,Formal,50,2966000.0,0.681,4.2,Independiente,5,975000.0,108,1,0,1,3999000.0,2074000.0,0.519,2074000.0,0.058,Pago superior al mínimo,600000.0,0,0.0,2,Standard
26,Dependiente,Formal,96,5435000.0,0.268,8.0,Dependiente,11,5107000.0,11,2,1,1,8637000.0,1202000.0,0.139,7376000.0,0.113,Pago total,1118000.0,1,1.9,0,Poor
33,Dependiente,Formal,61,3958000.0,0.335,5.1,Dependiente,4,3886000.0,130,2,0,0,0.0,0.0,0.0,0.0,0.0,No aplica,0.0,0,0.0,1,Good
31,Dependiente,Formal,83,3528000.0,0.052,6.9,Dependiente,11,3481000.0,137,3,2,0,0.0,0.0,0.0,31681000.0,0.748,No aplica,0.0,1,5.5,1,Poor
34,Dependiente,Formal,43,2695000.0,0.087,3.6,Dependiente,11,2664000.0,152,3,1,1,5979000.0,3851000.0,0.644,7687000.0,0.238,Pago irregular,187000.0,1,9.7,3,Standard
58,Dependiente,Formal,80,6812000.0,0.313,6.7,Dependiente,12,6666000.0,277,5,1,1,13869000.0,6085000.0,0.439,13054000.0,0.16,Pago superior al mínimo,2467000.0,0,0.0,2,Poor
48,Dependiente,Formal,66,8431000.0,0.32,5.5,Dependiente,6,8186000.0,93,4,0,1,15362000.0,135000.0,0.009,135000.0,0.001,Pago total,114000.0,0,0.0,2,Good
26,Desempleado,No aplica,0,540000.0,0.704,0.0,Sin cotizacion,0,0.0,82,1,1,0,0.0,0.0,0.0,857000.0,0.132,No aplica,0.0,2,0.9,1,Poor
34,Dependiente,Informal,18,2837000.0,0.258,1.5,Sin cotizacion,0,0.0,163,4,1,0,0.0,0.0,0.0,4832000.0,0.142,No aplica,0.0,0,0.0,2,Standard
51,Independiente,Formal,54,6528000.0,0.415,4.5,Independiente,1,2554000.0,284,4,3,0,0.0,0.0,0.0,15452000.0,0.197,No aplica,0.0,2,11.5,4,Standard
30,Cuenta propia,Informal,10,747000.0,0.365,0.8,Sin cotizacion,0,0.0,32,1,0,0,0.0,0.0,0.0,0.0,0.0,No aplica,0.0,0,0.0,1,Good
51,Independiente,Informal,42,1220000.0,0.402,3.5,Sin cotizacion,0,0.0,311,1,1,0,0.0,0.0,0.0,2193000.0,0.15,No aplica,0.0,1,4.8,0,Good
29,Dependiente,Formal,114,4566000.0,0.242,9.5,Dependiente,12,4458000.0,110,3,0,1,7894000.0,3004000.0,0.381,3004000.0,0.055,Pago total,2405000.0,0,0.0,3,Good
38,Independiente,Informal,20,4930000.0,0.29,1.7,Sin cotizacion,0,0.0,62,5,0,1,14188000.0,5427000.0,0.383,5427000.0,0.092,Pago superior al mínimo,2660000.0,2,12.0,2,Poor
33,Independiente,Informal,31,14886000.0,0.285,2.6,Sin cotizacion,0,0.0,37,4,3,1,40000000.0,25860000.0,0.646,120727000.0,0.676,Pago irregular,1598000.0,1,4.1,1,Poor
27,Independiente,Formal,50,2979000.0,0.453,4.2,Independiente,7,1273000.0,35,2,0,1,3086000.0,1463000.0,0.474,1463000.0,0.041,Pago superior al mínimo,493000.0,2,9.4,0,Good
42,Independiente,Formal,51,1393000.0,0.201,4.2,Independiente,12,559000.0,121,2,2,0,0.0,0.0,0.0,3493000.0,0.209,No aplica,0.0,0,0.0,0,Good
18,Desempleado,No aplica,0,2580000.0,0.851,0.0,Sin cotizacion,0,0.0,0,1,0,0,0.0,0.0,0.0,0.0,0.0,No aplica,0.0,0,0.0,0,Standard
30,Independiente,Informal,6,1082000.0,0.278,0.5,Sin cotizacion,0,0.0,23,1,0,0,0.0,0.0,0.0,0.0,0.0,No aplica,0.0,0,0.0,0,Poor
36,Dependiente,Formal,18,2052000.0,0.185,1.5,Dependiente,8,2034000.0,154,4,1,1,3957000.0,1348000.0,0.341,6401000.0,0.26,Pago superior al mínimo,287000.0,2,6.7,0,Standard
36,Independiente,Informal,61,1582000.0,0.432,5.1,Sin cotizacion,0,0.0,99,1,0,1,1144000.0,891000.0,0.779,891000.0,0.047,Pago superior al mínimo,231000.0,2,21.6,0,Standard
46,Dependiente,Formal,21,2853000.0,0.057,1.8,Dependiente,11,2845000.0,225,3,2,0,0.0,0.0,0.0,69865000.0,2.041,No aplica,0.0,2,7.3,2,Standard
45,Cuenta propia,Informal,35,3244000.0,0.584,2.9,Sin cotizacion,0,0.0,193,4,1,0,0.0,0.0,0.0,5301000.0,0.136,No aplica,0.0,1,3.7,0,Poor
36,Dependiente,Formal,92,2923000.0,0.029,7.7,Dependiente,7,3053000.0,134,2,0,1,6262000.0,5105000.0,0.815,5105000.0,0.146,Pago superior al mínimo,1102000.0,0,0.0,0,Standard
33,Dependiente,Formal,71,1704000.0,0.125,5.9,Dependiente,10,1671000.0,134,2,1,1,1857000.0,979000.0,0.527,2512000.0,0.123,Pago total,877000.0,0,0.0,1,Standard
42,Cuenta propia,Informal,24,4065000.0,0.641,2.0,Sin cotizacion,0,0.0,223,4,2,1,10490000.0,5059000.0,0.482,37299000.0,0.765,Pago superior al mínimo,1341000.0,1,9.4,1,Standard
45,Independiente,Informal,63,763000.0,0.123,5.2,Sin cotizacion,0,0.0,211,1,0,0,0.0,0.0,0.0,0.0,0.0,No aplica,0.0,0,0.0,0,Good
